run_id,num_stories,num_bays_x,num_bays_z,story_height,bay_width_x,bay_width_z,G_k,Q_k,W_k,total_height_m,delta_sway_mm,delta_sway_lim_mm,util_sway,sway_status,beam_M_u_kNm,col_P_u_kN,optimal_beam_sec,optimal_col_sec,beam_mass_kg_m,col_mass_kg_m,beam_util_pct,col_util_pct,total_steel_weight_kg
1,1,1,3,3.41,4.89,6.95,21.92,13.6,2.17,3.41,1.23,6.82,0.1801,Pass,234.61,492.34,UB 406x178x54,UC 203x203x60,54.3,60.0,78.27,85.68,4963.22
2,4,1,1,3.14,4.93,6.41,19.03,11.31,17.53,12.56,92.42,25.12,3.6791,Fail,613.06,1219.85,UB 610x229x101,UC 305x305x118,101.2,118.0,77.41,124.67,15109.18
3,4,1,2,3.88,7.24,4.03,25.15,11.08,8.51,15.52,114.25,31.04,3.6808,Fail,549.03,1705.28,UB 533x210x82,UC 305x305x118,82.2,118.0,96.92,125.51,23429.95
4,2,1,2,3.15,5.52,5.44,13.6,5.44,1.09,6.3,1.82,12.6,0.1444,Pass,78.17,464.13,UB 305x165x40,UC 203x203x46,40.5,46.1,88.3,81.52,4846.5
5,4,3,1,4.46,5.51,6.21,25.74,10.04,21.54,17.84,164.57,35.68,4.6125,Fail,625.16,1753.62,UB 610x229x101,UC 305x305x118,101.2,118.0,78.93,177.33,40278.88
6,5,1,3,3.1,6.65,7.09,29.63,13.12,21.66,15.5,194.53,31.0,6.2752,Fail,1011.44,3507.19,UB 610x229x101,UC 305x305x118,101.2,118.0,127.71,241.43,49616.84
7,4,2,2,3.95,5.46,5.48,10.24,5.47,23.42,15.8,165.08,31.6,5.2239,Fail,684.31,1001.46,UB 610x229x101,UC 305x305x118,101.2,118.0,86.4,176.27,43350.67
8,1,3,3,3.26,6.92,4.65,14.49,14.86,16.0,3.26,3.92,6.52,0.6017,Pass,200.77,508.62,UB 457x191x67,UC 254x254x73,67.1,73.1,77.53,69.82,13129.06
9,5,1,3,3.49,7.07,4.22,25.55,12.47,10.03,17.45,138.89,34.9,3.9798,Fail,655.85,2268.93,UB 610x229x101,UC 305x305x118,101.2,118.0,82.81,154.09,43594.4
10,1,1,3,4.31,5.26,6.62,14.89,13.89,11.47,4.31,15.44,8.62,1.7913,Fail,175.41,414.38,UB 356x171x45,UC 254x254x73,45.0,73.1,82.3,71.64,5254.69
11,3,1,1,4.12,6.16,6.99,15.71,9.59,9.05,12.36,81.97,24.72,3.3158,Fail,406.21,803.08,UB 533x210x82,UC 305x305x118,82.2,118.0,71.71,85.6,12319.5
12,2,3,2,3.14,4.19,4.44,20.69,12.3,10.55,6.28,6.51,12.56,0.5185,Pass,96.39,849.87,UB 305x165x40,UC 203x203x60,40.5,60.0,66.91,94.4,10453.23
13,1,2,2,3.89,5.87,5.01,18.83,14.25,17.01,3.89,10.14,7.78,1.3038,Fail,187.84,575.28,UB 406x178x54,UC 254x254x73,54.3,73.1,83.86,72.86,6103.93
14,1,3,3,4.13,7.07,5.36,12.34,4.06,0.08,4.13,0.09,8.26,0.0113,Pass,108.31,298.43,UB 406x178x54,UC 203x203x46,54.3,46.1,72.64,72.51,11145.68
15,3,3,1,3.76,4.43,6.5,26.04,8.6,4.97,11.28,11.75,22.56,0.5207,Pass,149.16,1120.27,UB 305x165x40,UC 254x254x89,40.5,89.0,86.79,81.6,14419.83
16,3,1,3,4.43,7.69,7.67,19.97,8.35,2.8,13.29,36.76,26.58,1.3832,Fail,241.8,1425.24,UB 533x210x82,UC 305x305x97,82.2,96.9,63.55,94.14,29236.36
17,3,2,1,3.09,7.51,7.79,7.14,8.32,1.73,9.27,3.87,18.54,0.2085,Pass,121.1,774.89,UB 406x178x54,UC 203x203x60,54.3,60.0,82.07,96.21,12037.69
18,5,1,1,3.99,7.79,4.66,18.19,9.89,24.11,19.95,554.1,39.9,13.8873,Fail,1742.92,1813.24,UB 610x229x101,UC 305x305x118,101.2,118.0,220.07,310.32,22015.8
19,5,3,3,3.3,5.25,7.98,21.25,7.7,12.94,16.5,49.19,33.0,1.4906,Fail,287.33,2710.7,UB 406x178x54,UC 305x305x118,54.3,118.0,95.86,128.52,74255.34
20,1,1,1,3.1,4.08,6.22,19.71,2.09,17.7,3.1,6.57,6.2,1.0595,Fail,89.19,171.94,UB 254x146x31,UC 203x203x46,31.1,46.1,81.9,79.9,1212.3
21,1,1,1,4.36,7.44,4.28,10.95,10.7,5.36,4.36,8.55,8.72,0.9801,Pass,126.71,186.84,UB 457x191x67,UC 203x203x60,67.1,60.0,71.08,86.14,2619.22
22,2,3,3,3.86,4.97,5.89,15.18,3.23,16.47,7.72,22.68,15.44,1.4689,Fail,146.39,572.61,UB 305x165x40,UC 254x254x73,40.5,73.1,85.17,90.84,19585.23
23,3,2,2,3.7,6.92,6.69,29.6,3.28,10.07,11.1,39.0,22.2,1.7566,Fail,283.55,1938.07,UB 457x191x67,UC 305x305x118,67.1,118.0,86.86,97.23,28226.36
24,3,1,1,3.29,6.15,4.56,9.59,8.01,21.86,9.87,91.44,19.74,4.6324,Fail,554.79,556.83,UB 533x210x82,UC 305x305x118,82.2,118.0,97.93,105.13,9940.81
25,1,2,3,3.15,6.61,6.16,5.37,3.21,18.84,3.15,5.45,6.3,0.8644,Pass,70.13,164.35,UB 305x165x40,UC 203x203x46,40.5,46.1,68.33,62.59,6129.54
26,2,1,2,3.73,4.85,5.6,6.47,6.93,24.63,7.46,69.0,14.92,4.6248,Fail,430.76,454.76,UB 533x210x82,UC 305x305x118,82.2,118.0,76.04,91.93,11356.26
27,3,2,2,3.63,7.83,7.98,18.89,11.34,3.87,10.89,15.14,21.78,0.6951,Pass,267.7,2127.3,UB 533x210x82,UC 305x305x118,82.2,118.0,71.6,93.31,34957.66
28,3,1,1,3.87,6.17,6.99,6.43,9.59,12.57,11.61,91.82,23.22,3.9544,Fail,454.58,578.89,UB 533x210x82,UC 305x305x118,82.2,118.0,80.24,88.94,11970.43
29,5,1,1,4.44,4.32,4.74,19.88,10.78,5.88,22.2,145.81,44.4,3.284,Fail,554.82,1276.0,UB 533x210x82,UC 305x305x118,82.2,118.0,97.94,118.16,17925.72
30,1,3,1,3.87,4.16,4.33,21.43,9.35,7.91,3.87,3.05,7.74,0.3943,Pass,78.87,280.82,UB 305x165x40,UC 203x203x46,40.5,46.1,61.1,59.94,3139.6
31,3,1,3,4.07,4.95,5.58,21.79,5.9,7.9,12.21,61.63,24.42,2.5237,Fail,340.3,1055.14,UB 457x191x67,UC 305x305x118,67.1,118.0,85.34,83.42,22251.5
32,1,1,2,3.93,6.25,4.4,18.44,8.58,3.31,3.93,3.4,7.86,0.4331,Pass,98.88,315.83,UB 406x178x54,UC 203x203x60,54.3,60.0,82.68,79.17,3388.61
33,3,1,1,3.55,4.63,7.33,22.59,9.95,24.68,10.65,115.82,21.3,5.4375,Fail,741.04,1086.93,UB 610x229x101,UC 305x305x118,101.2,118.0,93.57,148.04,12288.91
34,5,1,3,4.23,5.2,6.65,28.47,3.75,2.89,21.15,65.03,42.3,1.5373,Fail,287.41,2187.39,UB 406x178x54,UC 305x305x118,54.3,118.0,95.88,106.18,36445.65
35,1,3,3,3.23,5.13,4.84,13.57,10.94,21.32,3.23,4.47,6.46,0.6917,Pass,101.91,364.77,UB 305x165x40,UC 203x203x46,40.5,46.1,91.24,82.61,7227.87
36,5,2,2,4.36,7.38,4.37,15.59,5.6,0.09,21.8,1.64,43.6,0.0375,Pass,145.39,1769.14,UB 457x191x67,UC 305x305x97,67.1,96.9,67.9,92.21,42664.53
37,2,3,2,3.24,5.77,6.82,19.02,3.45,23.63,6.48,18.47,12.96,1.4251,Fail,164.27,822.32,UB 356x171x45,UC 254x254x89,45.0,89.0,83.61,82.42,16504.74
38,2,3,1,4.25,6.33,4.59,8.19,6.01,22.47,8.5,47.96,17.0,2.821,Fail,225.72,356.48,UB 406x178x54,UC 254x254x89,54.3,89.0,75.3,97.15,12170.52
39,1,2,1,4.02,6.67,5.41,19.0,13.37,24.35,4.02,17.06,8.04,2.122,Fail,242.34,457.4,UB 457x191x67,UC 254x254x73,67.1,73.1,76.57,84.71,4642.43
40,2,1,1,4.46,7.24,7.53,5.62,11.58,8.3,8.92,52.49,17.84,2.9424,Fail,260.71,409.66,UB 406x178x54,UC 254x254x89,54.3,89.0,86.98,84.66,6383.56
41,4,3,3,4.22,5.07,7.15,7.7,13.34,21.46,16.88,129.99,33.76,3.8504,Fail,531.67,1540.69,UB 533x210x82,UC 305x305x118,82.2,118.0,93.85,155.84,80084.67
42,2,1,2,3.52,7.28,7.49,10.57,10.58,9.96,7.04,27.79,14.08,1.9735,Fail,226.23,738.8,UB 457x191x67,UC 254x254x89,67.1,89.0,65.05,82.3,10710.92
43,3,1,2,3.53,6.04,6.72,26.09,6.3,0.69,10.59,3.69,21.18,0.1742,Pass,199.2,1376.93,UB 406x178x54,UC 254x254x89,54.3,89.0,89.45,89.59,12985.56
44,3,1,3,4.44,5.06,4.43,15.86,11.47,7.84,13.32,83.79,26.64,3.1454,Fail,396.9,948.73,UB 457x191x67,UC 305x305x118,67.1,118.0,99.54,90.11,21998.95
45,5,3,1,3.58,6.31,5.02,22.72,2.02,23.14,17.9,128.06,35.8,3.5772,Fail,547.78,1511.83,UB 533x210x82,UC 305x305x118,82.2,118.0,96.7,152.1,40710.94
46,5,3,3,4.41,6.95,4.79,15.78,14.34,23.02,22.05,275.58,44.1,6.249,Fail,836.47,2574.41,UB 610x229x101,UC 305x305x118,101.2,118.0,105.62,245.05,112915.68
47,5,2,3,4.27,6.88,5.2,12.73,7.31,10.06,21.35,153.46,42.7,3.5938,Fail,490.29,1735.42,UB 533x210x82,UC 305x305x118,82.2,118.0,86.55,149.06,72087.84
48,3,3,1,3.29,6.66,5.52,23.7,4.26,14.23,9.87,25.32,19.74,1.2827,Fail,222.49,1101.83,UB 457x191x67,UC 254x254x89,67.1,89.0,65.85,95.13,19516.09
49,4,3,1,3.46,4.84,7.14,20.17,6.19,11.04,13.84,32.5,27.68,1.1743,Fail,209.81,1241.02,UB 356x171x45,UC 305x305x97,45.0,96.9,98.44,90.07,21096.77
50,2,3,2,4.19,7.84,6.94,21.47,5.69,16.6,8.38,37.0,16.76,2.2076,Fail,273.64,1174.73,UB 533x210x82,UC 305x305x97,82.2,96.9,64.58,90.2,30471.82
51,5,2,1,4.23,7.0,6.69,10.62,4.59,0.61,21.15,9.15,42.3,0.2164,Pass,105.93,1114.38,UB 406x178x54,UC 254x254x73,54.3,73.1,65.39,87.13,22327.4
52,2,2,3,4.27,4.29,5.66,20.74,4.53,17.41,8.54,45.97,17.08,2.6913,Fail,247.52,723.99,UB 406x178x54,UC 305x305x97,54.3,96.9,82.58,95.77,19189.55
53,4,2,1,3.22,6.75,7.57,26.51,13.51,19.46,12.88,75.82,25.76,2.9432,Fail,470.74,2403.16,UB 533x210x82,UC 305x305x118,82.2,118.0,83.1,149.14,25463.69
54,2,1,3,3.78,4.2,5.0,26.21,7.93,20.04,7.56,55.55,15.12,3.6742,Fail,389.56,814.83,UB 457x191x67,UC 305x305x118,67.1,118.0,97.69,91.19,13417.2
55,5,3,3,3.48,7.02,5.77,25.38,13.6,10.67,17.4,57.07,34.8,1.64,Fail,356.08,3555.55,UB 533x210x82,UC 305x305x118,82.2,118.0,66.54,150.74,95931.48
56,5,2,1,4.12,5.9,5.04,11.18,10.29,19.15,20.6,238.54,41.2,5.7897,Fail,815.52,1293.9,UB 610x229x101,UC 305x305x118,101.2,118.0,102.97,206.62,34177.12
57,5,2,3,3.36,5.76,6.85,10.86,6.37,22.33,16.8,135.84,33.6,4.0427,Fail,620.24,1551.21,UB 610x229x101,UC 305x305x118,101.2,118.0,78.31,174.13,78300.18
58,1,1,1,3.35,6.78,6.83,6.61,7.3,13.57,3.35,8.11,6.7,1.2109,Fail,101.64,145.35,UB 356x171x45,UC 203x203x46,45.0,46.1,83.97,87.36,1842.64
59,4,1,1,4.25,5.56,7.08,28.65,2.25,22.02,17.0,348.54,34.0,10.2513,Fail,1374.14,1642.42,UB 610x229x101,UC 305x305x118,101.2,118.0,173.5,256.06,18257.34
60,5,2,2,3.01,5.41,7.01,26.34,14.39,10.48,15.05,42.38,30.1,1.4078,Fail,302.59,3649.7,UB 457x191x67,UC 305x305x118,67.1,118.0,75.89,150.24,40984.56
61,5,3,1,3.73,5.09,5.94,14.72,10.7,19.95,18.65,114.41,37.3,3.0674,Fail,511.05,1468.43,UB 533x210x82,UC 305x305x118,82.2,118.0,90.21,143.96,39922.9
62,2,2,1,4.47,6.14,7.63,19.8,10.62,2.1,8.94,7.52,17.88,0.4208,Pass,168.7,881.91,UB 406x178x54,UC 254x254x89,54.3,89.0,88.25,84.28,9927.03
63,4,1,2,3.27,5.04,5.31,16.37,6.39,21.99,13.08,134.67,26.16,5.1481,Fail,803.7,1365.27,UB 610x229x101,UC 305x305x118,101.2,118.0,101.48,159.69,23979.17
64,3,2,2,4.25,5.88,7.0,6.3,14.37,5.61,12.75,32.54,25.5,1.2762,Fail,171.72,1235.03,UB 356x171x45,UC 305x305x97,45.0,96.9,81.4,83.5,21552.08
65,1,3,1,4.13,7.8,4.8,5.51,3.98,3.16,4.13,1.88,8.26,0.2278,Pass,81.03,141.27,UB 356x171x45,UC 203x203x46,45.0,46.1,87.23,49.22,4493.14
66,1,3,1,3.7,5.02,5.48,20.15,14.53,17.96,3.7,6.15,7.4,0.831,Pass,134.34,391.7,UB 356x171x45,UC 203x203x46,45.0,46.1,84.98,98.48,3706.36
67,2,2,1,3.87,7.72,6.3,27.7,6.88,23.54,7.74,55.37,15.48,3.5768,Fail,377.21,1073.7,UB 533x210x82,UC 305x305x118,82.2,118.0,78.5,94.12,13663.75
68,2,1,3,4.04,6.51,4.41,24.31,13.05,15.01,8.08,63.78,16.16,3.947,Fail,404.07,892.16,UB 533x210x82,UC 305x305x118,82.2,118.0,71.33,88.98,16258.52
69,1,3,1,3.52,5.71,5.48,17.65,6.44,21.24,3.52,6.29,7.04,0.8939,Pass,121.63,291.17,UB 356x171x45,UC 203x203x46,45.0,46.1,86.87,87.72,3826.28
70,4,1,2,4.44,6.54,7.31,22.68,7.66,18.34,17.76,366.86,35.52,10.3283,Fail,1269.07,2265.24,UB 610x229x101,UC 305x305x118,101.2,118.0,160.24,260.95,32352.61
71,3,3,3,4.16,5.86,7.3,19.81,6.19,6.14,12.48,23.34,24.96,0.9353,Pass,180.13,1466.18,UB 406x178x54,UC 305x305x97,54.3,96.9,65.57,83.05,45074.16
72,1,2,2,3.37,5.86,6.44,14.47,2.37,21.27,3.37,7.5,6.74,1.113,Fail,102.37,316.74,UB 305x165x40,UC 203x203x46,40.5,46.1,93.44,90.82,4387.11
73,2,2,1,3.53,5.03,5.12,19.9,13.44,13.89,7.06,19.54,14.12,1.3839,Fail,172.18,739.04,UB 356x171x45,UC 254x254x73,45.0,73.1,82.19,97.14,6289.72
74,5,1,1,3.36,5.63,6.22,11.01,8.19,17.8,16.8,189.72,33.6,5.6463,Fail,903.18,1250.19,UB 610x229x101,UC 305x305x118,101.2,118.0,114.04,167.75,19921.8
75,4,1,1,3.44,5.62,4.97,21.6,6.8,13.84,13.76,106.79,27.52,3.8805,Fail,593.17,1043.47,UB 610x229x101,UC 305x305x118,101.2,118.0,74.9,116.81,15068.38
76,3,2,3,3.83,5.41,5.81,12.67,5.0,18.03,11.49,69.67,22.98,3.032,Fail,354.42,857.04,UB 457x191x67,UC 305x305x118,67.1,118.0,88.88,101.51,35508.08
77,3,1,3,3.8,7.05,4.74,10.41,8.29,18.11,11.4,133.82,22.8,5.8694,Fail,628.04,820.21,UB 610x229x101,UC 305x305x118,101.2,118.0,79.3,124.33,27957.5
78,5,3,2,4.47,7.33,5.18,14.02,5.93,17.7,22.35,228.23,44.7,5.1058,Fail,651.68,1801.08,UB 610x229x101,UC 305x305x118,101.2,118.0,82.28,186.6,85997.06
79,2,2,1,4.46,6.21,6.79,8.16,13.29,12.27,8.92,43.4,17.84,2.4326,Fail,215.76,616.48,UB 406x178x54,UC 254x254x89,54.3,89.0,71.98,97.27,9673.09
80,1,3,2,3.7,5.76,4.74,6.28,14.23,11.94,3.7,4.26,7.4,0.5761,Pass,105.28,343.9,UB 356x171x45,UC 203x203x46,45.0,46.1,75.92,79.66,6086.04
81,1,2,2,3.11,6.52,4.21,8.73,9.32,7.6,3.11,2.12,6.22,0.341,Pass,115.46,309.02,UB 356x171x45,UC 203x203x46,45.0,46.1,96.9,74.88,4187.44
82,2,1,3,4.15,6.43,7.16,10.64,8.79,11.26,8.3,52.24,16.6,3.1469,Fail,286.79,642.03,UB 406x178x54,UC 305x305x97,54.3,96.9,95.68,82.32,13892.81
83,4,2,3,4.49,5.22,6.48,20.24,11.62,23.69,17.96,257.03,35.92,7.1557,Fail,929.25,2146.99,UB 610x229x101,UC 305x305x118,101.2,118.0,117.33,259.28,65943.74
84,2,3,1,3.4,4.32,4.96,18.8,4.03,10.21,6.8,8.46,13.6,0.6223,Pass,85.43,435.93,UB 254x146x31,UC 203x203x46,31.1,46.1,97.82,97.34,5354.11
85,5,2,2,3.05,5.15,5.13,26.49,2.93,5.84,15.25,24.08,30.5,0.7895,Pass,180.32,2101.27,UB 356x171x45,UC 305x305x118,45.0,118.0,84.61,86.51,30073.5
86,3,3,3,3.99,7.73,5.7,18.61,10.42,22.71,11.97,84.92,23.94,3.547,Fail,421.22,1692.21,UB 533x210x82,UC 305x305x118,82.2,118.0,74.36,126.14,62341.42
87,2,1,1,3.25,5.23,7.0,19.23,5.75,3.11,6.5,5.58,13.0,0.429,Pass,119.89,434.29,UB 305x165x40,UC 203x203x60,40.5,60.0,98.53,86.18,3541.26
88,3,3,2,4.41,6.0,5.98,7.01,2.52,10.8,13.23,50.88,26.46,1.923,Fail,204.68,506.74,UB 356x171x45,UC 254x254x89,45.0,89.0,96.04,91.95,27878.04
89,3,3,2,3.04,4.92,6.7,26.51,9.63,0.52,9.12,0.71,18.24,0.0389,Pass,220.88,1831.65,UB 406x178x54,UC 305x305x97,54.3,96.9,73.69,87.99,26549.39
90,3,3,1,4.14,4.7,6.08,16.06,5.62,24.92,12.42,84.78,24.84,3.4132,Fail,412.17,722.12,UB 533x210x82,UC 305x305x118,82.2,118.0,72.76,108.75,24675.91
91,4,3,2,4.45,5.88,5.63,13.03,3.36,4.02,17.8,31.39,35.6,0.8818,Pass,139.54,1086.87,UB 305x165x40,UC 254x254x89,40.5,89.0,91.88,87.83,34879.92
92,4,3,2,3.43,7.78,7.25,18.75,7.91,7.86,13.72,28.93,27.44,1.0542,Fail,257.51,2319.07,UB 533x210x82,UC 305x305x118,82.2,118.0,61.95,95.16,61520.5
93,3,1,2,4.3,7.3,4.0,26.73,8.01,1.36,12.9,15.72,25.8,0.6091,Pass,218.34,1158.19,UB 533x210x82,UC 305x305x97,82.2,96.9,66.68,84.84,16846.2
94,5,2,3,4.13,6.5,7.04,10.09,9.14,23.19,20.65,305.94,41.3,7.4077,Fail,975.43,1889.03,UB 610x229x101,UC 305x305x118,101.2,118.0,123.16,261.73,87612.56
95,4,3,2,3.18,7.89,6.44,10.98,4.06,13.77,12.72,39.29,25.44,1.5443,Fail,231.09,1242.47,UB 406x178x54,UC 305x305x97,54.3,96.9,92.59,91.96,41404.33
96,5,2,1,3.34,7.37,4.45,28.68,10.42,3.85,16.7,26.66,33.4,0.7982,Pass,312.62,2649.53,UB 533x210x82,UC 305x305x118,82.2,118.0,77.23,112.3,29426.73
97,3,3,3,3.41,7.34,7.92,11.09,9.17,9.59,10.23,20.35,20.46,0.9949,Pass,185.18,1349.58,UB 457x191x67,UC 254x254x89,67.1,89.0,63.87,92.12,51429.58
98,5,3,3,4.32,7.46,5.1,24.75,7.39,23.36,21.6,270.25,43.2,6.2559,Fail,830.6,2860.63,UB 610x229x101,UC 305x305x118,101.2,118.0,104.87,249.43,117045.12
99,5,2,1,3.42,5.19,6.35,29.97,8.37,3.71,17.1,22.82,34.2,0.6673,Pass,178.48,2219.74,UB 406x178x54,UC 305x305x118,54.3,118.0,67.18,86.8,22915.22
100,5,2,2,3.5,7.05,5.51,28.32,13.3,24.52,17.5,192.12,35.0,5.4892,Fail,823.97,3760.58,UB 610x229x101,UC 305x305x118,101.2,118.0,104.04,264.3,56717.16
101,2,3,2,3.35,7.1,4.17,23.62,11.17,20.29,6.7,19.76,13.4,1.4749,Fail,269.83,1152.76,UB 457x191x67,UC 254x254x89,67.1,89.0,99.26,96.44,20207.89
102,4,3,3,4.47,5.98,4.15,17.56,9.67,21.74,17.88,173.57,35.76,4.8537,Fail,619.34,1597.38,UB 610x229x101,UC 305x305x118,101.2,118.0,78.2,174.2,82964.93
103,4,1,3,4.37,4.06,4.58,26.77,14.61,1.87,17.48,28.63,34.96,0.8189,Pass,166.65,1626.31,UB 305x165x40,UC 305x305x97,40.5,96.9,96.96,89.68,20633.14
104,3,2,3,4.04,6.6,7.41,26.31,13.17,9.5,12.12,48.75,24.24,2.0112,Fail,317.75,2412.54,UB 457x191x67,UC 305x305x118,67.1,118.0,90.48,118.87,41215.26
105,3,3,3,4.33,5.95,6.16,20.44,5.05,17.11,12.99,75.3,25.98,2.8982,Fail,337.0,1324.0,UB 457x191x67,UC 305x305x118,67.1,118.0,84.51,107.45,53778.04
106,3,1,3,3.14,7.91,7.04,22.6,3.31,4.16,9.42,17.42,18.84,0.9244,Pass,218.33,1214.1,UB 533x210x82,UC 254x254x89,82.2,89.0,63.27,97.03,24925.85
107,3,1,1,3.49,4.22,5.43,15.77,5.17,10.3,10.47,43.69,20.94,2.0866,Fail,307.16,540.82,UB 457x191x67,UC 254x254x89,67.1,89.0,77.03,97.77,7612.41
108,2,1,1,3.12,7.48,6.48,11.02,13.87,3.58,6.24,6.78,12.48,0.5435,Pass,177.43,506.51,UB 457x191x67,UC 254x254x73,67.1,73.1,83.04,79.38,5571.44
109,4,3,2,3.69,6.67,7.6,16.63,5.74,13.66,14.76,58.93,29.52,1.9961,Fail,295.75,1850.31,UB 406x178x54,UC 305x305x118,54.3,118.0,98.67,107.84,47144.44
110,1,2,2,4.48,5.2,7.85,22.26,7.94,7.55,4.48,7.32,8.96,0.8173,Pass,279.11,622.03,UB 406x178x54,UC 254x254x73,54.3,73.1,93.11,68.14,7199.08
111,4,2,1,3.36,6.29,6.3,29.82,5.84,24.45,13.44,105.78,26.88,3.9352,Fail,572.05,1882.52,UB 610x229x101,UC 305x305x118,101.2,118.0,72.23,164.79,27351.01
112,4,2,1,3.85,6.74,6.98,6.23,9.88,12.42,15.4,89.07,30.8,2.8919,Fail,370.14,968.78,UB 457x191x67,UC 305x305x118,67.1,118.0,92.82,103.01,23759.56
113,3,1,3,4.2,4.88,4.76,11.27,11.82,19.19,12.6,166.04,25.2,6.5889,Fail,799.78,1009.72,UB 610x229x101,UC 305x305x118,101.2,118.0,100.98,157.17,26491.49
114,2,3,1,4.36,6.59,5.24,16.02,9.53,18.31,8.72,43.59,17.44,2.4997,Fail,239.94,677.5,UB 406x178x54,UC 305x305x97,54.3,96.9,91.65,80.18,13330.04
115,1,2,2,4.12,4.7,4.53,18.49,14.63,13.27,4.12,9.17,8.24,1.1126,Fail,127.27,492.81,UB 305x165x40,UC 203x203x60,40.5,60.0,94.81,87.57,4467.69
116,3,1,2,4.37,7.78,7.87,12.38,13.32,20.11,13.11,253.22,26.22,9.6574,Fail,940.55,1562.5,UB 610x229x101,UC 305x305x118,101.2,118.0,118.76,197.48,25925.23
117,4,1,1,4.13,4.9,6.71,21.86,7.17,21.14,16.52,285.58,33.04,8.6435,Fail,1243.56,1565.46,UB 610x229x101,UC 305x305x118,101.2,118.0,157.02,233.07,17196.9
118,5,2,1,4.19,4.06,6.15,16.37,10.75,16.81,20.95,189.66,41.9,4.5266,Fail,757.13,1400.17,UB 610x229x101,UC 305x305x118,101.2,118.0,95.6,193.14,32385.74
119,5,2,3,4.41,4.43,4.94,5.63,13.5,14.04,22.05,196.19,44.1,4.4487,Fail,694.97,1364.21,UB 610x229x101,UC 305x305x118,101.2,118.0,87.75,182.15,71652.2
120,5,1,3,3.09,7.3,7.64,12.55,7.31,3.49,15.45,32.99,30.9,1.0676,Fail,218.93,1650.56,UB 406x178x54,UC 305x305x97,54.3,96.9,96.83,89.69,32350.2
121,1,2,2,3.17,4.94,6.15,14.72,6.82,23.73,3.17,6.32,6.34,0.9974,Pass,121.46,373.05,UB 305x165x40,UC 203x203x46,40.5,46.1,71.6,93.27,4010.1
122,5,2,3,4.11,4.62,5.66,7.48,8.36,10.2,20.55,112.84,41.1,2.7454,Fail,440.11,1169.35,UB 533x210x82,UC 305x305x118,82.2,118.0,77.69,123.91,65225.7
123,3,1,3,3.56,5.77,7.8,26.39,3.29,17.14,10.68,90.68,21.36,4.2453,Fail,543.16,1482.59,UB 533x210x82,UC 305x305x118,82.2,118.0,95.88,127.22,27314.33
124,5,3,2,3.09,5.1,7.87,28.73,12.71,2.29,15.45,6.97,30.9,0.2256,Pass,339.58,3863.75,UB 457x191x67,UC 305x305x118,67.1,118.0,85.16,143.96,58399.73
125,2,3,3,3.9,4.09,7.15,11.09,3.64,14.11,7.8,18.87,15.6,1.2094,Fail,121.2,478.44,UB 305x165x40,UC 254x254x73,40.5,73.1,70.51,78.13,20048.16
126,1,3,1,3.88,7.25,4.93,24.36,12.25,14.9,3.88,6.88,7.76,0.8872,Pass,270.79,513.96,UB 533x210x82,UC 254x254x73,82.2,73.1,68.84,85.64,7465.71
127,3,1,1,3.81,7.19,4.44,26.66,3.71,8.96,11.43,67.62,22.86,2.9582,Fail,393.11,798.21,UB 457x191x67,UC 305x305x97,67.1,96.9,98.59,97.66,9112.51
128,2,3,2,3.02,5.06,4.51,15.52,3.48,1.59,6.04,0.97,12.08,0.0805,Pass,62.58,529.24,UB 305x165x40,UC 203x203x46,40.5,46.1,67.87,74.03,9952.55
129,4,2,3,3.89,5.81,4.89,20.38,11.45,22.72,15.56,156.46,31.12,5.0276,Fail,681.35,1960.96,UB 610x229x101,UC 305x305x118,101.2,118.0,86.03,196.8,58663.31
130,5,2,2,3.97,4.12,7.99,26.18,7.54,2.7,19.85,25.3,39.7,0.6373,Pass,285.0,2898.15,UB 406x178x54,UC 305x305x118,54.3,118.0,95.08,116.52,40807.89
131,4,1,1,3.48,4.59,4.5,20.61,9.61,17.8,13.92,128.96,27.84,4.6323,Fail,753.79,1121.7,UB 610x229x101,UC 305x305x118,101.2,118.0,95.18,143.85,13929.5
132,4,3,3,3.44,6.02,5.72,24.83,3.49,16.37,13.76,52.52,27.52,1.9083,Fail,308.1,1864.19,UB 457x191x67,UC 305x305x118,67.1,118.0,77.27,109.02,63791.07
133,5,3,1,3.65,7.55,5.66,25.69,7.18,18.24,18.25,119.34,36.5,3.2696,Fail,516.48,2389.36,UB 533x210x82,UC 305x305x118,82.2,118.0,91.17,159.43,45151.34
134,3,2,2,4.0,5.5,4.61,28.07,2.87,20.79,12.0,94.38,24.0,3.9325,Fail,465.32,1350.59,UB 533x210x82,UC 305x305x118,82.2,118.0,82.14,136.6,27702.76
135,1,2,1,4.12,5.49,4.52,6.5,14.44,14.04,4.12,10.12,8.24,1.228,Fail,115.87,252.42,UB 305x165x40,UC 203x203x46,40.5,46.1,95.54,90.05,2578.15
136,1,2,2,4.31,7.76,5.69,27.9,2.67,7.19,4.31,6.9,8.62,0.8001,Pass,264.88,631.82,UB 533x210x82,UC 254x254x73,82.2,73.1,70.49,87.4,9469.09
137,3,2,1,3.87,4.85,6.63,10.61,3.41,21.13,11.61,80.75,23.22,3.4775,Fail,411.16,483.1,UB 533x210x82,UC 305x305x118,82.2,118.0,72.58,104.94,17908.79
138,3,1,2,3.86,7.23,7.38,29.36,12.64,15.34,11.58,121.39,23.16,5.2412,Fail,650.94,2157.86,UB 610x229x101,UC 305x305x118,101.2,118.0,82.19,159.69,23746.0
139,5,1,3,4.39,7.32,5.07,9.51,11.14,7.72,21.95,235.43,43.9,5.3629,Fail,717.61,1533.49,UB 610x229x101,UC 305x305x118,101.2,118.0,90.61,150.2,50929.0
140,3,2,1,3.27,4.57,6.63,6.74,11.63,24.3,9.81,49.82,19.62,2.5392,Fail,341.25,636.63,UB 457x191x67,UC 305x305x118,67.1,118.0,85.58,92.48,14629.1
141,1,3,3,3.32,5.68,5.36,14.25,11.38,19.42,3.32,4.66,6.64,0.7017,Pass,125.74,421.98,UB 356x171x45,UC 203x203x46,45.0,46.1,90.97,95.39,8410.43
142,5,3,1,4.33,4.62,7.02,6.24,3.06,11.08,21.65,103.32,43.3,2.3861,Fail,373.64,569.13,UB 457x191x67,UC 305x305x118,67.1,118.0,93.7,92.58,39158.5
143,4,2,3,3.66,5.09,7.02,7.85,7.59,7.08,14.64,36.99,29.28,1.2634,Fail,196.91,1090.01,UB 356x171x45,UC 305x305x97,45.0,96.9,92.39,86.1,35725.39
144,5,2,3,4.0,4.18,5.58,19.98,2.1,7.54,20.0,72.88,40.0,1.822,Fail,320.73,1469.41,UB 457x191x67,UC 305x305x118,67.1,118.0,80.43,106.28,56387.93
145,2,1,2,3.43,4.48,5.99,15.77,3.68,13.31,6.86,26.79,13.72,1.9524,Fail,214.7,533.09,UB 406x178x54,UC 254x254x73,54.3,73.1,71.63,99.34,7070.44
146,2,3,3,4.25,7.22,4.29,26.54,2.55,0.47,8.5,1.26,17.0,0.0739,Pass,190.71,944.07,UB 457x191x67,UC 254x254x73,67.1,73.1,87.28,98.19,28477.3
147,1,2,3,3.64,5.62,6.56,12.24,7.27,24.15,3.64,11.11,7.28,1.5264,Fail,117.53,358.08,UB 305x165x40,UC 203x203x60,40.5,60.0,95.49,88.02,6832.8
148,2,3,2,4.25,7.68,4.35,26.11,5.16,14.72,8.5,34.24,17.0,2.0139,Fail,288.48,1092.22,UB 533x210x82,UC 305x305x97,82.2,96.9,69.89,83.96,26968.25
149,5,1,2,4.31,6.98,4.89,24.48,2.99,15.83,21.55,441.37,43.1,10.2406,Fail,1355.75,2077.43,UB 610x229x101,UC 305x305x118,101.2,118.0,171.18,261.16,35750.4
150,5,3,1,4.36,5.4,6.91,25.47,12.6,5.91,21.8,60.37,43.6,1.3847,Fail,266.52,2373.2,UB 406x178x54,UC 305x305x118,54.3,118.0,88.91,116.54,36880.06
151,2,2,1,3.26,4.61,7.04,6.88,14.37,15.7,6.52,16.02,13.04,1.2283,Fail,140.2,515.16,UB 305x165x40,UC 254x254x73,40.5,73.1,81.57,82.67,6064.03
152,4,3,3,3.67,7.7,6.26,20.88,10.12,21.61,14.68,98.96,29.36,3.3707,Fail,477.98,2481.67,UB 533x210x82,UC 305x305x118,82.2,118.0,84.37,156.58,82796.42
153,3,1,2,3.1,5.77,5.21,11.87,2.73,12.68,9.3,41.78,18.6,2.2465,Fail,296.13,596.28,UB 406x178x54,UC 254x254x89,54.3,89.0,98.79,97.86,11180.83
154,3,2,2,3.06,5.47,5.15,21.12,14.71,2.26,9.18,4.09,18.36,0.223,Pass,147.68,1696.08,UB 406x178x54,UC 254x254x89,54.3,89.0,73.5,94.18,17733.17
155,5,3,2,3.69,6.22,7.17,27.4,7.85,20.25,18.45,123.53,36.9,3.3477,Fail,543.62,3384.78,UB 533x210x82,UC 305x305x118,82.2,118.0,95.96,200.66,72707.94
156,2,2,3,3.71,4.6,4.25,7.59,13.69,8.59,7.42,13.95,14.84,0.9403,Pass,109.48,571.68,UB 305x165x40,UC 254x254x73,40.5,73.1,63.7,70.41,12587.87
157,1,3,3,3.26,4.99,5.75,15.99,8.8,3.97,3.26,0.88,6.52,0.1347,Pass,111.99,394.08,UB 305x165x40,UC 203x203x46,40.5,46.1,84.93,67.67,7624.22
158,3,2,2,3.61,5.35,6.39,24.73,10.41,1.65,10.83,5.22,21.66,0.2411,Pass,197.49,1827.05,UB 406x178x54,UC 305x305x97,54.3,96.9,67.44,87.06,20919.52
159,1,3,3,3.58,5.01,7.41,29.11,9.84,3.76,3.58,1.18,7.16,0.1643,Pass,288.36,708.08,UB 406x178x54,UC 254x254x73,54.3,73.1,96.2,78.55,12280.04
160,1,3,3,3.21,5.4,7.87,22.46,7.1,14.88,3.21,3.12,6.42,0.4867,Pass,245.35,571.02,UB 406x178x54,UC 203x203x60,54.3,60.0,81.85,97.2,11728.33
161,1,2,3,3.57,7.17,7.25,21.75,12.78,18.47,3.57,8.69,7.14,1.2178,Fail,270.61,752.54,UB 533x210x82,UC 254x254x73,82.2,73.1,62.8,96.59,13210.15
162,5,1,3,4.01,6.03,4.07,12.72,14.37,8.54,20.05,172.02,40.1,4.2898,Fail,664.09,1634.74,UB 610x229x101,UC 305x305x118,101.2,118.0,83.85,143.17,43488.44
163,4,1,1,4.5,4.62,5.18,24.7,8.6,13.49,18.0,239.95,36.0,6.6652,Fail,963.93,1370.65,UB 610x229x101,UC 305x305x118,101.2,118.0,121.71,185.02,16430.08
164,5,1,3,3.51,7.07,4.52,14.42,4.11,20.78,17.55,293.11,35.1,8.3508,Fail,1143.43,1447.83,UB 610x229x101,UC 305x305x118,101.2,118.0,144.37,210.98,44599.6
165,5,1,3,3.66,5.64,6.71,10.94,7.77,7.12,18.3,101.5,36.6,2.7733,Fail,453.85,1470.67,UB 533x210x82,UC 305x305x118,82.2,118.0,80.12,107.63,43094.22
166,4,1,3,3.36,7.86,7.14,27.6,4.52,16.96,13.44,148.13,26.88,5.5109,Fail,743.27,2159.78,UB 610x229x101,UC 305x305x118,101.2,118.0,93.85,168.28,42755.9
167,5,2,2,4.15,7.11,6.01,15.47,4.11,4.99,20.75,70.29,41.5,1.6939,Fail,265.77,1836.34,UB 406x178x54,UC 305x305x118,54.3,118.0,88.66,101.48,43408.98
168,5,1,2,3.08,5.92,5.48,28.36,11.25,12.9,15.4,105.63,30.8,3.4296,Fail,620.03,2619.42,UB 610x229x101,UC 305x305x118,101.2,118.0,78.29,158.76,30981.28
169,1,2,1,4.14,5.09,7.62,8.68,7.69,23.66,4.14,16.98,8.28,2.0504,Fail,118.86,214.87,UB 305x165x40,UC 203x203x60,40.5,60.0,69.15,95.32,3240.81
170,2,2,2,4.4,5.66,5.59,14.35,7.02,2.04,8.8,6.66,17.6,0.3786,Pass,99.4,728.68,UB 356x171x45,UC 203x203x60,45.0,60.0,75.06,94.0,10827.0
171,2,1,2,4.4,7.36,6.6,24.78,3.79,7.17,8.8,43.64,17.6,2.4796,Fail,276.86,889.63,UB 457x191x67,UC 305x305x97,67.1,96.9,90.8,81.09,11622.34
172,4,3,1,4.14,5.88,6.46,27.65,2.25,5.39,16.56,32.68,33.12,0.9868,Pass,193.18,1500.98,UB 406x178x54,UC 305x305x97,54.3,96.9,76.19,89.73,26112.58
173,2,3,3,3.91,5.69,7.1,10.94,3.58,5.96,7.82,9.08,15.64,0.5804,Pass,96.18,533.66,UB 305x165x40,UC 203x203x46,40.5,46.1,73.76,98.78,18199.91
174,5,2,1,3.17,7.62,6.39,5.41,8.7,6.05,15.85,35.62,31.7,1.1237,Fail,196.18,1116.76,UB 406x178x54,UC 254x254x89,54.3,89.0,78.25,94.38,21943.88
175,2,2,2,3.0,5.41,6.28,9.68,10.69,13.09,6.0,10.66,12.0,0.8881,Pass,118.6,725.7,UB 305x165x40,UC 254x254x73,40.5,73.1,88.94,75.04,9628.74
176,3,1,3,3.82,7.15,6.03,5.51,13.35,1.09,11.46,8.31,22.92,0.3627,Pass,123.34,817.82,UB 406x178x54,UC 254x254x73,54.3,73.1,86.4,79.05,17254.47
177,4,2,2,4.12,5.43,4.27,11.03,10.54,2.59,16.48,21.15,32.96,0.6417,Pass,124.94,1229.98,UB 305x165x40,UC 254x254x89,40.5,89.0,95.22,83.65,22628.88
178,5,3,2,3.2,5.41,5.35,21.07,12.79,17.12,16.0,59.4,32.0,1.8564,Fail,355.53,2626.79,UB 457x191x67,UC 305x305x118,67.1,118.0,89.16,137.98,53350.9
179,4,3,1,4.22,4.25,7.1,16.44,5.81,1.1,16.88,6.25,33.76,0.1851,Pass,112.36,967.23,UB 305x165x40,UC 254x254x73,40.5,73.1,65.37,86.26,18603.22
180,2,1,2,4.4,6.06,7.96,18.58,5.29,18.83,8.8,104.41,17.6,5.9326,Fail,495.29,881.94,UB 533x210x82,UC 305x305x118,82.2,118.0,87.43,113.86,14453.69
181,2,2,2,4.29,4.19,6.62,11.83,12.39,10.92,8.58,29.11,17.16,1.6966,Fail,166.31,806.49,UB 305x165x40,UC 254x254x89,40.5,89.0,96.76,92.91,12126.24
182,4,3,2,4.34,5.55,7.89,17.41,8.47,23.11,17.36,160.77,34.72,4.6305,Fail,612.14,2056.95,UB 610x229x101,UC 305x305x118,101.2,118.0,77.29,188.15,70352.5
183,5,2,1,4.09,4.32,6.41,25.56,9.09,8.03,20.45,85.06,40.9,2.0797,Fail,371.67,1785.44,UB 457x191x67,UC 305x305x118,67.1,118.0,93.21,123.49,26727.7
184,1,2,3,3.44,5.78,6.87,9.17,7.77,11.18,3.44,4.24,6.88,0.616,Pass,110.27,327.06,UB 305x165x40,UC 203x203x46,40.5,46.1,90.2,72.86,6279.84
185,3,3,2,3.41,7.92,7.79,6.88,10.29,9.08,10.23,20.09,20.46,0.9821,Pass,182.44,1216.77,UB 457x191x67,UC 254x254x89,67.1,89.0,68.0,85.19,37819.32
186,2,1,1,4.27,6.71,5.75,8.16,5.07,16.13,8.54,84.37,17.08,4.9399,Fail,386.9,310.91,UB 457x191x67,UC 305x305x97,67.1,96.9,97.03,96.6,6654.37
187,3,2,3,3.05,4.61,5.8,14.27,7.77,1.92,9.15,3.13,18.3,0.1709,Pass,96.41,996.15,UB 305x165x40,UC 203x203x60,40.5,60.0,59.54,92.4,17411.22
188,2,3,2,3.6,6.6,5.0,7.84,11.56,12.48,7.2,15.07,14.4,1.0465,Fail,146.04,685.25,UB 406x178x54,UC 254x254x73,54.3,73.1,69.9,75.21,17110.68
189,4,3,1,3.39,5.04,5.79,29.91,5.71,22.91,13.56,63.93,27.12,2.3573,Fail,392.4,1575.54,UB 457x191x67,UC 305x305x118,67.1,118.0,98.41,119.84,27133.2
190,4,1,1,3.2,4.3,4.69,22.83,14.96,20.26,12.8,106.64,25.6,4.1658,Fail,731.07,1305.0,UB 610x229x101,UC 305x305x118,101.2,118.0,92.31,144.4,13319.9
191,3,3,2,4.06,6.2,5.16,12.5,4.05,17.74,12.18,63.27,24.36,2.5974,Fail,291.22,826.46,UB 406x178x54,UC 305x305x118,54.3,118.0,97.16,85.07,33061.21
192,2,2,3,3.34,7.94,7.17,10.92,8.42,9.02,6.68,12.95,13.36,0.9692,Pass,184.98,861.52,UB 457x191x67,UC 254x254x73,67.1,73.1,77.18,86.61,23044.01
193,5,2,2,4.21,6.21,6.45,7.16,6.02,24.99,21.05,344.14,42.1,8.1743,Fail,1072.24,1335.45,UB 610x229x101,UC 305x305x118,101.2,118.0,135.38,268.83,60790.86
194,4,3,2,4.15,7.29,4.3,29.31,10.35,11.25,16.6,76.49,33.2,2.3039,Fail,400.26,2629.65,UB 533x210x82,UC 305x305x118,82.2,118.0,75.81,137.5,56388.89
195,5,2,1,4.32,7.12,6.56,9.55,14.56,10.82,21.6,174.99,43.2,4.0507,Fail,551.78,1833.74,UB 533x210x82,UC 305x305x118,82.2,118.0,97.4,162.05,35086.56
196,1,1,3,3.23,4.66,5.29,22.73,6.5,23.52,3.23,10.61,6.46,1.6424,Fail,135.69,345.26,UB 305x165x40,UC 203x203x60,40.5,60.0,81.56,98.22,3590.79
197,3,1,2,3.29,7.83,5.1,20.63,9.99,2.34,9.87,11.43,19.74,0.5793,Pass,229.0,1218.99,UB 533x210x82,UC 305x305x97,82.2,96.9,72.53,85.78,16561.69
198,2,3,3,3.23,6.63,6.88,20.13,12.95,14.09,6.46,11.75,12.92,0.9098,Pass,215.49,1298.55,UB 457x191x67,UC 254x254x89,67.1,89.0,76.85,92.13,30955.54
199,1,1,1,4.42,7.08,5.06,10.27,9.44,15.45,4.42,25.31,8.84,2.8631,Fail,180.9,189.29,UB 406x178x54,UC 254x254x73,54.3,73.1,87.67,77.33,2610.81
200,1,2,3,3.82,6.57,5.21,11.12,12.5,10.15,3.82,5.9,7.64,0.7718,Pass,160.74,431.49,UB 406x178x54,UC 203x203x60,54.3,60.0,83.95,82.52,8150.53
201,4,1,3,3.09,5.76,5.94,10.1,9.89,7.81,12.36,42.5,24.72,1.7193,Fail,286.99,1115.39,UB 406x178x54,UC 305x305x97,54.3,96.9,95.74,88.45,22326.77
202,3,3,2,4.46,4.52,5.48,19.04,6.15,11.66,13.38,51.18,26.76,1.9125,Fail,243.68,1113.72,UB 406x178x54,UC 305x305x118,54.3,118.0,81.29,82.82,32714.39
203,3,2,1,3.21,4.2,7.78,26.6,7.44,24.07,9.63,44.57,19.26,2.3143,Fail,343.98,1155.63,UB 457x191x67,UC 305x305x118,67.1,118.0,86.26,103.58,14898.22
204,2,2,3,4.08,4.76,4.64,29.9,8.07,21.98,8.16,50.96,16.32,3.1227,Fail,301.99,1035.17,UB 457x191x67,UC 305x305x118,67.1,118.0,75.73,95.6,22269.09
205,4,1,1,4.42,6.02,7.87,10.38,6.59,1.26,17.68,23.78,35.36,0.6725,Pass,125.04,693.33,UB 356x171x45,UC 254x254x73,45.0,73.1,71.71,71.08,10170.03
206,4,3,3,4.01,5.14,4.03,7.69,3.74,6.61,16.04,33.62,32.08,1.0479,Fail,156.78,601.13,UB 305x165x40,UC 254x254x73,40.5,73.1,91.22,91.92,36586.86
207,3,2,2,3.07,4.2,6.25,14.06,5.75,9.66,9.21,15.28,18.42,0.8298,Pass,134.56,909.45,UB 305x165x40,UC 254x254x73,40.5,73.1,78.29,94.93,13677.31
208,4,3,2,4.24,6.49,6.44,8.22,3.26,9.33,16.96,64.3,33.92,1.8956,Fail,242.47,867.95,UB 406x178x54,UC 305x305x97,54.3,96.9,80.89,92.02,43597.88
209,3,3,2,4.13,4.8,6.04,17.5,2.59,3.43,12.39,11.7,24.78,0.472,Pass,99.27,944.55,UB 305x165x40,UC 254x254x73,40.5,73.1,61.26,76.05,21988.19
210,3,2,3,3.69,6.43,6.06,13.2,9.97,4.06,11.07,15.03,22.14,0.6788,Pass,156.03,1274.69,UB 406x178x54,UC 254x254x73,54.3,73.1,77.2,99.15,26974.75
211,5,3,2,3.89,6.03,6.04,17.25,9.32,11.87,19.45,85.58,38.9,2.2001,Fail,362.93,2323.6,UB 457x191x67,UC 305x305x118,67.1,118.0,91.02,135.62,61960.15
212,1,2,2,4.01,7.92,6.33,24.92,11.43,17.2,4.01,12.76,8.02,1.5914,Fail,343.94,811.02,UB 533x210x82,UC 254x254x89,82.2,89.0,89.1,94.73,10240.11
213,1,3,2,3.4,6.62,7.89,19.46,4.96,1.28,3.4,0.42,6.8,0.0625,Pass,220.87,534.07,UB 406x178x54,UC 203x203x60,54.3,60.0,88.8,82.07,9110.61
214,4,1,3,3.94,6.48,7.36,8.69,10.85,0.79,15.76,10.5,31.52,0.3331,Pass,140.28,1225.46,UB 406x178x54,UC 254x254x73,54.3,73.1,66.64,95.24,24437.82
215,1,1,1,3.66,5.68,5.65,10.1,8.52,15.29,3.66,11.66,7.32,1.5926,Fail,118.27,165.87,UB 305x165x40,UC 203x203x60,40.5,60.0,94.08,77.62,1796.13
216,4,3,3,3.09,4.55,4.83,13.13,10.61,13.14,12.36,25.27,24.72,1.0223,Fail,192.18,1287.89,UB 356x171x45,UC 305x305x97,45.0,96.9,90.17,87.8,39423.74
217,3,1,2,4.37,5.37,5.42,24.3,11.37,16.08,13.11,166.98,26.22,6.3683,Fail,758.91,1511.28,UB 610x229x101,UC 305x305x118,101.2,118.0,95.82,164.83,20754.92
218,3,3,2,3.29,4.99,6.23,10.62,14.65,7.44,9.87,11.5,19.74,0.5825,Pass,138.37,1282.65,UB 305x165x40,UC 254x254x73,40.5,73.1,86.58,95.75,20170.09
219,3,3,1,4.04,5.96,5.92,19.01,14.15,18.04,12.12,62.17,24.24,2.5648,Fail,331.16,1279.65,UB 457x191x67,UC 305x305x118,67.1,118.0,83.05,99.57,23406.55
220,3,1,3,4.01,5.52,7.92,25.46,14.41,20.12,12.03,156.93,24.06,6.5223,Fail,802.22,2075.57,UB 610x229x101,UC 305x305x118,101.2,118.0,101.29,187.21,32486.88
221,3,1,2,4.43,4.32,7.7,21.4,11.72,5.35,13.29,53.15,26.58,1.9997,Fail,281.59,1558.64,UB 406x178x54,UC 305x305x118,54.3,118.0,93.94,91.28,16537.82
222,5,2,3,4.04,4.55,6.46,19.67,5.15,16.75,20.2,173.3,40.4,4.2897,Fail,696.2,1899.73,UB 610x229x101,UC 305x305x118,101.2,118.0,87.9,197.54,76440.44
223,5,1,3,3.35,4.4,5.32,16.81,10.86,3.44,16.75,32.21,33.5,0.9616,Pass,206.78,1584.67,UB 356x171x45,UC 305x305x97,45.0,96.9,97.03,89.31,24126.6
224,5,1,2,3.98,7.52,5.9,21.26,11.83,7.18,19.9,160.16,39.8,4.0242,Fail,620.56,2479.13,UB 610x229x101,UC 305x305x118,101.2,118.0,78.35,158.38,37446.16
225,3,3,1,4.36,4.36,6.3,18.38,11.4,23.42,13.08,93.45,26.16,3.5724,Fail,441.71,971.31,UB 533x210x82,UC 305x305x118,82.2,118.0,77.97,120.68,25012.9
226,2,2,1,4.4,4.15,7.34,24.7,4.42,18.73,8.8,54.61,17.6,3.103,Fail,282.85,640.28,UB 406x178x54,UC 305x305x118,54.3,118.0,94.36,83.21,10424.53
227,3,1,1,3.45,6.41,7.71,13.38,7.91,16.03,10.35,80.73,20.7,3.8998,Fail,472.69,754.43,UB 533x210x82,UC 305x305x118,82.2,118.0,83.44,95.62,11849.18
228,5,2,1,4.28,5.87,4.77,7.82,4.11,11.47,21.4,162.72,42.8,3.8018,Fail,524.33,694.48,UB 533x210x82,UC 305x305x118,82.2,118.0,92.56,129.42,30682.89
229,3,3,1,3.02,5.35,5.18,21.86,4.51,15.27,9.06,18.03,18.12,0.995,Pass,169.35,877.54,UB 356x171x45,UC 254x254x73,45.0,73.1,79.46,98.17,12428.99
230,4,2,3,3.49,5.6,4.38,29.54,8.21,23.4,13.96,108.52,27.92,3.8868,Fail,580.92,2130.01,UB 610x229x101,UC 305x305x118,101.2,118.0,73.35,175.99,53859.62
231,1,2,2,3.35,7.02,7.82,12.55,11.4,0.29,3.35,0.17,6.7,0.0254,Pass,218.97,563.26,UB 457x191x67,UC 203x203x60,67.1,60.0,66.05,86.25,7783.58
232,3,3,1,3.09,4.47,5.23,15.14,8.53,22.38,9.27,26.28,18.54,1.4173,Fail,215.43,719.73,UB 406x178x54,UC 254x254x89,54.3,89.0,71.87,97.57,14377.09
233,3,3,1,3.96,7.76,5.47,10.52,14.45,11.95,11.88,43.7,23.76,1.8393,Fail,274.28,1149.42,UB 457x191x67,UC 305x305x97,67.1,96.9,93.02,90.75,22986.35
234,4,3,3,3.56,6.81,7.65,23.93,12.43,20.64,14.24,79.59,28.48,2.7945,Fail,434.43,3019.38,UB 533x210x82,UC 305x305x118,82.2,118.0,76.69,163.0,83938.5
235,2,3,3,4.31,4.33,5.79,22.59,3.02,14.1,8.62,27.71,17.24,1.6073,Fail,160.29,739.6,UB 305x165x40,UC 254x254x89,40.5,89.0,93.26,86.18,22111.52
236,1,3,3,3.3,6.15,4.66,26.36,7.74,17.01,3.3,4.14,6.6,0.6278,Pass,181.76,536.97,UB 406x178x54,UC 203x203x60,54.3,60.0,99.41,96.55,10211.8
237,5,2,1,4.35,5.78,4.22,8.3,7.4,14.1,21.75,210.12,43.5,4.8304,Fail,668.45,884.81,UB 610x229x101,UC 305x305x118,101.2,118.0,84.4,164.55,33503.68
238,5,2,3,4.21,6.89,5.58,25.41,11.7,14.46,21.05,210.28,42.1,4.9949,Fail,713.99,3303.1,UB 610x229x101,UC 305x305x118,101.2,118.0,90.15,235.39,83108.84
239,1,2,2,4.05,6.16,4.24,27.36,14.82,11.8,4.05,8.31,8.1,1.0255,Fail,246.4,697.13,UB 457x191x67,UC 254x254x73,67.1,73.1,78.6,85.61,6851.53
240,3,2,1,4.15,7.06,7.91,21.15,7.46,24.82,12.45,144.35,24.9,5.7972,Fail,599.46,1347.91,UB 610x229x101,UC 305x305x118,101.2,118.0,75.69,164.79,24592.69
241,4,2,2,3.56,6.73,6.65,18.48,10.5,8.69,14.24,47.66,28.48,1.6733,Fail,286.24,2276.35,UB 457x191x67,UC 305x305x118,67.1,118.0,71.79,110.87,36670.03
242,2,3,2,3.79,6.91,4.89,5.09,2.3,7.46,7.58,10.99,15.16,0.7252,Pass,73.89,257.93,UB 305x165x40,UC 203x203x46,40.5,46.1,67.23,78.25,12399.37
243,5,2,3,3.57,4.92,5.84,8.88,4.45,21.88,17.85,151.7,35.7,4.2493,Fail,681.05,1107.59,UB 610x229x101,UC 305x305x118,101.2,118.0,85.99,175.09,71787.12
244,1,1,3,3.63,7.06,7.54,5.39,4.68,2.52,3.63,2.05,7.26,0.2823,Pass,78.96,166.65,UB 305x165x40,UC 203x203x46,40.5,46.1,97.71,53.93,4314.68
245,1,2,3,4.01,7.49,4.98,6.11,7.71,13.49,4.01,9.76,8.02,1.2164,Fail,131.86,267.05,UB 406x178x54,UC 203x203x46,54.3,46.1,72.78,93.58,7905.71
246,1,1,3,4.49,4.94,7.67,19.4,9.51,19.31,4.49,29.63,8.98,3.2998,Fail,232.38,465.05,UB 406x178x54,UC 254x254x73,54.3,73.1,77.52,99.54,6197.61
247,3,1,2,4.31,7.94,6.09,15.34,5.58,13.92,12.93,169.18,25.86,6.5422,Fail,650.45,1053.45,UB 610x229x101,UC 305x305x118,101.2,118.0,82.13,134.16,23781.89
248,5,3,1,3.94,5.71,5.98,29.31,14.24,16.78,19.7,123.15,39.4,3.1256,Fail,531.22,2678.12,UB 533x210x82,UC 305x305x118,82.2,118.0,93.77,176.0,42508.78
249,5,2,3,3.62,4.6,5.51,23.86,8.16,21.23,18.1,149.94,36.2,4.142,Fail,710.53,2257.4,UB 610x229x101,UC 305x305x118,101.2,118.0,89.71,208.5,69342.94
250,3,3,1,4.21,7.66,6.25,29.19,9.24,3.35,12.63,15.3,25.26,0.6056,Pass,304.41,1749.99,UB 533x210x82,UC 305x305x118,82.2,118.0,85.23,90.27,29421.46
251,2,2,1,3.5,4.32,5.8,14.28,8.96,20.74,7.0,26.64,14.0,1.9028,Fail,198.13,485.04,UB 356x171x45,UC 254x254x89,45.0,89.0,92.96,90.48,6859.2
252,1,2,2,4.01,6.41,7.49,9.7,11.9,18.11,4.01,12.4,8.02,1.5463,Fail,186.26,482.45,UB 406x178x54,UC 254x254x73,54.3,73.1,71.3,67.39,7166.8
253,5,1,2,3.31,7.63,5.21,27.72,4.75,4.75,16.55,58.02,33.1,1.753,Fail,358.81,2129.76,UB 533x210x82,UC 305x305x118,82.2,118.0,71.17,104.05,29690.43
254,1,3,2,4.37,6.78,6.82,14.92,5.11,8.04,4.37,5.56,8.74,0.6357,Pass,140.73,416.31,UB 406x178x54,UC 203x203x60,54.3,60.0,78.24,77.72,9422.39
255,3,2,2,3.8,5.44,5.05,17.82,8.46,2.47,11.4,9.36,22.8,0.4104,Pass,119.73,1223.6,UB 356x171x45,UC 254x254x73,45.0,73.1,81.95,88.96,15996.96
256,4,2,1,3.56,5.66,6.25,10.53,3.9,6.52,14.24,32.58,28.48,1.1439,Fail,176.82,715.54,UB 356x171x45,UC 254x254x89,45.0,89.0,82.97,82.56,15054.36
257,5,3,3,3.63,4.61,5.32,14.5,12.83,12.48,18.15,62.26,36.3,1.715,Fail,319.16,1956.73,UB 457x191x67,UC 305x305x118,67.1,118.0,80.04,117.0,74245.38
258,3,2,2,4.45,6.57,5.96,9.21,12.33,4.23,13.35,30.39,26.7,1.1382,Fail,173.43,1237.08,UB 406x178x54,UC 254x254x89,54.3,89.0,76.56,97.32,22940.17
259,5,2,1,4.38,6.17,6.57,6.47,2.44,21.17,21.9,333.42,43.8,7.6123,Fail,979.3,905.32,UB 610x229x101,UC 305x305x118,101.2,118.0,123.65,236.79,37966.54
260,1,1,2,3.21,6.52,4.27,8.78,4.84,11.4,3.21,5.76,6.42,0.8974,Pass,83.62,165.06,UB 356x171x45,UC 203x203x46,45.0,46.1,73.12,75.53,2536.69
261,1,3,3,4.0,6.47,5.93,17.2,2.09,13.79,4.0,6.78,8.0,0.8471,Pass,119.96,344.44,UB 406x178x54,UC 203x203x46,54.3,46.1,65.48,91.48,11030.24
262,1,1,3,4.08,6.14,5.15,17.56,11.07,10.76,4.08,12.52,8.16,1.5343,Fail,135.75,358.6,UB 406x178x54,UC 254x254x73,54.3,73.1,83.06,69.52,5397.46
263,2,1,1,3.79,4.96,6.48,11.31,6.61,19.87,7.58,59.48,15.16,3.9237,Fail,371.63,391.68,UB 457x191x67,UC 305x305x97,67.1,96.9,93.2,95.71,6008.5
264,1,2,2,3.69,4.97,6.79,12.5,12.76,2.02,3.69,0.96,7.38,0.1298,Pass,178.19,480.0,UB 356x171x45,UC 203x203x46,45.0,46.1,83.61,87.84,4706.18
265,1,1,2,3.57,6.21,4.22,5.24,4.23,12.5,3.57,9.02,7.14,1.2634,Fail,86.27,119.19,UB 305x165x40,UC 203x203x46,40.5,46.1,62.53,74.28,2425.62
266,4,3,2,3.85,7.43,4.38,18.2,2.55,5.29,15.4,28.09,30.8,0.9121,Pass,189.44,1380.02,UB 457x191x67,UC 254x254x89,67.1,89.0,67.85,96.0,43799.84
267,5,2,2,3.07,4.3,7.7,27.48,9.33,0.82,15.35,3.22,30.7,0.1048,Pass,286.61,3138.4,UB 406x178x54,UC 305x305x118,54.3,118.0,95.62,117.92,35849.7
268,3,1,1,3.88,7.01,6.85,14.96,3.0,4.06,11.64,32.14,23.28,1.3805,Fail,195.95,548.74,UB 406x178x54,UC 254x254x73,54.3,73.1,77.54,82.22,7919.12
269,2,3,2,4.02,6.16,5.54,23.49,12.28,17.23,8.04,29.9,16.08,1.8597,Fail,236.09,1247.59,UB 457x191x67,UC 305x305x97,67.1,96.9,66.65,89.97,22736.7
270,1,3,3,4.46,4.21,5.75,25.97,6.43,19.23,4.46,12.63,8.92,1.4159,Fail,144.75,471.26,UB 305x165x40,UC 203x203x60,40.5,60.0,84.22,92.71,9122.16
271,5,2,2,3.04,5.09,7.97,17.27,6.63,23.53,15.2,95.1,30.4,3.1283,Fail,545.75,2232.93,UB 533x210x82,UC 305x305x118,82.2,118.0,96.34,173.95,48348.36
272,4,1,3,3.88,5.52,7.09,12.38,5.2,1.84,15.52,21.23,31.04,0.684,Pass,129.13,1022.42,UB 305x165x40,UC 254x254x73,40.5,73.1,81.53,87.22,19544.54
273,3,1,2,4.07,6.54,6.96,12.92,3.39,0.13,12.21,1.2,24.42,0.049,Pass,108.66,729.58,UB 356x171x45,UC 203x203x60,45.0,60.0,88.37,93.15,10802.7
274,3,2,2,4.14,4.41,4.35,15.77,9.24,12.81,12.42,59.98,24.84,2.4147,Fail,308.07,970.7,UB 457x191x67,UC 305x305x118,67.1,118.0,77.26,92.66,23770.37
275,1,1,1,3.53,4.37,6.39,13.11,7.01,7.3,3.53,4.46,7.06,0.6313,Pass,88.77,161.16,UB 254x146x31,UC 203x203x46,31.1,46.1,89.24,57.55,1320.2
276,4,1,3,4.35,7.62,7.91,19.3,4.2,9.52,17.4,193.73,34.8,5.5669,Fail,676.43,1718.47,UB 610x229x101,UC 305x305x118,101.2,118.0,85.41,152.07,47975.71
277,2,2,2,3.4,4.58,4.67,11.9,5.9,19.57,6.8,23.14,13.6,1.7017,Fail,173.63,493.22,UB 356x171x45,UC 254x254x89,45.0,89.0,81.47,82.94,10441.8
278,3,2,1,4.08,5.98,6.47,16.45,3.76,0.17,12.24,0.91,24.48,0.0373,Pass,92.12,791.87,UB 356x171x45,UC 203x203x60,45.0,60.0,83.71,98.25,10255.95
279,4,2,3,3.57,7.45,5.76,15.77,12.71,16.28,14.28,95.37,28.56,3.3393,Fail,463.29,2194.32,UB 533x210x82,UC 305x305x118,82.2,118.0,81.78,147.69,56861.95
280,5,1,2,3.48,7.79,4.8,12.85,14.54,24.22,17.4,353.32,34.8,10.1528,Fail,1345.29,2154.51,UB 610x229x101,UC 305x305x118,101.2,118.0,169.86,259.29,33859.62
281,3,3,3,3.95,7.87,7.13,13.15,5.64,19.65,11.85,71.56,23.7,3.0194,Fail,329.88,1216.08,UB 457x191x67,UC 305x305x118,67.1,118.0,82.73,99.99,58606.8
282,3,1,3,3.3,7.99,4.72,24.19,2.35,18.18,9.9,89.99,19.8,4.5449,Fail,536.19,1063.24,UB 533x210x82,UC 305x305x118,82.2,118.0,94.65,111.24,24210.65
283,2,2,2,4.25,4.28,7.39,24.88,10.75,3.48,8.5,9.05,17.0,0.5325,Pass,273.98,1253.76,UB 406x178x54,UC 254x254x89,54.3,89.0,91.4,94.69,14412.67
284,3,1,2,3.99,6.86,7.16,6.85,14.88,11.98,11.97,102.98,23.94,4.3017,Fail,487.86,1167.68,UB 533x210x82,UC 305x305x118,82.2,118.0,86.12,110.37,20612.41
285,4,3,3,4.39,7.48,5.67,5.92,14.59,17.54,17.56,146.51,35.12,4.1717,Fail,495.98,1619.21,UB 533x210x82,UC 305x305x118,82.2,118.0,87.55,147.86,85037.92
286,5,3,3,4.37,4.44,4.99,21.62,4.16,15.32,21.85,145.42,43.7,3.3276,Fail,544.9,1705.91,UB 533x210x82,UC 305x305x118,82.2,118.0,96.19,159.34,87761.56
287,5,3,3,3.97,7.87,5.33,24.91,3.38,2.47,19.85,22.27,39.7,0.561,Pass,244.54,2596.23,UB 533x210x82,UC 305x305x118,82.2,118.0,68.04,108.09,102579.2
288,2,3,3,3.78,6.32,6.3,16.14,7.08,19.31,7.56,27.14,15.12,1.7949,Fail,192.88,847.48,UB 406x178x54,UC 254x254x89,54.3,89.0,73.47,91.54,27211.82
289,5,3,3,3.23,7.99,5.93,12.39,13.97,2.15,16.15,9.92,32.3,0.3073,Pass,229.62,2663.92,UB 533x210x82,UC 305x305x118,82.2,118.0,66.34,104.95,99144.64
290,2,2,2,3.51,7.14,6.08,13.71,3.27,18.05,7.02,29.0,14.04,2.0653,Fail,198.48,660.48,UB 406x178x54,UC 254x254x89,54.3,89.0,77.46,89.34,14237.17
291,4,2,1,3.45,7.24,4.46,26.23,10.42,16.93,13.8,86.87,27.6,3.1476,Fail,478.13,1976.6,UB 533x210x82,UC 305x305x118,82.2,118.0,84.4,138.21,23691.79
292,2,3,1,3.77,6.21,5.32,15.66,8.01,19.94,7.54,27.55,15.08,1.8271,Fail,194.81,601.11,UB 406x178x54,UC 254x254x89,54.3,89.0,71.05,82.37,11725.92
293,2,1,3,3.99,5.58,6.95,27.08,7.84,10.74,7.98,40.65,15.96,2.5469,Fail,282.24,1023.63,UB 406x178x54,UC 305x305x97,54.3,96.9,94.16,91.14,13138.67
294,1,3,1,3.31,7.01,7.23,6.56,3.32,21.8,3.31,5.55,6.62,0.8381,Pass,80.51,150.57,UB 305x165x40,UC 203x203x46,40.5,46.1,93.84,60.9,4095.42
295,2,2,2,3.3,4.46,6.68,17.24,14.56,7.84,6.6,8.28,13.2,0.6271,Pass,200.35,1077.1,UB 356x171x45,UC 254x254x73,45.0,73.1,94.01,88.76,10357.74
296,4,3,2,3.88,5.39,7.38,20.43,12.58,17.65,15.52,81.64,31.04,2.6301,Fail,402.38,2485.53,UB 533x210x82,UC 305x305x118,82.2,118.0,71.03,150.35,57338.76
297,3,3,3,3.13,4.54,4.47,12.63,4.38,17.34,9.39,21.45,18.78,1.1421,Fail,169.31,658.75,UB 305x165x40,UC 254x254x89,40.5,89.0,98.51,81.09,26507.94
298,5,2,2,3.89,6.3,5.69,17.17,8.99,22.98,19.45,242.63,38.9,6.2373,Fail,877.31,2261.93,UB 610x229x101,UC 305x305x118,101.2,118.0,110.77,247.09,57057.54
299,2,3,1,3.73,4.56,5.26,16.28,2.7,8.98,7.46,10.61,14.92,0.7109,Pass,86.04,382.29,UB 254x146x31,UC 203x203x46,31.1,46.1,95.65,98.35,5761.73
300,1,2,1,3.29,5.54,6.25,21.33,7.32,12.29,3.29,3.92,6.58,0.5955,Pass,135.33,366.52,UB 356x171x45,UC 203x203x46,45.0,46.1,94.36,88.46,2750.96
301,4,2,1,3.12,4.12,7.04,12.3,5.57,13.44,12.48,36.43,24.96,1.4597,Fail,256.39,761.27,UB 406x178x54,UC 305x305x97,54.3,96.9,85.54,90.37,15422.59
302,2,2,3,4.11,7.06,6.2,7.83,3.48,19.38,8.22,53.98,16.44,3.2835,Fail,245.24,437.52,UB 406x178x54,UC 305x305x97,54.3,96.9,81.81,87.14,21751.82
303,3,3,1,4.14,5.77,4.87,15.63,11.57,16.34,12.42,60.51,24.84,2.4361,Fail,302.31,968.12,UB 457x191x67,UC 305x305x118,67.1,118.0,75.81,87.21,22614.81
304,2,2,1,3.67,5.39,7.27,15.98,14.92,19.39,7.34,32.21,14.68,2.194,Fail,231.01,818.19,UB 406x178x54,UC 305x305x97,54.3,96.9,77.07,85.8,8977.46
305,2,1,3,3.88,5.4,6.84,20.82,4.16,3.48,7.76,11.78,15.52,0.7587,Pass,152.24,691.73,UB 356x171x45,UC 203x203x60,45.0,60.0,76.19,96.53,9362.4
306,2,1,1,3.86,6.13,6.39,9.21,14.73,7.32,7.72,25.77,15.44,1.669,Fail,195.69,464.32,UB 406x178x54,UC 254x254x73,54.3,73.1,69.12,80.44,4976.67
307,5,2,3,4.48,6.72,4.38,29.07,12.21,22.97,22.4,408.49,44.8,9.1182,Fail,1204.02,3249.03,UB 610x229x101,UC 305x305x118,101.2,118.0,152.02,341.63,78867.48
308,3,3,1,4.05,4.53,4.58,13.05,5.22,21.09,12.15,65.37,24.3,2.6901,Fail,333.71,539.25,UB 457x191x67,UC 305x305x118,67.1,118.0,83.69,86.46,20628.75
309,4,2,1,3.87,5.07,5.66,16.3,10.24,22.0,15.48,139.49,30.96,4.5054,Fail,638.92,1191.72,UB 610x229x101,UC 305x305x118,101.2,118.0,80.67,167.27,26042.69
310,1,2,3,4.12,6.78,7.51,16.37,8.34,14.55,4.12,11.22,8.24,1.3616,Fail,190.27,533.45,UB 406x178x54,UC 254x254x73,54.3,73.1,96.52,71.0,10229.43
311,1,3,2,3.95,6.79,7.4,24.89,7.17,24.2,3.95,11.55,7.9,1.4614,Fail,260.51,689.99,UB 457x191x67,UC 254x254x73,67.1,73.1,80.01,88.08,11537.74
312,2,2,2,3.48,5.13,6.19,8.26,13.08,19.71,6.96,26.51,13.92,1.9046,Fail,193.35,746.14,UB 356x171x45,UC 254x254x89,45.0,89.0,90.72,97.16,11687.76
313,1,1,1,3.94,7.35,4.07,28.24,4.05,11.41,3.94,12.6,7.88,1.5991,Fail,188.89,263.22,UB 533x210x82,UC 254x254x73,82.2,73.1,63.26,83.43,3029.5
314,4,1,3,4.36,7.53,5.21,26.86,13.4,2.33,17.44,47.55,34.88,1.3631,Fail,319.01,2100.22,UB 533x210x82,UC 305x305x118,82.2,118.0,84.82,108.09,36645.1
315,3,2,1,3.56,7.62,4.66,14.91,5.97,17.49,10.68,62.3,21.36,2.9167,Fail,336.74,893.32,UB 457x191x67,UC 305x305x118,67.1,118.0,84.45,89.97,16511.24
316,2,2,3,3.14,4.38,4.85,6.95,9.72,12.99,6.28,11.35,12.56,0.9038,Pass,105.85,461.54,UB 254x146x31,UC 203x203x60,31.1,60.0,97.2,96.89,9416.12
317,4,1,1,4.04,7.27,7.95,15.56,3.72,1.77,16.16,27.33,32.32,0.8456,Pass,167.73,837.89,UB 406x178x54,UC 254x254x73,54.3,73.1,92.85,84.54,11336.75
318,4,1,3,4.21,4.41,5.47,12.48,6.98,20.33,16.84,281.02,33.68,8.3438,Fail,1231.89,1601.49,UB 610x229x101,UC 305x305x118,101.2,118.0,155.54,233.04,36323.17
319,2,3,3,3.21,6.12,4.03,21.25,7.72,18.06,6.42,14.09,12.84,1.0977,Fail,177.14,844.54,UB 406x178x54,UC 254x254x73,54.3,73.1,83.23,87.18,20736.31
320,2,2,3,4.03,7.44,4.35,7.51,11.78,14.74,8.06,39.27,16.12,2.4361,Fail,229.15,687.9,UB 406x178x54,UC 254x254x89,54.3,89.0,99.57,97.42,19323.64
321,4,2,2,3.47,4.56,5.11,7.11,9.19,15.0,13.88,61.79,27.76,2.2259,Fail,348.34,932.95,UB 457x191x67,UC 305x305x118,67.1,118.0,87.36,99.02,30313.13
322,5,2,3,3.04,7.39,7.5,10.14,9.89,4.72,15.2,23.76,30.4,0.7817,Pass,189.51,2168.26,UB 457x191x67,UC 305x305x118,67.1,118.0,64.44,82.93,64004.21
323,4,2,3,3.08,7.59,7.82,17.37,3.47,12.49,12.32,44.9,24.64,1.8223,Fail,284.88,1813.05,UB 457x191x67,UC 305x305x118,67.1,118.0,72.64,98.36,52632.36
324,5,1,3,4.33,4.05,5.44,12.91,7.03,20.97,21.65,466.81,43.3,10.7807,Fail,1776.95,2589.89,UB 610x229x101,UC 305x305x118,101.2,118.0,224.36,336.2,45150.64
325,4,2,3,4.02,7.05,7.82,24.26,2.22,1.69,16.08,14.52,32.16,0.4516,Pass,204.7,2212.57,UB 457x191x67,UC 305x305x118,67.1,118.0,73.97,88.82,56797.03
326,3,1,1,4.38,7.79,5.59,12.16,11.26,19.18,13.14,243.57,26.28,9.2684,Fail,895.87,859.75,UB 610x229x101,UC 305x305x118,101.2,118.0,113.12,168.44,14326.42
327,4,3,2,3.12,6.15,6.46,11.94,6.03,12.78,12.48,29.61,24.96,1.1864,Fail,197.64,1318.61,UB 356x171x45,UC 305x305x97,45.0,96.9,92.74,88.93,33777.14
328,2,1,3,3.49,6.35,7.05,21.25,10.36,7.75,6.98,19.56,13.96,1.4014,Fail,207.82,954.84,UB 457x191x67,UC 254x254x89,67.1,89.0,64.52,81.63,14055.1
329,4,3,1,3.09,4.34,5.74,16.33,9.91,7.73,12.36,14.58,24.72,0.5896,Pass,128.19,1071.06,UB 305x165x40,UC 254x254x73,40.5,73.1,74.58,92.56,15166.13
330,2,1,1,4.06,6.81,4.66,28.83,8.8,19.57,8.12,86.48,16.24,5.3249,Fail,504.17,683.09,UB 533x210x82,UC 305x305x118,82.2,118.0,89.0,100.67,7603.98
331,3,1,2,3.19,7.12,5.08,27.16,12.03,0.73,9.57,3.12,19.14,0.1632,Pass,225.62,1481.74,UB 533x210x82,UC 305x305x97,82.2,96.9,69.8,95.41,15842.29
332,4,2,3,3.1,6.85,6.31,6.93,7.92,9.0,12.4,31.07,24.8,1.253,Fail,195.47,1147.48,UB 356x171x45,UC 305x305x97,45.0,96.9,92.45,82.16,34504.92
333,4,3,1,3.55,5.02,4.41,19.35,11.4,5.71,14.2,18.76,28.4,0.6606,Pass,147.75,1261.1,UB 356x171x45,UC 254x254x89,45.0,89.0,75.35,85.17,18707.2
334,5,1,1,4.29,4.05,4.18,14.1,13.96,4.47,21.45,96.31,42.9,2.2449,Fail,398.35,1051.0,UB 457x191x67,UC 305x305x118,67.1,118.0,99.9,88.2,15646.73
335,1,3,3,4.11,5.68,5.29,15.41,11.36,6.78,4.11,3.56,8.22,0.4329,Pass,124.43,439.16,UB 356x171x45,UC 203x203x46,45.0,46.1,95.02,95.45,8955.34
336,1,3,2,3.18,6.69,4.21,10.58,8.71,1.15,3.18,0.32,6.36,0.0496,Pass,116.33,324.09,UB 406x178x54,UC 203x203x46,54.3,46.1,72.39,76.03,6857.4
337,4,1,2,4.3,7.09,5.24,7.16,7.94,9.22,17.2,172.97,34.4,5.0282,Fail,604.67,958.95,UB 610x229x101,UC 305x305x118,101.2,118.0,76.35,119.82,29272.3
338,3,3,2,4.11,4.97,5.47,29.3,14.97,19.4,12.33,65.79,24.66,2.6677,Fail,361.41,2053.22,UB 457x191x67,UC 305x305x118,67.1,118.0,90.64,130.31,35272.32
339,5,1,1,3.01,5.64,4.93,13.66,12.91,21.93,15.05,161.56,30.1,5.3674,Fail,903.6,1395.34,UB 610x229x101,UC 305x305x118,101.2,118.0,114.09,170.41,17800.44
340,3,1,3,3.56,6.95,5.23,10.13,14.78,10.5,10.68,61.68,21.36,2.8875,Fail,373.66,1033.0,UB 457x191x67,UC 305x305x118,67.1,118.0,93.71,84.98,21994.85
341,1,1,3,3.42,4.18,4.93,26.14,7.37,22.39,3.42,12.0,6.84,1.7537,Fail,138.64,368.44,UB 305x165x40,UC 254x254x73,40.5,73.1,80.66,69.25,3875.17
342,4,3,1,3.87,6.02,6.55,14.86,9.69,1.56,15.48,7.63,30.96,0.2465,Pass,125.52,1298.94,UB 406x178x54,UC 254x254x73,54.3,73.1,67.13,99.62,22588.61
343,2,1,2,3.39,5.26,7.2,22.52,11.56,7.95,6.78,16.52,13.56,1.2184,Fail,246.02,1026.68,UB 406x178x54,UC 254x254x73,54.3,73.1,82.07,99.25,7815.1
344,3,1,1,4.42,4.54,7.08,7.72,3.37,11.24,13.26,112.93,26.52,4.2583,Fail,514.9,522.72,UB 533x210x82,UC 305x305x118,82.2,118.0,90.89,97.59,11989.7
345,3,2,1,3.8,7.86,4.83,12.71,5.45,3.0,11.4,13.7,22.8,0.6008,Pass,167.26,805.29,UB 457x191x67,UC 254x254x73,67.1,73.1,70.3,78.9,14245.75
346,2,3,2,4.24,6.79,4.16,25.9,6.26,2.28,8.48,5.14,16.96,0.3029,Pass,192.2,1026.7,UB 457x191x67,UC 254x254x89,67.1,89.0,80.26,83.38,21723.78
347,2,2,2,3.77,6.71,5.04,29.77,2.4,10.11,7.54,20.38,15.08,1.3518,Fail,223.22,1103.92,UB 457x191x67,UC 254x254x89,67.1,89.0,77.48,87.93,15500.64
348,4,3,3,3.83,4.38,4.41,24.85,3.58,1.54,15.32,6.27,30.64,0.2046,Pass,78.52,1389.34,UB 305x165x40,UC 254x254x73,40.5,73.1,65.87,91.48,35006.03
349,2,1,1,4.24,5.49,6.52,21.12,9.57,6.47,8.48,30.15,16.96,1.7778,Fail,206.61,552.97,UB 356x171x45,UC 254x254x73,45.0,73.1,98.36,90.15,4641.35
350,1,1,1,3.3,6.58,7.24,7.3,13.01,20.22,3.3,11.31,6.6,1.7135,Fail,144.22,218.01,UB 406x178x54,UC 203x203x60,54.3,60.0,72.52,94.67,2292.85
351,1,1,2,3.08,7.7,5.73,23.11,8.45,9.57,3.08,4.58,6.16,0.7442,Pass,192.32,461.94,UB 533x210x82,UC 254x254x73,82.2,73.1,71.09,92.61,5133.73
352,4,1,2,3.32,4.75,5.12,27.09,2.45,15.48,13.28,96.94,26.56,3.6498,Fail,604.24,1509.69,UB 610x229x101,UC 305x305x118,101.2,118.0,76.29,132.02,23460.94
353,2,3,2,3.75,7.53,5.92,7.19,6.98,10.48,7.5,15.51,15.0,1.0339,Fail,135.86,573.52,UB 406x178x54,UC 203x203x60,54.3,60.0,75.83,97.75,17903.12
354,5,1,3,4.49,6.17,4.08,14.56,11.27,11.99,22.45,359.33,44.9,8.003,Fail,1119.74,1756.93,UB 610x229x101,UC 305x305x118,101.2,118.0,141.38,216.86,46067.76
355,4,2,3,3.75,5.55,4.72,12.97,4.85,22.39,15.0,132.65,30.0,4.4217,Fail,594.83,1040.59,UB 610x229x101,UC 305x305x118,101.2,118.0,75.1,156.84,56409.02
356,3,1,2,3.79,7.07,8.0,29.35,3.3,16.42,11.37,120.49,22.74,5.2985,Fail,623.57,1754.36,UB 610x229x101,UC 305x305x118,101.2,118.0,78.73,146.65,24204.52
357,3,3,3,3.08,7.99,4.88,26.16,12.37,8.87,9.24,14.27,18.48,0.7723,Pass,338.26,2128.67,UB 533x210x82,UC 305x305x118,82.2,118.0,96.97,101.15,55530.02
358,2,1,1,3.89,7.22,6.79,27.85,2.37,17.51,7.78,68.67,15.56,4.4134,Fail,421.19,642.6,UB 533x210x82,UC 305x305x118,82.2,118.0,74.35,85.4,8278.65
359,5,3,1,3.84,4.75,7.95,27.04,8.4,7.73,19.2,47.68,38.4,1.2416,Fail,248.92,2147.91,UB 406x178x54,UC 305x305x118,54.3,118.0,83.04,105.9,34496.25
360,4,1,1,3.08,6.41,4.08,16.95,6.31,15.35,12.32,88.07,24.64,3.5745,Fail,529.14,842.21,UB 533x210x82,UC 305x305x118,82.2,118.0,93.4,101.48,12713.26
361,2,2,3,3.27,7.21,7.47,6.49,3.92,17.62,6.54,22.17,13.08,1.6952,Fail,153.05,446.85,UB 356x171x45,UC 254x254x73,45.0,73.1,75.58,86.97,16978.79
362,2,1,3,4.29,7.84,5.49,28.55,7.14,2.53,8.58,14.65,17.16,0.8538,Pass,260.94,962.1,UB 533x210x82,UC 305x305x97,82.2,96.9,84.86,86.97,17222.14
363,3,2,1,4.46,6.93,5.75,20.98,8.33,7.93,13.38,58.87,26.76,2.1999,Fail,292.44,1239.33,UB 457x191x67,UC 305x305x118,67.1,118.0,77.76,85.34,18525.5
364,5,3,3,4.18,4.89,6.36,9.38,5.99,17.21,20.9,144.87,41.8,3.4659,Fail,540.01,1257.9,UB 533x210x82,UC 305x305x118,82.2,118.0,95.32,147.43,94944.2
365,2,1,3,3.0,6.81,6.29,26.27,12.02,14.19,6.0,22.08,12.0,1.84,Fail,280.29,1095.98,UB 457x191x67,UC 305x305x97,67.1,96.9,96.4,84.16,13371.52
366,2,3,2,4.38,7.87,4.88,19.14,14.18,3.52,8.76,9.43,17.52,0.5382,Pass,275.93,1269.75,UB 533x210x82,UC 305x305x97,82.2,96.9,80.14,90.66,28248.76
367,1,1,2,4.47,4.67,7.54,7.22,11.22,15.98,4.47,23.73,8.94,2.6545,Fail,163.56,323.54,UB 305x165x40,UC 254x254x73,40.5,73.1,95.16,74.85,3749.43
368,3,2,1,3.4,5.0,4.27,11.42,3.4,0.03,10.2,0.1,20.4,0.005,Pass,46.12,450.42,UB 254x146x31,UC 203x203x46,31.1,46.1,98.45,62.97,5882.49
369,4,2,3,3.63,4.67,5.66,27.04,6.57,9.38,14.52,45.8,29.04,1.5771,Fail,272.8,1954.26,UB 406x178x54,UC 305x305x118,54.3,118.0,91.01,106.86,39739.08
370,4,3,3,4.14,4.9,5.81,24.98,2.43,0.5,16.56,2.85,33.12,0.0861,Pass,115.33,1634.33,UB 305x165x40,UC 254x254x89,40.5,89.0,88.92,91.73,44401.68
371,3,1,1,3.51,7.55,4.64,6.88,14.24,24.45,10.53,143.73,21.06,6.8248,Fail,723.67,721.98,UB 610x229x101,UC 305x305x118,101.2,118.0,91.37,136.75,12371.93
372,3,3,3,4.34,6.82,5.73,21.34,9.9,10.86,13.02,51.32,26.04,1.9708,Fail,283.72,1695.74,UB 457x191x67,UC 305x305x118,67.1,118.0,79.0,96.19,54897.54
373,1,1,2,3.31,4.76,6.79,23.05,11.49,6.63,3.31,3.31,6.62,0.4993,Pass,236.96,496.08,UB 406x178x54,UC 203x203x60,54.3,60.0,79.05,78.69,3441.79
374,3,2,1,3.14,5.57,6.2,17.27,2.71,0.1,9.42,0.25,18.84,0.0134,Pass,78.66,729.16,UB 305x165x40,UC 203x203x60,40.5,60.0,95.2,81.55,8358.12
375,1,2,3,3.94,5.92,4.39,10.17,10.3,24.43,3.94,15.27,7.88,1.9383,Fail,139.1,324.56,UB 356x171x45,UC 203x203x60,45.0,60.0,82.26,98.61,6745.95
376,4,1,2,4.18,5.88,7.58,11.63,10.34,9.69,16.72,149.02,33.44,4.4563,Fail,607.99,1583.72,UB 610x229x101,UC 305x305x118,101.2,118.0,76.77,138.3,31251.97
377,3,2,2,3.28,4.18,5.76,11.59,12.88,14.11,9.84,28.16,19.68,1.4307,Fail,215.64,1096.54,UB 406x178x54,UC 305x305x97,54.3,96.9,71.94,91.64,18296.82
378,2,3,3,3.15,6.67,7.23,15.35,11.83,5.69,6.3,4.47,12.6,0.355,Pass,189.73,1101.83,UB 457x191x67,UC 254x254x73,67.1,73.1,64.3,93.15,29753.04
379,1,2,3,3.63,6.14,7.47,16.87,13.46,11.91,3.63,5.62,7.26,0.7742,Pass,232.95,629.98,UB 406x178x54,UC 254x254x73,54.3,73.1,87.99,68.69,9502.04
380,1,2,3,3.05,6.28,6.07,19.29,14.78,3.69,3.05,1.0,6.1,0.1637,Pass,191.68,641.5,UB 457x191x67,UC 203x203x60,67.1,60.0,67.27,97.61,9232.78
381,4,1,1,4.46,7.23,4.5,15.58,14.85,10.88,17.84,233.7,35.68,6.5499,Fail,815.14,1231.53,UB 610x229x101,UC 305x305x118,101.2,118.0,102.92,156.41,17917.09
382,2,3,2,3.48,6.91,7.23,7.18,9.23,13.8,6.96,15.08,13.92,1.0834,Fail,138.63,703.02,UB 406x178x54,UC 254x254x73,54.3,73.1,67.86,76.86,19140.57
383,3,3,2,4.38,4.05,6.8,19.69,12.16,2.81,13.14,11.15,26.28,0.4242,Pass,206.99,1544.41,UB 356x171x45,UC 254x254x89,45.0,89.0,97.12,99.87,26298.27
384,2,1,3,3.88,7.03,7.76,28.12,9.31,2.52,7.76,9.75,15.52,0.6283,Pass,295.96,1211.46,UB 533x210x82,UC 305x305x97,82.2,96.9,64.17,86.78,18292.94
385,3,3,2,4.32,5.06,6.62,19.3,8.15,4.3,12.96,17.6,25.92,0.6788,Pass,167.24,1418.01,UB 305x165x40,UC 254x254x89,40.5,89.0,98.06,92.5,25809.03
386,4,1,3,3.91,6.77,4.16,27.24,6.31,5.94,15.64,78.67,31.28,2.515,Fail,404.16,1509.06,UB 533x210x82,UC 305x305x118,82.2,118.0,71.34,99.06,31874.91
387,4,2,2,3.03,7.27,5.21,12.01,8.39,17.4,12.12,57.59,24.24,2.3758,Fail,342.99,1491.4,UB 457x191x67,UC 305x305x118,67.1,118.0,86.02,105.77,32969.23
388,1,1,1,3.45,6.97,7.1,13.02,11.47,15.12,3.45,10.17,6.9,1.4739,Fail,148.69,256.31,UB 457x191x67,UC 254x254x73,67.1,73.1,66.11,67.38,2896.97
389,1,1,2,3.32,7.3,6.96,23.99,13.27,20.53,3.32,12.33,6.64,1.8576,Fail,268.81,619.13,UB 533x210x82,UC 254x254x89,82.2,89.0,71.52,93.56,5861.51
390,5,1,1,3.47,6.03,4.54,26.28,13.43,0.72,17.35,8.96,34.7,0.2581,Pass,170.05,1486.01,UB 457x191x67,UC 305x305x97,67.1,96.9,69.41,83.84,13817.33
391,2,1,1,3.37,5.83,7.67,22.62,5.56,20.59,6.74,43.97,13.48,3.2622,Fail,341.18,597.04,UB 457x191x67,UC 305x305x97,67.1,96.9,85.56,90.57,6235.82
392,5,2,3,4.38,6.72,4.97,17.22,7.8,24.01,21.9,394.85,43.8,9.0148,Fail,1150.67,2080.79,UB 610x229x101,UC 305x305x118,101.2,118.0,145.29,302.83,80846.34
393,4,3,3,3.52,4.65,7.58,23.72,10.96,7.13,14.08,21.95,28.16,0.7793,Pass,257.67,2422.51,UB 406x178x54,UC 305x305x118,54.3,118.0,85.96,97.16,58459.31
394,4,1,1,4.28,7.12,4.86,10.53,4.93,5.17,17.12,95.72,34.24,2.7955,Fail,362.17,613.56,UB 457x191x67,UC 305x305x97,67.1,96.9,90.83,87.19,13066.58
395,4,3,1,4.3,7.87,6.73,16.85,3.72,4.33,17.2,34.71,34.4,1.009,Fail,207.82,1290.58,UB 457x191x67,UC 254x254x89,67.1,89.0,79.93,97.56,32145.58
396,1,1,2,3.91,7.77,6.85,22.73,5.58,22.39,3.91,24.6,7.82,3.146,Fail,243.89,478.89,UB 533x210x82,UC 254x254x89,82.2,89.0,65.53,93.13,6256.3
397,3,2,2,3.33,5.21,6.08,20.59,9.6,0.18,9.99,0.48,19.98,0.0242,Pass,153.06,1509.47,UB 356x171x45,UC 254x254x89,45.0,89.0,82.7,82.92,17146.89
398,3,3,3,3.89,5.13,6.74,17.04,6.37,6.91,11.67,19.53,23.34,0.8368,Pass,138.29,1195.09,UB 305x165x40,UC 254x254x89,40.5,89.0,87.15,86.35,33924.54
399,3,2,2,3.98,7.81,6.61,9.71,8.72,6.01,11.94,31.93,23.88,1.3369,Fail,202.42,1199.23,UB 457x191x67,UC 254x254x89,67.1,89.0,69.99,96.84,26980.42
400,1,3,2,3.99,6.72,6.89,21.39,14.97,6.49,3.99,3.27,7.98,0.4101,Pass,262.97,767.31,UB 457x191x67,UC 254x254x73,67.1,73.1,87.96,86.92,11256.79
401,4,2,2,4.11,6.33,7.98,25.4,6.46,17.83,16.44,155.2,32.88,4.7203,Fail,616.78,2641.1,UB 610x229x101,UC 305x305x118,101.2,118.0,77.88,202.45,52215.41
402,5,3,2,4.36,6.69,6.03,26.14,12.93,21.91,21.8,247.33,43.6,5.6727,Fail,807.17,3606.63,UB 610x229x101,UC 305x305x118,101.2,118.0,101.91,266.3,85744.5
403,2,2,1,3.71,6.96,6.9,18.98,13.86,23.67,7.42,45.69,14.84,3.079,Fail,322.67,998.65,UB 457x191x67,UC 305x305x118,67.1,118.0,88.27,86.64,11767.43
404,3,3,1,3.33,4.89,7.49,15.51,13.53,9.29,9.99,14.84,19.98,0.7425,Pass,175.53,1081.66,UB 356x171x45,UC 254x254x89,45.0,89.0,82.36,84.87,15118.38
405,5,2,2,4.28,5.88,7.47,19.59,14.28,1.78,21.4,25.36,42.8,0.5925,Pass,254.09,3315.05,UB 406x178x54,UC 305x305x118,54.3,118.0,86.3,129.27,44473.95
406,2,3,1,4.3,5.53,5.19,6.35,13.11,3.43,8.6,7.3,17.2,0.4247,Pass,92.38,468.59,UB 305x165x40,UC 203x203x46,40.5,46.1,90.74,89.92,7540.82
407,2,2,2,4.48,7.57,7.95,8.58,13.21,4.51,8.96,17.69,17.92,0.9872,Pass,200.38,1047.51,UB 457x191x67,UC 254x254x89,67.1,89.0,75.35,84.08,19673.66
408,1,2,2,3.95,4.71,6.54,5.12,5.56,19.03,3.95,11.23,7.9,1.4214,Fail,84.09,190.27,UB 254x146x31,UC 203x203x46,31.1,46.1,77.22,94.58,3738.11
409,2,3,1,3.73,7.05,4.35,20.36,10.24,10.08,7.46,14.32,14.92,0.9598,Pass,222.01,806.49,UB 457x191x67,UC 254x254x73,67.1,73.1,85.48,92.83,12374.35
410,4,2,1,3.06,4.8,5.49,5.35,6.19,20.83,12.24,56.62,24.48,2.3131,Fail,361.54,500.64,UB 457x191x67,UC 305x305x118,67.1,118.0,90.67,91.99,18239.75
411,2,1,3,3.01,6.93,4.91,26.92,6.06,2.57,6.02,4.18,12.04,0.3468,Pass,183.71,784.97,UB 457x191x67,UC 254x254x73,67.1,73.1,87.5,95.64,11194.05
412,5,3,2,3.25,7.3,5.19,12.27,11.46,14.91,16.25,64.51,32.5,1.9849,Fail,337.51,2159.36,UB 457x191x67,UC 305x305x118,67.1,118.0,84.64,118.97,58982.31
413,3,2,3,4.49,5.37,7.61,13.98,4.45,23.7,13.47,160.45,26.94,5.9558,Fail,626.12,1028.81,UB 610x229x101,UC 305x305x118,101.2,118.0,79.06,169.63,52909.74
414,4,1,1,3.34,7.94,4.84,5.55,8.56,3.08,13.36,26.59,26.72,0.995,Pass,175.43,550.86,UB 406x178x54,UC 254x254x73,54.3,73.1,88.52,70.61,9458.1
415,1,2,3,3.38,6.14,4.19,29.87,10.61,16.34,3.38,5.97,6.76,0.8831,Pass,230.0,630.49,UB 457x191x67,UC 254x254x73,67.1,73.1,74.7,78.81,8791.23
416,1,1,3,3.17,5.78,4.49,11.32,11.12,5.14,3.17,2.37,6.34,0.3742,Pass,77.45,249.28,UB 356x171x45,UC 203x203x46,45.0,46.1,83.93,78.17,3421.8
417,1,2,2,3.99,6.65,5.08,20.14,3.78,20.77,3.99,14.14,7.98,1.772,Fail,177.75,432.94,UB 406x178x54,UC 254x254x73,54.3,73.1,88.16,70.85,6446.66
418,1,3,3,3.93,5.13,7.14,17.44,9.92,19.45,3.93,8.35,7.86,1.0627,Fail,190.91,497.17,UB 356x171x45,UC 203x203x60,45.0,60.0,89.57,85.61,10398.6
419,5,1,2,4.06,5.18,4.16,17.41,4.7,23.33,20.3,454.75,40.6,11.2006,Fail,1720.74,2151.62,UB 610x229x101,UC 305x305x118,101.2,118.0,217.26,315.88,30655.48
420,3,1,1,3.02,4.36,4.44,19.35,8.42,23.74,9.06,61.74,18.12,3.4075,Fail,514.41,712.66,UB 533x210x82,UC 305x305x118,82.2,118.0,90.81,100.94,8616.48
421,5,1,3,4.09,7.62,6.58,16.42,14.7,6.6,20.45,162.6,40.9,3.9755,Fail,602.83,2496.8,UB 610x229x101,UC 305x305x118,101.2,118.0,76.12,157.44,54704.56
422,1,1,1,4.31,7.41,5.44,21.92,7.54,2.9,4.31,4.46,8.62,0.5168,Pass,147.71,266.07,UB 457x191x67,UC 254x254x73,67.1,73.1,95.55,69.35,2984.71
423,1,1,1,4.0,4.68,5.43,15.94,10.08,21.96,4.0,21.66,8.0,2.7071,Fail,174.42,218.99,UB 356x171x45,UC 254x254x73,45.0,73.1,81.84,75.85,2079.5
424,1,2,2,3.27,5.6,7.85,11.8,7.01,21.27,3.27,6.62,6.54,1.0126,Fail,170.97,395.66,UB 305x165x40,UC 203x203x46,40.5,46.1,99.47,95.34,4625.07
425,4,3,1,3.17,6.78,4.23,28.56,4.07,10.4,12.68,27.01,25.36,1.0652,Fail,247.57,1608.89,UB 457x191x67,UC 305x305x97,67.1,96.9,81.07,92.56,25289.38
426,5,2,3,4.02,4.73,5.52,13.96,2.37,17.11,20.1,176.75,40.2,4.3967,Fail,690.06,1229.66,UB 610x229x101,UC 305x305x118,101.2,118.0,87.13,178.58,72746.72
427,2,2,2,3.17,5.65,4.18,11.54,6.09,17.61,6.34,17.72,12.68,1.3979,Fail,150.64,518.35,UB 305x165x40,UC 254x254x73,40.5,73.1,87.68,86.16,8948.47
428,5,3,3,4.09,4.9,7.82,26.83,8.75,17.21,20.45,134.29,40.9,3.2835,Fail,549.73,3209.82,UB 533x210x82,UC 305x305x118,82.2,118.0,97.04,203.1,101344.64
429,5,1,2,3.99,4.99,5.38,21.91,7.0,20.98,19.95,378.76,39.9,9.4928,Fail,1511.34,2440.11,UB 610x229x101,UC 305x305x118,101.2,118.0,190.83,292.39,32588.54
430,5,3,1,3.02,7.74,6.02,16.73,8.45,4.14,15.1,14.75,30.2,0.4883,Pass,216.45,1910.98,UB 457x191x67,UC 305x305x97,67.1,96.9,93.08,97.26,35364.98
431,4,2,1,3.5,5.11,6.03,18.76,6.92,20.43,14.0,91.44,28.0,3.2657,Fail,489.99,1171.76,UB 533x210x82,UC 305x305x118,82.2,118.0,86.49,134.05,22580.66
432,1,2,2,4.2,5.79,7.43,16.18,3.54,12.43,4.2,9.77,8.4,1.1632,Fail,161.58,404.55,UB 356x171x45,UC 203x203x60,45.0,60.0,75.81,78.99,5837.4
433,1,1,2,3.62,6.23,4.0,7.27,9.85,15.48,3.62,11.76,7.24,1.6247,Fail,122.31,206.06,UB 356x171x45,UC 203x203x60,45.0,60.0,80.19,82.65,2864.25
434,3,3,3,3.31,6.69,7.8,14.08,2.71,5.57,9.93,10.18,19.86,0.5128,Pass,131.31,1029.11,UB 356x171x45,UC 254x254x73,45.0,73.1,97.38,77.17,35087.93
435,4,2,3,4.15,6.4,6.87,14.08,7.88,2.44,16.6,22.15,33.2,0.6671,Pass,151.43,1686.63,UB 406x178x54,UC 305x305x97,54.3,96.9,72.15,85.18,43852.6
436,2,1,2,3.53,6.53,7.2,18.69,6.86,2.66,7.06,7.12,14.12,0.5044,Pass,183.56,795.84,UB 406x178x54,UC 254x254x73,54.3,73.1,89.17,81.02,8351.67
437,2,2,1,4.23,6.97,5.64,11.36,4.55,3.02,8.46,9.33,16.92,0.5511,Pass,114.44,451.43,UB 406x178x54,UC 203x203x46,54.3,46.1,67.52,98.87,7205.32
438,4,1,2,4.24,4.76,5.35,23.93,2.6,15.83,16.96,231.42,33.92,6.8224,Fail,988.54,1597.86,UB 610x229x101,UC 305x305x118,101.2,118.0,124.82,196.07,26450.94
439,5,1,2,3.69,6.36,6.02,29.1,2.06,18.41,18.45,288.21,36.9,7.8107,Fail,1159.45,2453.0,UB 610x229x101,UC 305x305x118,101.2,118.0,146.39,239.76,34901.56
440,5,2,3,3.72,6.03,7.68,9.43,9.52,18.26,18.6,161.52,37.2,4.342,Fail,633.53,1886.46,UB 610x229x101,UC 305x305x118,101.2,118.0,79.99,185.9,85721.76
441,2,1,2,3.99,6.42,5.29,27.03,7.44,15.22,7.98,61.49,15.96,3.8531,Fail,387.93,928.69,UB 457x191x67,UC 305x305x118,67.1,118.0,97.29,88.66,11074.2
442,2,2,2,4.45,7.88,5.81,8.33,7.37,17.5,8.9,67.89,17.8,3.8139,Fail,285.77,655.15,UB 406x178x54,UC 305x305x118,54.3,118.0,96.28,81.74,18372.2
443,5,2,3,3.82,5.26,6.95,18.84,4.83,5.24,19.1,47.51,38.2,1.2436,Fail,225.58,2024.98,UB 406x178x54,UC 305x305x118,54.3,118.0,75.26,100.05,55452.64
444,3,3,2,4.38,4.53,6.84,29.38,4.31,13.56,13.14,55.8,26.28,2.1232,Fail,279.79,1672.36,UB 406x178x54,UC 305x305x118,54.3,118.0,93.34,106.13,34161.56
445,3,3,1,4.14,6.25,6.33,28.57,11.23,16.86,12.42,64.76,24.84,2.6072,Fail,355.7,1594.15,UB 457x191x67,UC 305x305x118,67.1,118.0,89.2,108.89,24370.15
446,5,2,2,4.21,6.09,4.1,8.63,10.71,5.0,21.05,68.24,42.1,1.6208,Fail,257.58,1429.23,UB 406x178x54,UC 305x305x118,54.3,118.0,85.93,90.29,38954.61
447,2,2,3,3.38,7.36,6.76,12.38,11.8,0.81,6.76,1.31,13.52,0.0969,Pass,175.15,1014.36,UB 457x191x67,UC 254x254x73,67.1,73.1,76.85,92.78,21996.3
448,4,1,3,4.3,6.96,7.46,23.56,9.3,5.94,17.2,110.32,34.4,3.2069,Fail,470.93,2158.05,UB 533x210x82,UC 305x305x118,82.2,118.0,83.13,131.51,40107.68
449,3,3,3,3.07,5.53,5.67,24.7,10.91,24.15,9.21,30.67,18.42,1.6649,Fail,264.58,1717.1,UB 406x178x54,UC 305x305x118,54.3,118.0,88.27,94.66,39282.24
450,1,1,3,3.38,6.48,7.12,26.75,12.79,22.79,3.38,13.8,6.76,2.042,Fail,272.15,613.73,UB 457x191x67,UC 254x254x89,67.1,89.0,85.77,86.52,7012.3
451,3,3,3,4.11,4.79,6.9,9.84,7.83,24.59,12.33,82.1,24.66,3.3291,Fail,395.67,917.12,UB 457x191x67,UC 305x305x118,67.1,118.0,99.23,112.4,51517.4
452,1,1,1,4.1,4.48,4.16,11.98,5.44,4.02,4.1,4.29,8.2,0.5231,Pass,46.09,111.91,UB 254x146x31,UC 152x152x30,31.1,30.0,83.24,93.31,1029.41
453,3,1,2,3.7,7.75,4.16,28.22,9.76,19.34,11.1,138.1,22.2,6.2207,Fail,728.18,1455.32,UB 610x229x101,UC 305x305x118,101.2,118.0,91.94,151.42,19969.4
454,5,3,2,3.74,6.29,5.43,24.6,6.13,5.5,18.7,35.47,37.4,0.9484,Pass,218.54,2548.75,UB 406x178x54,UC 305x305x118,54.3,118.0,95.85,104.22,53642.77
455,2,3,1,4.18,4.64,6.17,15.09,6.54,22.08,8.36,39.64,16.72,2.3709,Fail,217.65,479.21,UB 406x178x54,UC 254x254x89,54.3,89.0,72.61,98.12,11655.99
456,3,2,2,3.44,7.8,6.47,16.87,9.3,18.8,10.32,60.36,20.64,2.9243,Fail,370.2,1656.04,UB 457x191x67,UC 305x305x118,67.1,118.0,99.0,111.99,28195.15
457,1,1,3,3.52,4.96,6.57,27.97,5.17,1.0,3.52,0.65,7.04,0.0917,Pass,191.25,431.09,UB 356x171x45,UC 203x203x46,45.0,46.1,89.74,93.03,3964.88
458,3,2,1,3.58,6.16,5.13,27.78,12.69,9.37,10.74,30.51,21.48,1.4204,Fail,266.79,1521.75,UB 457x191x67,UC 305x305x97,67.1,96.9,75.41,97.16,14302.27
459,5,2,2,3.07,7.59,4.77,17.85,14.33,4.18,15.35,22.23,30.7,0.7243,Pass,278.62,2884.78,UB 533x210x82,UC 305x305x118,82.2,118.0,69.43,113.36,46781.46
460,5,3,1,3.94,4.84,6.52,10.33,10.91,20.89,19.7,142.03,39.4,3.6049,Fail,585.98,1251.02,UB 610x229x101,UC 305x305x118,101.2,118.0,73.99,154.83,46487.52
461,2,3,3,4.32,6.97,5.74,25.42,2.94,17.15,8.64,40.46,17.28,2.3412,Fail,250.67,1021.22,UB 457x191x67,UC 305x305x97,67.1,96.9,76.55,89.24,33863.64
462,1,2,3,3.5,4.35,4.22,24.86,9.26,14.37,3.5,5.31,7.0,0.7586,Pass,107.84,441.97,UB 305x165x40,UC 203x203x46,40.5,46.1,77.44,92.72,4883.79
463,2,2,2,3.58,6.52,5.73,5.42,10.75,13.37,7.16,22.07,14.32,1.5415,Fail,156.99,614.59,UB 356x171x45,UC 254x254x73,45.0,73.1,86.81,90.59,11325.56
464,5,1,3,3.88,6.8,4.29,28.2,3.38,19.67,19.4,379.06,38.8,9.7695,Fail,1365.87,2159.42,UB 610x229x101,UC 305x305x118,101.2,118.0,172.46,262.5,45101.24
465,3,3,1,3.42,7.71,5.53,25.55,2.4,3.91,10.26,8.82,20.52,0.4297,Pass,219.76,1213.99,UB 533x210x82,UC 254x254x89,82.2,89.0,63.21,92.27,24167.63
466,2,1,3,3.59,7.19,6.18,29.0,3.87,16.93,7.18,50.2,14.36,3.4958,Fail,376.06,955.94,UB 457x191x67,UC 305x305x118,67.1,118.0,97.4,84.03,15613.65
467,3,1,3,4.31,4.57,4.17,19.32,7.12,13.69,12.93,126.17,25.86,4.8788,Fail,614.41,953.4,UB 610x229x101,UC 305x305x118,101.2,118.0,77.58,125.2,25351.8
468,1,2,1,4.12,7.61,5.38,15.32,10.4,12.81,4.12,10.31,8.24,1.2509,Fail,231.26,400.24,UB 457x191x67,UC 254x254x73,67.1,73.1,90.36,71.01,4932.55
469,2,1,1,3.93,5.01,4.46,21.77,9.37,1.36,7.86,4.68,15.72,0.2976,Pass,94.15,418.97,UB 356x171x45,UC 203x203x46,45.0,46.1,75.85,96.08,3153.98
470,5,2,3,3.82,5.16,4.27,7.46,11.43,12.18,19.1,109.36,38.2,2.8628,Fail,455.93,1288.76,UB 533x210x82,UC 305x305x118,82.2,118.0,80.48,129.63,59806.41
471,3,2,1,4.01,4.94,5.14,6.75,4.52,12.15,12.03,53.1,24.06,2.2071,Fail,259.16,365.01,UB 406x178x54,UC 305x305x97,54.3,96.9,86.46,82.44,12725.06
472,3,3,3,3.46,6.34,6.26,14.11,6.11,10.71,10.38,22.1,20.76,1.0644,Fail,167.12,1097.0,UB 356x171x45,UC 254x254x89,45.0,89.0,99.81,87.26,35193.12
473,1,2,1,4.18,6.85,6.56,11.92,6.67,16.99,4.18,13.84,8.36,1.6553,Fail,151.67,280.8,UB 406x178x54,UC 203x203x60,54.3,60.0,74.89,85.31,4061.24
474,3,2,2,3.67,7.1,5.95,7.72,10.39,2.05,11.01,7.88,22.02,0.358,Pass,134.86,1076.37,UB 406x178x54,UC 254x254x73,54.3,73.1,81.24,85.66,19998.55
475,3,1,3,3.29,6.93,6.51,23.19,13.6,21.24,9.87,95.33,19.74,4.8293,Fail,616.71,1714.11,UB 610x229x101,UC 305x305x118,101.2,118.0,77.87,141.71,29591.69
476,1,3,3,3.61,6.36,7.63,18.79,9.07,24.97,3.61,8.41,7.22,1.1646,Fail,220.31,572.82,UB 406x178x54,UC 254x254x73,54.3,73.1,89.83,70.27,13338.14
477,4,3,1,3.55,4.89,7.09,23.33,5.78,11.62,14.2,37.62,28.4,1.3248,Fail,233.48,1369.62,UB 406x178x54,UC 305x305x118,54.3,118.0,77.89,81.46,25937.24
478,5,1,2,3.55,4.04,4.96,29.1,14.76,17.1,17.75,189.44,35.5,5.3362,Fail,1000.03,2795.12,UB 610x229x101,UC 305x305x118,101.2,118.0,126.27,223.34,28738.76
479,5,1,2,3.24,6.27,6.26,26.8,3.9,18.3,16.2,183.63,32.4,5.6675,Fail,899.07,2379.35,UB 610x229x101,UC 305x305x118,101.2,118.0,113.52,196.76,33657.7
480,3,1,1,4.14,4.93,5.06,10.85,10.69,12.95,12.42,107.02,24.84,4.3085,Fail,534.81,642.12,UB 533x210x82,UC 305x305x118,82.2,118.0,94.41,103.1,10789.31
481,3,2,2,4.38,7.53,4.16,21.21,3.34,24.21,13.14,175.52,26.28,6.6788,Fail,639.21,1242.32,UB 610x229x101,UC 305x305x118,101.2,118.0,80.71,173.18,35249.18
482,3,3,2,3.87,6.28,5.51,14.46,9.64,22.46,11.61,68.09,23.22,2.9322,Fail,347.81,1266.8,UB 457x191x67,UC 305x305x118,67.1,118.0,87.22,106.98,36690.54
483,1,3,2,3.56,7.63,6.07,13.82,13.28,12.17,3.56,4.25,7.12,0.5966,Pass,222.47,575.45,UB 457x191x67,UC 254x254x73,67.1,73.1,95.96,78.52,10988.97
484,4,3,1,3.75,4.56,4.66,6.93,10.37,5.29,15.0,20.17,30.0,0.6723,Pass,121.07,693.65,UB 305x165x40,UC 254x254x73,40.5,73.1,70.44,77.74,16224.0
485,2,1,2,3.9,7.27,6.64,15.37,6.29,2.83,7.8,11.29,15.6,0.7237,Pass,150.29,668.02,UB 457x191x67,UC 254x254x73,67.1,73.1,66.35,79.34,9912.33
486,4,2,1,3.89,6.59,5.64,11.09,3.66,14.81,15.56,108.74,31.12,3.4942,Fail,433.73,785.16,UB 533x210x82,UC 305x305x118,82.2,118.0,76.56,113.55,25246.94
487,2,3,3,3.06,6.29,4.22,11.46,4.34,23.96,6.12,15.9,12.24,1.2993,Fail,143.0,477.62,UB 356x171x45,UC 254x254x73,45.0,73.1,76.16,78.37,18508.75
488,5,3,3,3.03,6.88,6.65,12.09,3.11,11.23,15.15,36.98,30.3,1.2206,Fail,212.29,1446.16,UB 356x171x45,UC 305x305x97,45.0,96.9,99.61,95.67,60019.56
489,4,2,1,3.33,5.64,4.57,19.57,11.98,15.58,13.32,61.67,26.64,2.3149,Fail,370.81,1429.34,UB 457x191x67,UC 305x305x118,67.1,118.0,92.99,110.12,19165.43
490,5,2,1,4.09,5.37,5.81,19.76,4.99,9.64,20.45,111.94,40.9,2.737,Fail,431.46,1416.16,UB 533x210x82,UC 305x305x118,82.2,118.0,76.16,126.26,30470.61
491,1,1,1,3.78,7.64,6.74,25.66,9.87,4.44,3.78,4.35,7.56,0.5755,Pass,195.81,359.25,UB 533x210x82,UC 254x254x73,82.2,73.1,78.18,90.69,3469.34
492,5,3,1,4.32,6.13,7.01,7.33,10.57,22.55,21.6,236.01,43.2,5.4633,Fail,748.39,1275.11,UB 610x229x101,UC 305x305x118,101.2,118.0,94.49,192.53,53189.32
493,5,1,3,3.97,6.09,5.48,6.09,8.89,5.74,19.85,112.34,39.7,2.8297,Fail,430.2,1098.78,UB 533x210x82,UC 305x305x118,82.2,118.0,75.94,94.39,42264.04
494,4,2,2,3.88,6.97,7.05,22.42,3.27,3.35,15.52,25.23,31.04,0.8127,Pass,198.71,2067.17,UB 457x191x67,UC 305x305x118,67.1,118.0,69.35,83.58,39060.05
495,4,1,1,3.42,7.51,5.63,9.73,11.22,19.74,13.68,177.5,27.36,6.4874,Fail,810.74,1008.85,UB 610x229x101,UC 305x305x118,101.2,118.0,102.37,151.11,17095.1
496,5,3,1,3.78,5.5,4.82,25.11,7.31,2.66,18.9,16.69,37.8,0.4415,Pass,150.47,1782.52,UB 406x178x54,UC 305x305x97,54.3,96.9,67.6,86.07,28845.3
497,4,3,3,3.38,7.42,5.69,14.14,5.58,17.02,13.52,57.59,27.04,2.1298,Fail,306.91,1474.33,UB 457x191x67,UC 305x305x118,67.1,118.0,76.97,97.9,67750.45
498,2,2,3,4.18,5.93,5.48,18.87,5.3,7.67,8.36,21.13,16.72,1.2639,Fail,151.27,802.12,UB 356x171x45,UC 254x254x73,45.0,73.1,97.63,91.05,16041.79
499,3,3,2,4.1,7.42,6.64,23.7,7.81,17.48,12.3,70.43,24.6,2.863,Fail,372.36,1938.53,UB 533x210x82,UC 305x305x118,82.2,118.0,65.73,120.6,46984.14
500,2,1,1,3.76,7.14,7.2,20.35,10.9,1.3,7.52,4.59,15.04,0.3053,Pass,182.14,633.05,UB 457x191x67,UC 254x254x73,67.1,73.1,90.68,90.88,6047.7
501,4,3,1,4.21,7.29,5.89,20.01,3.15,6.58,16.84,47.01,33.68,1.3958,Fail,237.03,1318.66,UB 457x191x67,UC 305x305x97,67.1,96.9,71.53,91.85,31117.69
502,3,1,3,3.06,5.54,7.94,20.35,8.77,17.79,9.18,54.83,18.36,2.9867,Fail,423.18,1455.09,UB 533x210x82,UC 305x305x118,82.2,118.0,74.7,105.65,25878.6
503,5,1,1,3.96,5.76,4.81,21.42,12.45,7.15,19.8,134.75,39.6,3.4028,Fail,566.12,1476.61,UB 533x210x82,UC 305x305x118,82.2,118.0,99.93,122.53,18034.14
504,1,3,3,3.77,4.93,4.68,5.9,5.11,0.01,3.77,0.01,7.54,0.0019,Pass,36.32,159.14,UB 254x146x31,UC 152x152x23,31.1,23.0,70.11,77.99,4973.81
505,2,1,2,4.17,5.41,5.58,19.65,8.73,18.42,8.34,80.34,16.68,4.8168,Fail,442.07,807.94,UB 533x210x82,UC 305x305x118,82.2,118.0,78.03,100.65,12242.34
506,1,1,3,3.43,7.32,7.66,13.7,14.52,6.91,3.43,4.69,6.86,0.6834,Pass,229.11,478.37,UB 457x191x67,UC 254x254x73,67.1,73.1,88.24,81.23,7054.47
507,5,1,2,4.39,6.3,5.04,15.18,3.38,1.81,21.95,50.8,43.9,1.1572,Fail,203.82,1132.93,UB 356x171x45,UC 254x254x89,45.0,89.0,95.63,94.93,20509.8
508,3,2,1,4.2,7.83,7.5,25.33,9.47,17.35,12.6,111.01,25.2,4.4053,Fail,508.94,1729.73,UB 533x210x82,UC 305x305x118,82.2,118.0,89.84,142.27,22192.81
509,4,3,2,4.15,7.03,7.84,16.47,7.99,14.67,16.6,97.69,33.2,2.9423,Fail,394.21,2130.94,UB 457x191x67,UC 305x305x118,67.1,118.0,98.86,138.28,57321.32
510,1,2,1,3.39,5.53,7.15,10.51,11.12,20.0,3.39,7.07,6.78,1.0427,Fail,116.77,296.61,UB 356x171x45,UC 203x203x46,45.0,46.1,70.85,90.19,2898.32
511,4,2,3,3.8,6.8,5.05,12.18,7.19,18.72,15.2,128.93,30.4,4.2413,Fail,528.99,1326.69,UB 533x210x82,UC 305x305x118,82.2,118.0,93.38,148.19,54353.88
512,3,1,3,4.4,5.91,5.41,27.36,5.5,23.68,13.2,263.65,26.4,9.9866,Fail,1097.02,1475.8,UB 610x229x101,UC 305x305x118,101.2,118.0,138.51,219.37,29492.76
513,2,2,3,3.3,6.94,7.49,10.17,4.64,6.24,6.6,8.02,13.2,0.6074,Pass,110.45,622.13,UB 356x171x45,UC 203x203x60,45.0,60.0,95.89,80.14,15815.7
514,5,2,1,4.17,4.48,4.31,28.89,8.4,0.17,20.85,2.0,41.7,0.0481,Pass,98.87,1691.0,UB 305x165x40,UC 254x254x89,40.5,89.0,92.45,98.4,17381.03
515,5,1,2,3.56,5.26,7.59,27.02,9.47,6.87,17.8,86.02,35.6,2.4162,Fail,449.02,2875.62,UB 533x210x82,UC 305x305x118,82.2,118.0,79.26,145.01,31565.94
516,2,3,2,3.6,7.0,4.51,18.14,7.5,23.49,7.2,29.07,14.4,2.0185,Fail,231.77,868.47,UB 457x191x67,UC 254x254x89,67.1,89.0,70.11,97.29,20986.14
517,1,3,2,3.59,6.75,4.7,29.41,11.08,11.5,3.59,3.96,7.18,0.5522,Pass,253.34,704.14,UB 457x191x67,UC 254x254x73,67.1,73.1,99.27,89.19,9748.43
518,1,1,3,3.32,6.32,5.3,20.32,5.38,13.71,3.32,7.71,6.64,1.1612,Fail,124.2,323.03,UB 406x178x54,UC 203x203x60,54.3,60.0,81.31,90.75,4693.04
519,2,2,2,4.44,5.37,4.74,15.6,7.45,18.8,8.88,61.85,17.76,3.4825,Fail,290.71,702.82,UB 406x178x54,UC 305x305x118,54.3,118.0,96.99,87.12,16018.24
520,3,2,2,3.68,6.29,7.92,22.15,12.58,18.02,11.04,65.1,22.08,2.9485,Fail,380.91,2197.74,UB 457x191x67,UC 305x305x118,67.1,118.0,95.53,135.25,28887.32
521,2,3,2,4.28,4.78,7.2,23.46,8.15,0.24,8.56,0.53,17.12,0.0311,Pass,229.99,1123.64,UB 406x178x54,UC 254x254x89,54.3,89.0,76.73,82.62,20069.41
522,4,2,1,4.49,7.4,6.07,23.01,12.21,7.5,17.96,96.25,35.92,2.6795,Fail,407.24,2112.31,UB 533x210x82,UC 305x305x118,82.2,118.0,71.89,129.14,28435.61
523,5,3,1,3.6,6.76,4.24,25.35,8.2,15.75,18.0,92.36,36.0,2.5656,Fail,434.93,2091.59,UB 533x210x82,UC 305x305x118,82.2,118.0,76.77,135.97,40632.72
524,4,3,2,3.39,5.44,6.23,25.25,6.47,10.29,13.56,29.86,27.12,1.1009,Fail,212.22,2125.14,UB 356x171x45,UC 305x305x118,45.0,118.0,99.57,94.82,36984.96
525,3,3,3,3.3,6.3,6.6,9.36,12.14,8.88,9.9,15.53,19.8,0.7842,Pass,150.48,1226.15,UB 406x178x54,UC 254x254x73,54.3,73.1,67.38,99.88,36795.96
526,5,2,3,3.67,4.31,6.45,16.59,14.44,21.71,18.35,156.54,36.7,4.2654,Fail,744.37,2380.15,UB 610x229x101,UC 305x305x118,101.2,118.0,93.99,219.37,72803.78
527,3,2,3,3.92,5.62,7.63,6.98,6.47,7.84,11.76,33.47,23.52,1.4231,Fail,173.97,787.45,UB 356x171x45,UC 254x254x89,45.0,89.0,81.63,89.58,27899.73
528,3,3,2,3.91,5.58,7.55,24.52,14.2,18.7,11.73,55.75,23.46,2.3765,Fail,326.72,2261.14,UB 457x191x67,UC 305x305x118,67.1,118.0,81.93,127.06,38877.49
529,5,2,2,3.25,7.42,4.5,10.87,5.27,18.6,16.25,116.91,32.5,3.5971,Fail,499.9,1374.0,UB 533x210x82,UC 305x305x118,82.2,118.0,88.24,140.47,46652.22
530,1,1,1,3.6,4.38,7.75,16.83,2.7,19.27,3.6,12.64,7.2,1.7558,Fail,122.13,188.02,UB 305x165x40,UC 203x203x60,40.5,60.0,71.06,81.2,1846.53
531,5,1,1,3.39,4.62,6.62,27.14,6.02,6.18,16.95,61.55,33.9,1.8158,Fail,359.26,1456.24,UB 457x191x67,UC 305x305x118,67.1,118.0,90.1,90.89,15542.44
532,3,2,3,3.19,6.11,4.68,5.88,6.64,22.88,9.57,49.51,19.14,2.5866,Fail,302.03,598.22,UB 457x191x67,UC 305x305x118,67.1,118.0,75.74,83.86,31869.42
533,4,2,3,4.4,6.19,4.54,28.71,9.01,14.77,17.6,161.31,35.2,4.5826,Fail,606.11,2306.36,UB 610x229x101,UC 305x305x118,101.2,118.0,76.53,188.18,61507.42
534,4,3,3,3.95,6.26,6.09,20.99,6.03,8.68,15.8,45.96,31.6,1.4546,Fail,242.89,1893.0,UB 406x178x54,UC 305x305x118,54.3,118.0,83.08,96.31,62019.44
535,5,1,1,3.66,5.46,5.04,12.59,2.0,20.38,18.3,285.65,36.6,7.8045,Fail,1208.53,1323.12,UB 610x229x101,UC 305x305x118,101.2,118.0,152.59,216.27,19263.6
536,2,2,2,3.7,4.03,7.69,28.67,8.2,0.23,7.4,0.39,14.8,0.0261,Pass,300.74,1284.78,UB 457x191x67,UC 254x254x89,67.1,89.0,75.42,98.18,15364.34
537,4,2,3,3.35,4.03,5.49,15.29,9.29,9.87,13.4,34.07,26.8,1.2714,Fail,229.34,1333.94,UB 406x178x54,UC 305x305x118,54.3,118.0,76.51,82.28,36708.78
538,2,3,3,3.97,7.31,4.88,6.98,10.13,12.92,7.94,23.04,15.88,1.4507,Fail,164.89,621.34,UB 406x178x54,UC 254x254x73,54.3,73.1,83.77,84.09,25172.63
539,5,3,3,3.41,6.59,6.13,11.72,4.44,1.71,17.05,8.3,34.1,0.2434,Pass,102.37,1453.02,UB 356x171x45,UC 254x254x73,45.0,73.1,89.58,96.22,54285.68
540,2,2,1,3.96,6.47,5.09,20.57,4.44,0.48,7.92,1.22,15.84,0.0768,Pass,136.89,646.26,UB 406x178x54,UC 203x203x60,54.3,60.0,84.9,96.85,7320.09
541,1,3,1,3.28,4.41,5.08,22.88,11.45,5.82,3.28,1.25,6.56,0.1911,Pass,99.55,344.43,UB 305x165x40,UC 203x203x46,40.5,46.1,81.19,70.96,3104.25
542,2,1,2,3.33,5.68,7.14,17.46,6.83,17.42,6.66,35.23,13.32,2.6449,Fail,281.83,775.85,UB 406x178x54,UC 305x305x97,54.3,96.9,94.02,84.62,8824.28
543,1,2,1,4.27,7.81,4.22,24.39,2.93,11.75,4.27,10.87,8.54,1.2726,Fail,248.78,398.61,UB 533x210x82,UC 254x254x73,82.2,73.1,64.22,74.26,5481.4
544,2,2,2,4.24,4.49,7.07,11.22,12.03,11.07,8.48,28.93,16.96,1.7056,Fail,167.68,827.6,UB 305x165x40,UC 254x254x89,40.5,89.0,97.56,93.17,12410.64
545,1,1,2,4.1,4.38,6.66,10.21,7.06,24.03,4.1,25.45,8.2,3.1037,Fail,183.24,282.03,UB 356x171x45,UC 254x254x73,45.0,73.1,85.98,82.76,3588.36
546,3,1,3,4.09,6.98,6.2,8.05,8.26,7.47,12.27,70.57,24.54,2.8759,Fail,328.66,764.22,UB 457x191x67,UC 305x305x97,67.1,96.9,82.42,90.01,22620.36
547,3,1,3,3.33,4.45,6.53,13.11,4.18,6.9,9.99,25.45,19.98,1.2736,Fail,194.02,714.33,UB 356x171x45,UC 254x254x73,45.0,73.1,91.03,93.49,13534.45
548,1,2,1,3.01,4.17,7.13,16.88,9.75,9.28,3.01,1.95,6.02,0.3238,Pass,136.47,305.72,UB 305x165x40,UC 203x203x46,40.5,46.1,79.4,99.68,2374.4
549,1,1,1,3.75,6.74,5.35,29.24,11.87,1.5,3.75,1.38,7.5,0.1846,Pass,166.95,347.66,UB 533x210x82,UC 254x254x73,82.2,73.1,62.11,78.0,3084.1
550,3,3,1,4.05,7.17,4.5,10.82,14.76,19.71,12.15,74.73,24.3,3.0754,Fail,359.24,1061.02,UB 457x191x67,UC 305x305x118,67.1,118.0,90.09,98.98,23752.93
551,3,2,3,3.29,6.76,5.43,8.37,13.68,12.13,9.87,30.89,19.74,1.5648,Fail,226.7,1204.99,UB 406x178x54,UC 305x305x97,54.3,96.9,85.37,88.6,28247.39
552,4,3,2,3.81,5.96,6.27,18.59,6.21,11.71,15.24,53.32,30.48,1.7493,Fail,272.1,1756.53,UB 406x178x54,UC 305x305x118,54.3,118.0,90.78,101.03,44125.2
553,5,3,1,3.1,4.62,5.18,11.58,6.77,0.02,15.5,0.11,31.0,0.0036,Pass,50.05,927.87,UB 254x146x31,UC 203x203x60,31.1,60.0,96.17,81.55,14972.42
554,5,2,3,3.28,4.07,7.43,24.4,5.1,18.03,16.4,85.51,32.8,2.6071,Fail,498.55,2343.29,UB 533x210x82,UC 305x305x118,82.2,118.0,88.01,165.7,64088.13
555,5,2,1,3.79,5.99,6.21,20.33,6.19,16.02,18.95,150.62,37.9,3.9743,Fail,600.25,1683.23,UB 610x229x101,UC 305x305x118,101.2,118.0,75.79,168.56,34967.14
556,1,1,3,3.99,4.18,7.75,9.47,2.41,2.68,3.99,2.54,7.98,0.3177,Pass,95.87,173.55,UB 254x146x31,UC 152x152x30,31.1,30.0,88.04,92.7,2923.74
557,2,1,1,3.86,7.35,6.63,18.15,11.12,6.4,7.72,24.72,15.44,1.6011,Fail,233.84,599.08,UB 457x191x67,UC 254x254x73,67.1,73.1,92.65,95.82,6009.56
558,3,1,3,4.08,4.05,7.68,21.39,14.07,20.8,12.24,150.53,24.48,6.1491,Fail,829.44,1840.68,UB 610x229x101,UC 305x305x118,101.2,118.0,104.73,185.37,30462.77
559,4,3,1,3.54,6.97,7.56,25.55,12.33,1.46,14.16,5.86,28.32,0.2069,Pass,238.58,2300.77,UB 533x210x82,UC 305x305x118,82.2,118.0,63.29,100.72,37060.37
560,5,2,3,3.06,4.28,5.22,28.62,14.49,2.43,15.3,9.3,30.6,0.3039,Pass,147.34,2871.56,UB 305x165x40,UC 305x305x118,40.5,118.0,93.2,96.39,38111.85
561,2,3,2,3.28,6.1,5.0,20.63,4.33,18.73,6.56,15.71,13.12,1.1975,Fail,161.88,806.09,UB 406x178x54,UC 254x254x73,54.3,73.1,71.01,89.47,16060.57
562,4,3,1,4.15,6.31,6.7,22.56,7.55,2.6,16.6,16.52,33.2,0.4977,Pass,176.21,1632.29,UB 406x178x54,UC 305x305x97,54.3,96.9,94.81,86.02,26912.47
563,2,3,2,3.76,6.63,6.14,20.0,14.14,22.56,7.52,31.81,15.04,2.1151,Fail,263.69,1305.18,UB 457x191x67,UC 305x305x97,67.1,96.9,79.32,97.04,23343.87
564,5,2,2,3.62,6.53,7.3,13.09,5.13,13.64,18.1,114.72,36.2,3.1692,Fail,462.98,1815.74,UB 533x210x82,UC 305x305x118,82.2,118.0,81.73,145.47,53326.98
565,4,3,3,3.38,7.85,5.79,14.93,11.44,24.57,13.52,85.89,27.04,3.1766,Fail,445.67,2083.95,UB 533x210x82,UC 305x305x118,82.2,118.0,78.67,140.12,79343.74
566,5,1,3,3.2,7.56,4.03,29.61,4.79,7.87,16.0,85.4,32.0,2.6688,Fail,482.08,1968.83,UB 533x210x82,UC 305x305x118,82.2,118.0,85.1,117.57,37470.62
567,3,3,3,3.83,7.7,4.62,5.94,6.62,3.46,11.49,11.28,22.98,0.4908,Pass,116.58,681.08,UB 406x178x54,UC 203x203x60,54.3,60.0,71.87,89.13,35113.54
568,3,3,1,3.35,7.24,4.37,14.99,13.93,18.36,10.05,36.31,20.1,1.8066,Fail,286.25,1182.86,UB 457x191x67,UC 305x305x97,67.1,96.9,87.49,93.97,20053.96
569,3,2,1,3.73,7.6,6.81,25.49,3.24,16.06,11.19,67.12,22.38,2.9992,Fail,377.75,1332.02,UB 533x210x82,UC 305x305x118,82.2,118.0,66.68,103.99,20457.2
570,1,3,3,3.57,7.12,7.69,13.36,13.44,10.86,3.57,3.72,7.14,0.5211,Pass,219.22,593.9,UB 457x191x67,UC 254x254x73,67.1,73.1,77.11,72.08,16100.48
571,1,1,3,3.98,6.41,4.05,24.44,6.97,7.62,3.98,8.25,7.96,1.0369,Fail,134.24,336.19,UB 457x191x67,UC 254x254x73,67.1,73.1,65.95,67.45,5678.48
572,1,2,3,3.85,5.31,6.79,8.83,10.76,24.93,3.85,13.84,7.7,1.7979,Fail,126.13,363.29,UB 305x165x40,UC 203x203x60,40.5,60.0,80.87,98.9,6967.4
573,4,3,3,3.76,4.89,5.16,14.86,3.72,2.06,15.04,8.2,30.08,0.2727,Pass,72.3,1051.38,UB 305x165x40,UC 254x254x73,40.5,73.1,59.91,71.87,37127.98
574,5,3,1,3.82,5.05,5.59,15.86,11.07,19.05,19.1,118.37,38.2,3.0987,Fail,515.66,1512.07,UB 533x210x82,UC 305x305x118,82.2,118.0,91.03,145.77,39673.66
575,4,3,1,3.73,6.61,4.78,20.4,11.56,6.16,14.92,27.58,29.84,0.9244,Pass,228.74,1636.34,UB 457x191x67,UC 305x305x97,67.1,96.9,73.58,90.98,27342.54
576,1,2,2,3.49,7.7,4.36,21.79,7.51,8.71,3.49,3.95,6.98,0.5653,Pass,248.2,547.88,UB 533x210x82,UC 254x254x73,82.2,73.1,66.0,79.13,8244.06
577,3,2,3,3.98,7.08,4.68,13.74,12.68,20.07,11.94,101.07,23.88,4.2323,Fail,462.77,1376.76,UB 533x210x82,UC 305x305x118,82.2,118.0,81.69,133.49,41261.26
578,5,1,2,3.07,7.27,4.8,14.35,11.85,21.32,15.35,196.37,30.7,6.3964,Fail,935.96,1903.92,UB 610x229x101,UC 305x305x118,101.2,118.0,118.18,189.23,31618.86
579,1,3,1,3.36,6.48,4.59,25.81,5.74,8.58,3.36,2.32,6.72,0.3447,Pass,179.36,393.33,UB 457x191x67,UC 203x203x60,67.1,60.0,68.44,83.97,5453.6
580,1,2,2,3.71,5.33,6.96,10.3,9.1,18.76,3.71,9.11,7.42,1.2272,Fail,143.05,379.64,UB 305x165x40,UC 203x203x60,40.5,60.0,83.23,77.86,4989.87
581,5,2,3,4.09,4.57,6.8,5.46,9.58,16.59,20.45,179.58,40.9,4.3907,Fail,693.55,1353.28,UB 610x229x101,UC 305x305x118,101.2,118.0,87.57,182.99,78423.76
582,1,2,1,3.09,4.8,6.79,11.78,8.04,23.63,3.09,5.68,6.18,0.9194,Pass,94.37,240.5,UB 305x165x40,UC 203x203x46,40.5,46.1,60.44,78.22,2457.28
583,1,2,3,3.41,7.41,6.64,26.61,2.25,21.69,3.41,8.77,6.82,1.286,Fail,237.42,592.94,UB 457x191x67,UC 254x254x73,67.1,73.1,93.61,83.45,10978.84
584,4,1,2,3.76,6.84,7.62,17.12,9.76,2.2,15.04,25.72,30.08,0.8552,Pass,213.19,1771.9,UB 457x191x67,UC 305x305x97,67.1,96.9,68.57,93.26,22432.66
585,2,3,2,3.84,6.85,4.16,28.06,5.96,12.25,7.68,18.98,15.36,1.2356,Fail,237.96,1087.97,UB 457x191x67,UC 254x254x89,67.1,89.0,87.17,89.75,20941.85
586,2,1,2,4.03,5.42,5.21,29.9,14.72,6.9,8.06,26.73,16.12,1.6581,Fail,230.04,1092.28,UB 406x178x54,UC 254x254x89,54.3,89.0,89.04,97.26,8333.1
587,1,3,2,4.32,7.56,7.26,5.74,9.21,7.0,4.32,4.81,8.64,0.5566,Pass,126.04,350.44,UB 406x178x54,UC 203x203x46,54.3,46.1,80.96,93.07,9238.14
588,2,2,2,3.99,4.35,5.53,29.02,9.96,15.64,7.98,32.41,15.96,2.0307,Fail,217.46,1153.88,UB 406x178x54,UC 305x305x97,54.3,96.9,72.55,96.53,13397.17
589,2,2,1,3.86,5.71,5.25,20.13,7.84,3.29,7.72,6.76,15.44,0.4378,Pass,129.83,674.75,UB 406x178x54,UC 203x203x60,54.3,60.0,65.26,94.13,6970.07
590,2,3,3,4.03,4.81,4.55,22.21,13.68,22.74,8.06,36.21,16.12,2.246,Fail,232.58,984.59,UB 406x178x54,UC 305x305x97,54.3,96.9,77.59,93.71,24694.18
591,4,1,3,4.4,7.67,5.27,18.93,14.33,2.96,17.6,62.93,35.2,1.7877,Fail,329.66,1796.82,UB 533x210x82,UC 305x305x118,82.2,118.0,74.05,96.31,37098.64
592,3,1,3,3.04,5.27,7.89,29.03,5.94,18.64,9.12,54.67,18.24,2.9971,Fail,442.25,1684.01,UB 533x210x82,UC 305x305x118,82.2,118.0,78.07,114.36,25481.65
593,3,1,1,3.16,4.74,7.05,20.3,5.47,14.18,9.48,44.95,18.96,2.3707,Fail,351.92,750.75,UB 457x191x67,UC 305x305x97,67.1,96.9,88.26,92.74,8421.1
594,2,3,1,3.35,4.1,4.32,24.5,3.74,21.15,6.7,16.28,13.4,1.2147,Fail,145.06,495.44,UB 305x165x40,UC 254x254x73,40.5,73.1,84.4,82.86,7310.44
595,4,3,3,3.56,7.41,5.97,8.44,4.51,0.81,14.24,3.38,28.48,0.1186,Pass,94.52,992.44,UB 406x178x54,UC 254x254x73,54.3,73.1,66.04,73.78,51528.74
596,1,2,2,3.33,6.69,4.81,10.11,4.3,23.87,3.33,8.46,6.66,1.271,Fail,114.68,256.96,UB 356x171x45,UC 203x203x46,45.0,46.1,83.57,92.25,4486.62
597,4,3,2,4.03,7.47,7.55,15.69,12.09,15.2,16.12,94.43,32.24,2.929,Fail,408.26,2466.62,UB 533x210x82,UC 305x305x118,82.2,118.0,72.07,146.29,64790.66
598,4,3,2,3.59,7.76,6.29,18.4,10.34,17.6,14.36,75.13,28.72,2.6159,Fail,398.82,2355.18,UB 533x210x82,UC 305x305x118,82.2,118.0,70.4,134.03,59842.37
599,1,3,1,3.68,7.31,4.17,29.9,8.74,9.89,3.68,3.86,7.36,0.525,Pass,279.54,518.91,UB 533x210x82,UC 254x254x73,82.2,73.1,74.47,85.91,7128.45
600,1,3,2,3.77,6.52,4.2,12.28,7.17,7.61,3.77,3.05,7.54,0.4045,Pass,117.77,320.17,UB 406x178x54,UC 203x203x46,54.3,46.1,67.57,81.13,7096.37
601,3,2,1,3.63,6.45,4.22,17.92,3.85,20.75,10.89,72.33,21.78,3.321,Fail,381.4,791.46,UB 457x191x67,UC 305x305x118,67.1,118.0,95.65,101.9,15452.12
602,4,1,3,3.75,4.72,6.34,27.36,9.1,9.83,15.0,93.43,30.0,3.1143,Fail,513.47,2008.53,UB 533x210x82,UC 305x305x118,82.2,118.0,90.64,133.25,32875.3
603,3,2,1,3.27,6.36,6.85,10.05,7.91,6.25,9.81,15.11,19.62,0.77,Pass,134.71,764.93,UB 356x171x45,UC 254x254x73,45.0,73.1,89.5,75.49,10511.32
604,2,3,3,3.19,4.46,5.8,14.07,8.81,9.6,6.38,6.41,12.76,0.5024,Pass,102.26,684.05,UB 305x165x40,UC 203x203x60,40.5,60.0,59.5,81.65,16097.52
605,5,3,1,3.57,5.52,7.07,27.81,9.35,16.49,17.85,84.43,35.7,2.365,Fail,425.11,2354.85,UB 533x210x82,UC 305x305x118,82.2,118.0,75.04,145.27,42085.8
606,2,1,1,3.27,6.85,5.68,12.74,11.99,11.16,6.54,23.38,13.08,1.7875,Fail,224.54,472.21,UB 406x178x54,UC 254x254x73,54.3,73.1,99.62,85.68,4633.81
607,2,1,1,4.44,4.01,7.06,5.31,8.47,12.47,8.88,60.7,17.76,3.4179,Fail,319.1,341.14,UB 457x191x67,UC 305x305x97,67.1,96.9,80.02,82.78,6413.08
608,1,3,2,3.36,6.36,5.9,15.25,3.03,15.0,3.36,3.91,6.72,0.5823,Pass,107.82,336.67,UB 356x171x45,UC 203x203x46,45.0,46.1,91.09,80.31,6558.55
609,2,3,2,3.93,6.23,7.3,6.22,3.93,16.33,7.86,26.16,15.72,1.664,Fail,141.95,412.01,UB 305x165x40,UC 254x254x73,40.5,73.1,82.59,84.41,16166.86
610,1,1,1,4.0,7.35,5.19,28.01,2.64,10.42,4.0,12.14,8.0,1.518,Fail,177.84,272.13,UB 457x191x67,UC 254x254x73,67.1,73.1,97.02,80.0,2852.47
611,2,1,3,3.43,6.64,6.8,19.31,9.31,24.16,6.86,58.62,13.72,4.2726,Fail,419.02,908.11,UB 533x210x82,UC 305x305x118,82.2,118.0,73.97,95.32,17549.82
612,5,2,1,3.14,5.2,5.47,14.47,2.88,10.68,15.7,48.8,31.4,1.5543,Fail,276.34,947.07,UB 406x178x54,UC 305x305x97,54.3,96.9,92.19,99.24,19230.5
613,5,1,2,3.71,4.49,7.44,13.23,7.38,5.25,18.55,70.51,37.1,1.9006,Fail,346.31,1638.92,UB 457x191x67,UC 305x305x118,67.1,118.0,86.85,97.07,27637.07
614,2,3,1,3.16,6.92,6.52,29.68,8.29,17.22,6.32,13.61,12.64,1.0768,Fail,262.01,1086.88,UB 533x210x82,UC 254x254x89,82.2,89.0,62.08,92.79,15613.28
615,3,2,3,4.27,5.04,6.3,20.58,14.05,15.36,12.81,84.71,25.62,3.3064,Fail,404.95,1723.29,UB 533x210x82,UC 305x305x118,82.2,118.0,71.48,134.35,42064.09
616,4,3,3,3.95,5.97,4.72,20.24,11.21,24.48,15.8,126.45,31.6,4.0016,Fail,554.88,1940.8,UB 533x210x82,UC 305x305x118,82.2,118.0,97.95,167.27,72008.86
617,1,1,1,3.7,7.19,6.95,10.18,10.0,10.37,3.7,9.06,7.4,1.2248,Fail,126.04,212.1,UB 406x178x54,UC 203x203x60,54.3,60.0,94.01,85.42,2423.6
618,1,2,2,3.84,6.55,4.05,10.03,5.66,19.75,3.84,11.63,7.68,1.5139,Fail,122.59,260.95,UB 356x171x45,UC 203x203x60,45.0,60.0,85.4,76.49,4935.6
619,3,2,3,3.82,7.07,4.46,13.33,7.15,14.22,11.46,62.07,22.92,2.7079,Fail,311.57,1031.16,UB 457x191x67,UC 305x305x118,67.1,118.0,78.14,90.68,35693.07
620,1,1,1,3.5,5.35,6.69,27.9,12.36,16.14,3.5,10.25,7.0,1.4646,Fail,191.07,354.98,UB 406x178x54,UC 254x254x73,54.3,73.1,77.27,72.02,2330.94
621,4,1,3,3.69,7.46,7.58,16.56,12.58,23.19,14.76,267.71,29.52,9.0689,Fail,1116.86,2205.28,UB 610x229x101,UC 305x305x118,101.2,118.0,141.02,232.2,44422.98
622,1,3,2,3.85,6.71,6.22,5.47,9.51,8.29,3.85,3.6,7.7,0.4678,Pass,100.96,306.85,UB 356x171x45,UC 203x203x46,45.0,46.1,87.66,74.8,7086.57
623,3,1,1,3.42,4.12,7.93,20.66,12.95,14.27,10.26,55.81,20.52,2.7197,Fail,414.26,1019.31,UB 533x210x82,UC 305x305x118,82.2,118.0,73.13,92.77,10785.78
624,4,1,3,3.18,7.13,5.23,26.45,11.23,6.79,12.72,46.44,25.44,1.8255,Fail,359.81,1946.37,UB 533x210x82,UC 305x305x118,82.2,118.0,67.39,99.3,31702.8
625,1,2,1,3.56,7.32,5.21,18.13,4.28,9.36,3.56,4.41,7.12,0.6199,Pass,175.67,327.54,UB 457x191x67,UC 203x203x60,67.1,60.0,70.07,79.12,4295.06
626,1,1,1,3.67,4.1,5.93,17.5,4.47,23.09,3.67,15.94,7.34,2.1712,Fail,146.85,186.24,UB 305x165x40,UC 203x203x60,40.5,60.0,85.44,94.97,1693.23
627,5,2,2,3.21,7.49,7.29,28.45,10.8,3.32,16.05,20.4,32.1,0.6354,Pass,311.46,4174.8,UB 533x210x82,UC 305x305x118,82.2,118.0,81.38,155.93,53492.58
628,1,2,2,4.07,6.09,4.02,28.31,10.93,14.86,4.07,10.59,8.14,1.3012,Fail,229.12,624.88,UB 457x191x67,UC 254x254x73,67.1,73.1,70.66,80.73,6747.94
629,1,2,2,4.33,4.41,7.06,23.64,2.29,18.96,4.33,15.51,8.66,1.7911,Fail,191.12,456.8,UB 356x171x45,UC 254x254x73,45.0,73.1,89.68,71.0,5945.61
630,2,2,1,3.29,5.11,5.28,16.03,3.53,3.73,6.58,4.13,13.16,0.3141,Pass,75.74,432.22,UB 305x165x40,UC 203x203x46,40.5,46.1,71.97,71.18,4758.71
631,3,1,1,4.44,6.24,4.41,18.56,9.14,6.78,13.32,80.07,26.64,3.0056,Fail,372.17,706.04,UB 457x191x67,UC 305x305x97,67.1,96.9,93.34,94.41,9450.52
632,3,3,1,3.26,5.25,7.57,18.51,2.66,0.72,9.78,1.17,19.56,0.0597,Pass,126.42,793.88,UB 305x165x40,UC 254x254x73,40.5,73.1,84.47,75.72,13225.61
633,1,1,2,3.08,5.71,4.72,19.9,9.71,20.9,3.08,8.61,6.16,1.3979,Fail,139.19,359.51,UB 406x178x54,UC 254x254x73,54.3,73.1,69.09,68.23,3306.23
634,4,3,2,3.47,7.27,6.85,21.77,8.94,24.34,13.88,89.06,27.76,3.2082,Fail,463.67,2515.31,UB 533x210x82,UC 305x305x118,82.2,118.0,81.85,156.59,59185.7
635,4,3,1,3.14,7.21,6.79,7.43,6.04,16.11,12.56,41.69,25.12,1.6595,Fail,236.71,821.91,UB 406x178x54,UC 305x305x97,54.3,96.9,78.97,84.11,25031.74
636,4,2,1,4.42,4.57,7.58,11.45,6.72,4.58,17.68,44.52,35.36,1.2592,Fail,190.99,857.55,UB 356x171x45,UC 254x254x89,45.0,89.0,89.61,97.14,16824.72
637,3,2,2,3.73,4.26,4.45,16.97,12.99,7.06,11.19,22.46,22.38,1.0038,Fail,158.73,1164.16,UB 305x165x40,UC 254x254x89,40.5,89.0,92.35,94.37,15312.78
638,3,3,3,3.19,4.41,7.27,24.92,6.24,16.24,9.57,21.25,19.14,1.1102,Fail,212.33,1549.41,UB 356x171x45,UC 305x305x97,45.0,96.9,99.62,95.0,33758.93
639,3,3,2,3.6,5.65,6.48,18.7,14.66,9.6,10.8,21.56,21.6,0.9983,Pass,195.85,1806.01,UB 406x178x54,UC 305x305x97,54.3,96.9,75.41,96.59,29286.44
640,3,1,3,3.89,7.14,5.74,24.68,9.08,5.9,11.67,47.63,23.34,2.0409,Fail,318.54,1390.44,UB 457x191x67,UC 305x305x118,67.1,118.0,97.96,83.62,23698.38
641,1,3,3,3.86,5.95,6.37,16.57,9.22,20.55,3.86,8.63,7.72,1.1177,Fail,143.36,469.95,UB 406x178x54,UC 203x203x60,54.3,60.0,68.09,89.1,11733.31
642,2,2,2,3.1,4.43,7.26,24.28,6.93,12.36,6.2,10.39,12.4,0.8376,Pass,224.72,1077.45,UB 406x178x54,UC 254x254x73,54.3,73.1,74.97,93.96,11696.18
643,1,1,1,4.23,7.55,7.61,20.9,2.0,3.67,4.23,5.3,8.46,0.6262,Pass,139.5,240.52,UB 457x191x67,UC 203x203x60,67.1,60.0,78.57,88.39,3049.67
644,2,2,3,3.44,6.46,5.79,10.14,13.41,7.49,6.88,10.76,13.76,0.7821,Pass,154.5,866.45,UB 406x178x54,UC 254x254x73,54.3,73.1,79.57,78.03,17306.73
645,3,2,3,4.47,5.38,4.36,5.2,14.82,10.1,13.41,67.37,26.82,2.512,Fail,288.03,887.34,UB 406x178x54,UC 305x305x118,54.3,118.0,96.09,86.3,32391.97
646,2,2,1,3.55,6.2,4.21,22.58,12.67,8.98,7.1,14.16,14.2,0.9968,Pass,206.73,854.59,UB 457x191x67,UC 254x254x73,67.1,73.1,66.97,89.17,8137.17
647,3,1,1,3.65,6.36,6.5,22.79,7.28,10.88,10.95,66.15,21.9,3.0203,Fail,401.47,896.43,UB 533x210x82,UC 305x305x118,82.2,118.0,70.87,85.39,11510.95
648,2,3,1,3.71,4.75,5.54,28.11,12.92,3.86,7.42,4.61,14.84,0.3106,Pass,127.21,877.91,UB 356x171x45,UC 254x254x73,45.0,73.1,85.17,81.13,8898.62
649,2,1,1,3.11,4.06,6.89,17.17,7.68,24.76,6.22,33.78,12.44,2.7153,Fail,314.8,486.13,UB 457x191x67,UC 305x305x97,67.1,96.9,78.95,85.05,5349.85
650,1,1,3,4.21,7.44,7.57,22.38,14.09,15.58,4.21,21.89,8.42,2.5993,Fail,286.94,620.26,UB 533x210x82,UC 254x254x89,82.2,89.0,74.11,98.92,9177.32
651,4,3,2,3.83,5.8,5.42,9.64,9.86,14.45,15.32,66.08,30.64,2.1567,Fail,310.61,1301.94,UB 457x191x67,UC 305x305x118,67.1,118.0,77.89,99.19,47341.42
652,2,3,3,3.4,7.71,6.31,5.84,2.49,12.08,6.8,12.78,13.6,0.94,Pass,98.0,336.28,UB 356x171x45,UC 203x203x46,45.0,46.1,73.95,99.42,20157.28
653,3,1,3,3.72,6.76,4.57,23.28,14.79,24.59,11.16,165.02,22.32,7.3933,Fail,858.18,1507.87,UB 610x229x101,UC 305x305x118,101.2,118.0,108.36,177.41,27069.1
654,3,2,3,3.12,7.56,4.35,16.81,11.64,24.01,9.36,54.25,18.72,2.8979,Fail,383.32,1483.31,UB 457x191x67,UC 305x305x118,67.1,118.0,98.0,108.95,33309.28
655,1,3,3,3.81,6.32,6.45,27.59,8.96,0.27,3.81,0.19,7.62,0.0252,Pass,205.71,682.65,UB 457x191x67,UC 254x254x73,67.1,73.1,73.55,72.2,14738.58
656,4,3,2,3.86,5.33,5.41,29.44,5.83,4.19,15.44,19.02,30.88,0.6159,Pass,161.4,2161.09,UB 406x178x54,UC 305x305x118,54.3,118.0,66.94,83.63,41682.54
657,5,3,2,4.09,6.25,4.25,16.83,4.2,1.29,20.45,11.36,40.9,0.2778,Pass,117.88,1542.17,UB 356x171x45,UC 254x254x89,45.0,89.0,99.45,91.19,42146.85
658,3,3,3,3.04,5.94,4.51,6.92,12.19,6.3,9.12,8.07,18.24,0.4426,Pass,111.21,887.94,UB 356x171x45,UC 203x203x60,45.0,60.0,77.58,94.77,25684.2
659,5,2,2,4.29,4.06,4.45,9.37,9.69,3.78,21.45,46.41,42.9,1.0819,Fail,193.44,1149.49,UB 356x171x45,UC 305x305x97,45.0,96.9,90.77,87.99,30195.05
660,4,2,1,3.39,6.8,5.94,24.98,13.21,8.57,13.56,40.05,27.12,1.4769,Fail,309.43,2133.85,UB 457x191x67,UC 305x305x118,67.1,118.0,95.73,101.0,21683.85
661,1,1,3,4.4,4.62,5.98,29.84,12.01,5.95,4.4,8.32,8.8,0.9454,Pass,204.1,517.83,UB 356x171x45,UC 203x203x60,45.0,60.0,95.77,96.34,4558.2
662,4,3,3,3.25,6.31,7.37,6.36,5.44,20.49,13.0,55.28,26.0,2.1263,Fail,293.8,942.7,UB 406x178x54,UC 305x305x118,54.3,118.0,98.02,88.27,60199.55
663,1,1,2,3.6,5.21,6.98,23.81,8.92,9.5,3.6,6.62,7.2,0.9195,Pass,237.01,492.41,UB 406x178x54,UC 203x203x60,54.3,60.0,79.07,91.38,3660.76
664,4,2,2,3.22,7.48,4.05,28.18,7.83,16.96,12.88,70.24,25.76,2.7268,Fail,445.28,2368.1,UB 533x210x82,UC 305x305x118,82.2,118.0,78.6,137.8,36424.94
665,5,3,1,3.15,6.13,5.42,26.11,9.94,16.3,15.75,57.36,31.5,1.8209,Fail,354.33,2236.88,UB 457x191x67,UC 305x305x118,67.1,118.0,88.86,121.99,34481.33
666,3,2,2,3.4,4.39,6.62,14.78,12.05,18.73,10.2,43.34,20.4,2.1244,Fail,300.39,1323.17,UB 457x191x67,UC 305x305x118,67.1,118.0,75.33,99.99,24130.28
667,5,1,3,3.51,6.76,4.72,18.69,10.75,20.79,17.55,285.29,35.1,8.128,Fail,1180.45,2116.72,UB 610x229x101,UC 305x305x118,101.2,118.0,149.05,232.73,44579.36
668,1,2,1,3.79,6.74,5.41,23.13,5.27,0.85,3.79,0.54,7.58,0.0707,Pass,179.79,397.14,UB 457x191x67,UC 203x203x60,67.1,60.0,69.32,77.99,4262.45
669,5,1,1,4.41,6.63,7.34,28.76,10.3,17.7,22.05,518.29,44.1,11.7525,Fail,1607.13,2479.69,UB 610x229x101,UC 305x305x118,101.2,118.0,202.92,308.91,24545.24
670,1,1,3,3.19,6.63,7.6,19.15,14.57,22.4,3.19,11.17,6.38,1.7506,Fail,266.64,556.2,UB 457x191x67,UC 254x254x73,67.1,73.1,78.34,95.34,6704.76
671,2,2,2,3.7,7.74,6.56,28.07,5.59,10.67,7.4,21.6,14.8,1.4595,Fail,293.95,1413.91,UB 533x210x82,UC 305x305x97,82.2,96.9,77.01,93.93,20559.06
672,3,2,1,4.17,5.11,4.25,14.71,14.95,6.46,12.51,32.95,25.02,1.3171,Fail,189.72,943.25,UB 356x171x45,UC 254x254x89,45.0,89.0,89.02,94.15,11160.99
673,3,1,2,3.1,7.92,4.8,14.82,10.39,2.71,9.3,10.92,18.6,0.5871,Pass,201.05,984.34,UB 457x191x67,UC 254x254x89,67.1,89.0,99.84,87.1,13614.05
674,5,2,1,3.92,4.42,5.77,11.47,2.45,1.76,19.6,16.19,39.2,0.4131,Pass,84.08,691.46,UB 254x146x31,UC 203x203x60,31.1,60.0,77.21,94.28,12496.94
675,3,2,1,4.34,4.6,6.56,28.32,10.64,6.66,13.02,37.57,26.04,1.4428,Fail,211.07,1307.23,UB 356x171x45,UC 305x305x97,45.0,96.9,99.04,95.04,12710.63
676,3,2,3,3.01,6.83,7.08,16.95,7.25,18.19,9.03,34.32,18.06,1.9002,Fail,268.9,1454.45,UB 406x178x54,UC 305x305x118,54.3,118.0,96.64,87.86,32067.32
677,1,3,1,3.0,7.82,7.27,17.05,9.37,23.38,3.0,4.53,6.0,0.7542,Pass,226.86,435.2,UB 533x210x82,UC 254x254x73,82.2,73.1,62.34,74.68,8001.6
678,3,2,3,3.45,4.22,7.99,21.18,6.75,21.33,10.35,51.13,20.7,2.47,Fail,346.78,1457.47,UB 457x191x67,UC 305x305x118,67.1,118.0,86.97,114.65,35926.97
679,3,1,2,4.14,5.16,4.81,18.86,14.58,16.52,12.42,139.4,24.84,5.6121,Fail,695.36,1325.39,UB 610x229x101,UC 305x305x118,101.2,118.0,87.8,148.43,19334.35
680,3,3,2,4.34,6.52,5.44,7.12,10.23,18.38,13.02,84.89,26.04,3.26,Fail,345.19,947.97,UB 457x191x67,UC 305x305x118,67.1,118.0,86.57,100.7,39009.18
681,2,1,1,3.04,7.99,4.95,14.72,12.31,16.09,6.08,28.67,12.16,2.3578,Fail,298.58,529.58,UB 533x210x82,UC 254x254x89,82.2,89.0,68.03,85.58,6419.15
682,4,3,2,4.45,4.07,5.36,13.44,11.37,10.14,17.8,68.34,35.6,1.9196,Fail,297.81,1388.98,UB 406x178x54,UC 305x305x118,54.3,118.0,99.35,100.9,42474.37
683,2,3,3,3.78,7.76,7.48,18.41,11.63,5.82,7.56,9.2,15.12,0.6086,Pass,245.25,1329.86,UB 533x210x82,UC 305x305x97,82.2,96.9,69.26,85.74,41786.5
684,1,1,3,3.21,6.62,5.88,27.95,2.6,17.53,3.21,8.93,6.42,1.3917,Fail,157.79,409.73,UB 457x191x67,UC 254x254x73,67.1,73.1,70.66,77.78,6021.3
685,2,1,1,3.95,7.62,7.28,7.43,9.95,20.88,7.9,88.75,15.8,5.6173,Fail,447.57,448.79,UB 533x210x82,UC 305x305x118,82.2,118.0,79.01,91.15,8627.92
686,1,1,1,3.75,7.2,4.88,25.11,7.54,20.29,3.75,18.6,7.5,2.4799,Fail,219.56,290.89,UB 457x191x67,UC 254x254x73,67.1,73.1,97.15,95.73,2717.64
687,4,2,1,4.46,6.3,4.55,25.91,12.31,19.11,17.84,220.66,35.68,6.1845,Fail,778.64,1873.13,UB 610x229x101,UC 305x305x118,101.2,118.0,98.31,212.27,28357.2
688,5,1,2,3.09,5.1,7.03,9.2,6.81,4.13,15.45,31.46,30.9,1.0182,Fail,199.55,1208.63,UB 356x171x45,UC 254x254x89,45.0,89.0,93.63,91.12,18019.8
689,2,3,1,3.2,7.16,6.53,14.4,4.05,21.99,6.4,18.2,12.8,1.4219,Fail,171.03,541.53,UB 406x178x54,UC 254x254x73,54.3,73.1,84.88,82.09,11244.81
690,1,1,1,3.27,4.36,6.61,27.17,7.41,20.19,3.27,9.31,6.54,1.4236,Fail,156.29,284.44,UB 305x165x40,UC 203x203x60,40.5,60.0,90.93,88.09,1673.37
691,4,3,1,3.31,6.56,6.09,15.3,14.2,15.26,13.24,44.92,26.48,1.6965,Fail,294.82,1632.73,UB 457x191x67,UC 305x305x118,67.1,118.0,73.94,94.37,29601.01
692,1,3,1,4.08,6.45,4.35,25.66,5.92,10.47,4.08,5.56,8.16,0.6814,Pass,184.38,388.3,UB 457x191x67,UC 203x203x60,67.1,60.0,67.55,88.62,5722.71
693,5,1,1,3.18,6.12,4.38,14.05,11.89,13.49,15.9,125.34,31.8,3.9414,Fail,648.46,1216.83,UB 610x229x101,UC 305x305x118,101.2,118.0,81.88,126.76,18130.8
694,2,2,3,3.99,5.11,4.77,24.92,10.91,24.21,7.98,53.15,15.96,3.3303,Fail,317.31,1036.69,UB 457x191x67,UC 305x305x118,67.1,118.0,79.58,98.85,22546.98
695,4,2,1,3.24,7.69,4.22,14.1,4.72,6.28,12.96,27.05,25.92,1.0437,Fail,199.03,1046.81,UB 457x191x67,UC 254x254x89,67.1,89.0,68.23,84.18,18574.57
696,5,2,1,3.16,4.21,6.15,8.95,2.38,12.87,15.8,54.32,31.6,1.7191,Fail,319.06,586.57,UB 457x191x67,UC 305x305x118,67.1,118.0,80.02,82.2,23026.19
697,1,1,3,3.67,6.32,5.68,23.68,13.68,5.75,3.67,4.65,7.34,0.6333,Pass,165.31,488.63,UB 457x191x67,UC 254x254x73,67.1,73.1,75.18,78.26,6129.27
698,1,2,1,3.15,6.95,7.48,14.39,4.87,11.77,3.15,3.51,6.3,0.5573,Pass,138.56,302.02,UB 406x178x54,UC 203x203x46,54.3,46.1,81.04,87.03,3599.32
699,4,1,2,3.22,7.71,5.82,14.68,3.77,18.0,12.88,134.72,25.76,5.23,Fail,659.57,1193.85,UB 610x229x101,UC 305x305x118,101.2,118.0,83.28,133.1,27905.81
700,3,2,1,3.5,4.13,6.27,12.02,3.44,11.64,10.5,29.12,21.0,1.3864,Fail,194.55,471.45,UB 356x171x45,UC 254x254x89,45.0,89.0,91.28,84.29,10376.55
701,4,1,2,3.33,5.18,4.63,24.86,14.39,22.64,13.32,149.68,26.64,5.6186,Fail,889.62,1991.12,UB 610x229x101,UC 305x305x118,101.2,118.0,112.33,188.19,23218.05
702,5,3,1,3.13,7.43,5.96,29.89,9.69,20.92,15.65,80.66,31.3,2.5771,Fail,483.37,2886.22,UB 533x210x82,UC 305x305x118,82.2,118.0,85.33,156.22,42894.22
703,3,1,3,3.64,7.49,4.99,15.86,4.89,23.19,10.92,153.42,21.84,7.0247,Fail,734.75,934.35,UB 610x229x101,UC 305x305x118,101.2,118.0,92.77,145.11,28494.12
704,2,3,1,3.63,4.18,7.97,23.34,8.55,10.64,7.26,11.06,14.52,0.7616,Pass,199.9,735.8,UB 356x171x45,UC 254x254x89,45.0,89.0,93.79,81.98,10295.52
705,4,2,3,4.23,5.81,4.96,18.96,2.16,18.29,16.92,168.77,33.84,4.9873,Fail,632.3,1274.07,UB 610x229x101,UC 305x305x118,101.2,118.0,79.84,170.6,60844.1
706,2,1,2,3.44,6.59,4.36,16.99,5.96,17.58,6.88,42.92,13.76,3.1194,Fail,312.34,571.71,UB 457x191x67,UC 305x305x97,67.1,96.9,78.33,82.9,8993.61
707,5,3,3,3.04,5.82,7.09,26.85,7.27,19.75,15.2,59.75,30.4,1.9654,Fail,373.74,3098.78,UB 457x191x67,UC 305x305x118,67.1,118.0,93.73,152.84,80673.26
708,3,3,2,4.06,4.01,6.51,14.62,10.98,13.27,12.18,39.72,24.36,1.6305,Fail,226.33,1213.99,UB 406x178x54,UC 305x305x118,54.3,118.0,75.51,81.56,31609.77
709,3,2,2,4.05,6.45,6.3,10.18,10.9,15.51,12.15,79.23,24.3,3.2606,Fail,361.96,1220.22,UB 457x191x67,UC 305x305x118,67.1,118.0,90.77,110.63,28302.75
710,3,3,1,3.77,7.64,5.46,6.29,6.98,11.63,11.31,35.5,22.62,1.5694,Fail,190.85,601.08,UB 406x178x54,UC 254x254x73,54.3,73.1,74.17,98.7,17639.16
711,1,2,2,3.26,6.24,4.27,22.73,4.66,24.53,3.26,7.87,6.52,1.2072,Fail,171.07,442.65,UB 406x178x54,UC 203x203x60,54.3,60.0,83.41,93.14,5184.56
712,2,3,1,3.97,6.95,7.01,26.78,11.14,18.83,7.94,32.91,15.88,2.0727,Fail,297.39,1126.37,UB 533x210x82,UC 305x305x97,82.2,96.9,62.81,88.09,17620.34
713,2,2,2,4.35,6.01,5.69,6.36,6.85,11.31,8.7,36.08,17.4,2.0736,Fail,172.06,475.61,UB 356x171x45,UC 254x254x89,45.0,89.0,80.73,81.77,13286.7
714,5,3,1,3.71,6.13,7.3,27.49,7.88,9.2,18.55,56.85,37.1,1.5323,Fail,300.58,2412.12,UB 457x191x67,UC 305x305x118,67.1,118.0,75.38,117.92,39647.49
715,1,1,2,3.13,5.56,4.72,28.96,3.0,4.12,3.13,1.8,6.26,0.2874,Pass,105.1,362.03,UB 406x178x54,UC 203x203x46,54.3,46.1,68.85,97.74,2796.67
716,1,3,1,3.74,7.5,6.08,20.68,5.81,24.24,3.74,9.85,7.48,1.3166,Fail,218.02,397.18,UB 457x191x67,UC 254x254x73,67.1,73.1,89.09,72.24,6838.52
717,5,1,2,3.52,5.78,6.58,12.29,2.82,21.79,17.6,275.71,35.2,7.8328,Fail,1191.54,1622.7,UB 610x229x101,UC 305x305x118,101.2,118.0,150.45,222.88,34552.76
718,2,3,3,3.5,6.31,6.62,24.67,8.32,16.65,7.0,17.88,14.0,1.2771,Fail,209.81,1223.59,UB 457x191x67,UC 254x254x89,67.1,89.0,66.07,91.55,30790.47
719,5,3,2,3.69,6.27,7.59,12.66,12.26,5.67,18.45,34.82,36.9,0.9436,Pass,199.26,2543.85,UB 406x178x54,UC 305x305x118,54.3,118.0,76.99,103.73,57931.43
720,3,2,1,3.22,5.14,7.82,20.47,4.09,13.38,9.66,27.46,19.32,1.4216,Fail,208.95,934.32,UB 356x171x45,UC 305x305x97,45.0,96.9,98.04,81.42,11559.02
721,2,1,3,4.04,6.67,4.61,10.95,2.53,7.92,8.08,34.04,16.16,2.1067,Fail,194.59,337.91,UB 356x171x45,UC 254x254x73,45.0,73.1,91.3,80.7,9615.78
722,2,2,2,3.55,4.82,6.83,21.64,14.71,3.7,7.1,5.27,14.2,0.3709,Pass,239.06,1283.55,UB 406x178x54,UC 254x254x89,54.3,89.0,79.75,87.19,13278.24
723,4,3,1,3.8,4.49,4.1,28.28,11.99,23.69,15.2,93.99,30.4,3.0919,Fail,499.02,1494.71,UB 533x210x82,UC 305x305x118,82.2,118.0,88.09,141.01,28598.99
724,3,1,1,4.46,6.18,6.03,21.18,5.84,22.4,13.38,267.28,26.76,9.9882,Fail,1057.57,986.89,UB 610x229x101,UC 305x305x118,101.2,118.0,133.53,198.67,13729.27
725,5,3,1,4.2,6.91,7.69,13.47,3.46,11.97,21.0,120.66,42.0,2.8728,Fail,400.45,1277.81,UB 533x210x82,UC 305x305x118,82.2,118.0,70.69,116.73,49506.42
726,1,1,3,3.83,5.23,5.61,26.02,7.8,2.31,3.83,2.03,7.66,0.2652,Pass,143.99,405.21,UB 356x171x45,UC 203x203x46,45.0,46.1,93.71,98.59,3868.6
727,1,3,3,3.29,6.11,7.13,24.18,4.54,2.09,3.29,0.56,6.58,0.0856,Pass,194.57,549.06,UB 406x178x54,UC 203x203x60,54.3,60.0,82.11,81.26,11785.58
728,4,3,3,4.44,7.9,5.58,17.26,9.84,12.79,17.76,114.42,35.52,3.2214,Fail,427.56,2107.06,UB 533x210x82,UC 305x305x118,82.2,118.0,75.47,139.88,86717.57
729,1,3,2,3.6,6.86,5.71,14.65,2.16,8.62,3.6,2.98,7.2,0.4137,Pass,110.23,316.16,UB 406x178x54,UC 203x203x46,54.3,46.1,68.02,78.29,7824.43
730,3,2,3,3.13,6.91,5.78,29.81,12.45,7.22,9.39,15.85,18.78,0.844,Pass,294.1,2321.26,UB 533x210x82,UC 305x305x118,82.2,118.0,68.8,98.85,39756.42
731,4,3,2,3.21,6.35,4.34,10.19,8.17,21.69,12.84,56.31,25.68,2.1928,Fail,320.9,1148.21,UB 457x191x67,UC 305x305x118,67.1,118.0,80.48,96.07,42839.35
732,3,1,3,4.13,4.35,5.64,27.86,7.39,13.9,12.39,108.0,24.78,4.3582,Fail,583.42,1392.65,UB 610x229x101,UC 305x305x118,101.2,118.0,73.66,132.55,27252.62
733,5,1,1,3.28,5.53,6.22,6.06,12.74,20.86,16.4,202.95,32.8,6.1874,Fail,1000.97,1331.88,UB 610x229x101,UC 305x305x118,101.2,118.0,126.39,184.7,19631.8
734,3,2,3,4.11,4.9,7.16,8.85,5.9,16.01,12.33,76.13,24.66,3.0874,Fail,358.4,776.88,UB 457x191x67,UC 305x305x118,67.1,118.0,89.88,101.23,38322.01
735,4,1,3,4.0,5.15,4.72,27.67,10.38,0.71,16.0,8.82,32.0,0.2756,Pass,121.15,1586.53,UB 406x178x54,UC 254x254x89,54.3,89.0,65.14,97.06,22017.42
736,3,2,1,3.9,5.45,5.92,15.9,5.35,17.15,11.7,70.89,23.4,3.0297,Fail,357.93,761.44,UB 457x191x67,UC 305x305x118,67.1,118.0,89.76,97.75,16247.03
737,1,2,3,4.1,4.07,5.04,19.54,3.9,11.53,4.1,7.55,8.2,0.9202,Pass,80.07,317.6,UB 254x146x31,UC 203x203x46,31.1,46.1,83.99,82.16,4691.43
738,2,2,1,3.08,5.44,6.54,28.88,2.63,7.29,6.16,6.58,12.32,0.5344,Pass,135.25,771.75,UB 356x171x45,UC 254x254x73,45.0,73.1,98.26,77.7,6425.98
739,1,3,1,4.15,4.73,4.38,23.82,9.07,21.81,4.15,11.22,8.3,1.3524,Fail,122.92,326.63,UB 305x165x40,UC 203x203x60,40.5,60.0,95.97,81.16,3850.95
740,3,2,3,4.05,5.45,6.14,13.79,3.87,3.42,12.15,16.18,24.3,0.6659,Pass,105.78,881.71,UB 305x165x40,UC 254x254x73,40.5,73.1,78.83,80.03,22669.47
741,3,2,2,3.62,7.68,4.65,10.45,8.54,20.79,10.86,78.73,21.72,3.625,Fail,388.93,1046.66,UB 457x191x67,UC 305x305x118,67.1,118.0,97.54,109.25,26425.49
742,5,3,3,4.25,6.1,6.13,18.78,11.83,2.85,21.25,28.23,42.5,0.6643,Pass,185.05,2682.38,UB 406x178x54,UC 305x305x118,54.3,118.0,87.08,104.39,79965.34
743,4,1,1,4.23,7.69,5.92,12.79,6.71,20.43,16.92,380.26,33.84,11.2371,Fail,1249.66,1110.35,UB 610x229x101,UC 305x305x118,101.2,118.0,157.79,224.23,19004.9
744,5,3,2,3.26,5.22,6.98,7.96,3.67,17.36,16.3,62.98,32.6,1.9318,Fail,324.46,1031.46,UB 457x191x67,UC 305x305x118,67.1,118.0,81.37,96.17,57576.91
745,2,2,1,3.31,7.92,5.7,24.08,3.45,0.47,6.62,0.88,13.24,0.0662,Pass,220.64,839.56,UB 533x210x82,UC 254x254x73,82.2,73.1,67.48,95.67,10922.96
746,4,2,1,3.29,4.13,6.64,19.83,8.1,22.71,13.16,74.28,26.32,2.8222,Fail,477.69,1156.83,UB 533x210x82,UC 305x305x118,82.2,118.0,84.32,130.79,21298.75
747,1,1,2,4.0,7.02,7.13,28.0,4.67,22.53,4.0,25.71,8.0,3.2134,Fail,245.25,547.09,UB 457x191x67,UC 254x254x89,67.1,89.0,90.1,95.95,5462.82
748,2,3,2,3.04,4.58,6.98,11.93,9.54,8.81,6.08,5.01,12.16,0.4122,Pass,146.42,744.6,UB 305x165x40,UC 203x203x60,40.5,60.0,85.19,89.24,12239.46
749,5,3,3,3.36,6.28,4.4,19.45,2.18,5.42,16.8,24.16,33.6,0.719,Pass,162.69,1595.79,UB 406x178x54,UC 305x305x97,54.3,96.9,67.14,83.65,60842.16
750,2,2,1,4.35,6.15,7.89,7.47,4.78,12.6,8.7,40.56,17.4,2.3311,Fail,186.32,359.4,UB 356x171x45,UC 254x254x89,45.0,89.0,87.42,83.11,8990.1
751,4,2,3,3.88,5.76,7.83,9.52,6.61,9.49,15.52,64.5,31.04,2.078,Fail,289.49,1270.84,UB 406x178x54,UC 305x305x118,54.3,118.0,96.58,95.56,47290.98
752,2,3,1,3.61,7.05,5.26,16.65,8.76,12.4,7.22,15.64,14.44,1.0828,Fail,194.83,702.87,UB 457x191x67,UC 254x254x73,67.1,73.1,70.98,79.75,12722.48
753,3,3,2,3.84,4.16,5.31,7.89,5.69,15.01,11.52,37.2,23.04,1.6145,Fail,214.27,580.97,UB 406x178x54,UC 254x254x89,54.3,89.0,71.48,96.38,25322.33
754,3,3,2,3.34,5.63,7.94,15.7,13.14,22.37,10.02,38.43,20.04,1.9175,Fail,271.78,1749.04,UB 406x178x54,UC 305x305x118,54.3,118.0,90.67,101.17,32789.87
755,4,3,2,3.27,7.99,5.97,7.63,7.69,16.46,13.08,51.96,26.16,1.9863,Fail,275.43,1263.76,UB 406x178x54,UC 305x305x118,54.3,118.0,97.94,86.25,44513.6
756,1,1,1,3.59,6.78,7.91,23.54,13.6,4.22,3.59,3.27,7.18,0.4552,Pass,238.76,386.86,UB 457x191x67,UC 254x254x73,67.1,73.1,92.28,81.89,3021.11
757,3,1,2,3.3,7.38,5.62,10.82,7.52,12.48,9.9,58.79,19.8,2.969,Fail,359.42,829.33,UB 457x191x67,UC 305x305x97,67.1,96.9,90.14,96.34,14737.87
758,5,3,2,4.13,7.2,7.77,13.9,10.67,23.75,20.65,230.81,41.3,5.5886,Fail,745.18,2714.88,UB 610x229x101,UC 305x305x118,101.2,118.0,94.09,231.63,93482.16
759,4,3,2,3.22,5.82,4.49,17.23,5.0,23.56,12.88,59.01,25.76,2.2909,Fail,349.95,1312.17,UB 457x191x67,UC 305x305x118,67.1,118.0,87.76,106.53,41937.8
760,1,1,3,3.08,4.27,6.71,29.3,6.97,16.98,3.08,6.26,6.16,1.0156,Fail,218.34,478.46,UB 406x178x54,UC 203x203x60,54.3,60.0,72.84,87.93,4591.96
761,2,2,3,3.93,7.04,6.64,18.0,8.4,11.65,7.86,27.75,15.72,1.765,Fail,222.54,1057.08,UB 457x191x67,UC 254x254x89,67.1,89.0,73.43,96.65,23972.42
762,3,3,2,3.74,5.05,5.37,26.49,9.11,23.81,11.22,58.02,22.44,2.5856,Fail,349.38,1630.69,UB 457x191x67,UC 305x305x118,67.1,118.0,87.62,116.36,33684.45
763,1,2,1,3.58,5.26,5.51,16.49,2.43,13.92,3.58,5.91,7.16,0.8251,Pass,89.34,220.6,UB 305x165x40,UC 203x203x46,40.5,46.1,75.92,69.63,2511.81
764,3,3,1,3.74,4.54,6.86,17.19,3.42,16.88,11.22,39.35,22.44,1.7538,Fail,236.27,692.17,UB 406x178x54,UC 305x305x97,54.3,96.9,78.82,84.2,17605.12
765,5,3,3,3.86,5.9,7.42,17.67,7.09,12.37,19.3,85.87,38.6,2.2245,Fail,363.8,2348.09,UB 457x191x67,UC 305x305x118,67.1,118.0,91.24,137.78,90064.72
766,4,3,3,3.53,7.91,5.28,5.7,2.59,20.92,14.12,84.98,28.24,3.0093,Fail,343.65,630.01,UB 457x191x67,UC 305x305x118,67.1,118.0,86.18,92.57,69140.91
767,3,3,3,3.04,7.57,5.37,7.43,6.49,8.93,9.12,13.02,18.24,0.7138,Pass,134.96,786.42,UB 406x178x54,UC 254x254x73,54.3,73.1,75.68,71.3,35961.86
768,3,1,3,3.37,4.94,5.25,7.12,10.94,21.72,10.11,87.76,20.22,4.3404,Fail,573.97,818.66,UB 610x229x101,UC 305x305x118,101.2,118.0,72.47,115.2,25106.38
769,1,2,1,3.03,5.3,5.84,26.58,9.38,22.54,3.03,5.24,6.06,0.8654,Pass,160.11,435.6,UB 406x178x54,UC 203x203x60,54.3,60.0,67.1,82.39,3193.3
770,3,1,3,3.7,4.09,5.27,19.26,6.19,2.44,11.1,12.55,22.2,0.5655,Pass,104.76,826.95,UB 254x146x31,UC 254x254x73,31.1,73.1,96.2,71.01,10967.81
771,4,1,3,4.01,5.34,6.01,24.12,6.41,15.37,16.04,195.2,32.08,6.0847,Fail,872.94,1827.87,UB 610x229x101,UC 305x305x118,101.2,118.0,110.22,184.39,38385.38
772,3,2,1,3.75,7.39,7.15,26.01,8.97,7.18,11.25,30.23,22.5,1.3435,Fail,300.58,1641.79,UB 533x210x82,UC 305x305x97,82.2,96.9,69.66,98.87,19119.82
773,1,2,3,3.6,4.9,6.97,7.3,12.97,2.37,3.6,1.02,7.2,0.1412,Pass,138.53,376.52,UB 305x165x40,UC 203x203x46,40.5,46.1,80.6,74.67,6119.69
774,3,2,1,3.85,6.12,5.71,13.68,3.0,20.59,11.55,85.85,23.1,3.7163,Fail,404.8,633.84,UB 533x210x82,UC 305x305x118,82.2,118.0,71.46,106.67,18438.43
775,5,2,2,4.0,5.25,5.66,11.28,8.7,16.79,20.0,178.46,40.0,4.4615,Fail,675.98,1578.26,UB 610x229x101,UC 305x305x118,101.2,118.0,85.35,185.63,54362.76
776,5,1,1,3.94,6.06,4.75,17.48,10.59,20.6,19.7,391.84,39.4,9.9451,Fail,1450.45,1762.34,UB 610x229x101,UC 305x305x118,101.2,118.0,183.14,263.84,20238.12
777,4,2,3,3.8,6.46,7.08,15.84,9.36,15.67,15.2,105.04,30.4,3.4554,Fail,466.18,1973.54,UB 533x210x82,UC 305x305x118,82.2,118.0,82.29,149.89,59466.72
778,5,1,2,3.69,4.96,6.99,24.14,12.97,10.26,18.45,141.17,36.9,3.8258,Fail,673.24,2875.54,UB 610x229x101,UC 305x305x118,101.2,118.0,85.0,179.36,34739.64
779,1,3,1,4.27,5.07,5.15,9.01,10.93,5.9,4.27,3.45,8.54,0.4035,Pass,77.51,225.62,UB 305x165x40,UC 203x203x46,40.5,46.1,71.65,55.93,3641.09
780,2,1,1,3.29,4.98,7.31,16.6,9.28,10.9,6.58,19.86,13.16,1.5088,Fail,186.16,489.14,UB 356x171x45,UC 254x254x73,45.0,73.1,87.35,81.58,4136.19
781,1,1,1,3.41,4.12,7.16,11.94,9.16,16.11,3.41,8.5,6.82,1.2463,Fail,113.41,188.87,UB 305x165x40,UC 203x203x46,40.5,46.1,65.98,87.36,1542.48
782,1,3,2,4.17,4.22,7.59,12.85,5.87,1.59,4.17,0.82,8.34,0.0983,Pass,162.03,344.06,UB 305x165x40,UC 203x203x46,40.5,46.1,94.27,74.4,6304.19
783,4,2,3,3.99,4.36,7.77,23.11,3.83,2.8,15.96,18.58,31.92,0.5819,Pass,206.85,1829.05,UB 356x171x45,UC 305x305x97,45.0,96.9,97.06,94.0,37424.09
784,5,1,3,4.0,6.32,7.1,18.13,8.45,2.26,20.0,46.34,40.0,1.1584,Fail,233.04,2003.87,UB 406x178x54,UC 305x305x118,54.3,118.0,84.1,89.97,37309.42
785,5,1,2,3.49,6.34,5.56,23.71,5.07,10.57,17.45,136.97,34.9,3.9248,Fail,631.25,2003.88,UB 610x229x101,UC 305x305x118,101.2,118.0,79.7,146.63,33232.16
786,2,1,1,3.32,5.1,5.63,26.57,2.73,13.34,6.64,25.36,13.28,1.9099,Fail,228.19,480.72,UB 406x178x54,UC 254x254x73,54.3,73.1,76.13,95.05,4272.09
787,1,2,3,3.64,6.73,7.85,26.99,14.18,9.07,3.64,4.51,7.28,0.6198,Pass,345.13,906.02,UB 533x210x82,UC 254x254x73,82.2,73.1,61.92,99.73,13426.09
788,3,2,1,3.97,7.62,4.14,23.49,12.39,1.37,11.91,7.3,23.82,0.3065,Pass,276.79,1511.25,UB 533x210x82,UC 305x305x97,82.2,96.9,78.33,96.95,17503.61
789,2,2,3,3.58,6.56,6.8,27.58,10.91,13.37,7.16,22.23,14.32,1.5525,Fail,261.68,1496.99,UB 457x191x67,UC 305x305x97,67.1,96.9,86.62,90.86,23581.5
790,2,2,2,3.01,7.84,7.71,27.95,5.91,23.41,6.02,23.27,12.04,1.9327,Fail,320.08,1534.2,UB 533x210x82,UC 305x305x97,82.2,96.9,80.51,99.7,20588.56
791,2,2,1,4.29,4.64,5.76,12.93,12.56,16.11,8.58,44.42,17.16,2.5886,Fail,237.17,563.36,UB 406x178x54,UC 305x305x97,54.3,96.9,79.12,85.25,8880.64
792,1,2,1,4.23,7.76,5.88,15.32,12.94,17.93,4.23,15.96,8.46,1.8862,Fail,272.6,458.39,UB 533x210x82,UC 254x254x73,82.2,73.1,65.16,85.54,5856.77
793,1,1,3,3.39,4.27,5.68,23.23,9.12,8.17,3.39,4.27,6.78,0.6303,Pass,141.63,377.88,UB 305x165x40,UC 203x203x46,40.5,46.1,82.4,85.84,3322.21
794,1,1,3,3.96,6.52,7.16,8.4,7.21,15.71,3.96,16.78,7.92,2.1181,Fail,139.18,257.56,UB 356x171x45,UC 203x203x60,45.0,60.0,83.81,97.15,5007.6
795,3,3,1,3.17,5.0,6.85,24.19,10.44,3.25,9.51,4.49,19.02,0.2359,Pass,171.25,1234.64,UB 356x171x45,UC 254x254x89,45.0,89.0,83.85,88.81,14520.12
796,5,3,2,4.19,5.28,5.91,23.38,5.39,17.19,20.95,150.89,41.9,3.6011,Fail,566.03,2301.23,UB 533x210x82,UC 305x305x118,82.2,118.0,99.92,180.88,68628.0
797,3,2,1,3.13,5.47,5.57,14.43,12.85,14.26,9.39,27.35,18.78,1.4562,Fail,220.62,981.96,UB 406x178x54,UC 305x305x97,54.3,96.9,73.6,83.2,11745.66
798,1,1,3,3.97,6.51,7.63,29.35,4.58,17.53,3.97,18.89,7.94,2.3797,Fail,263.5,546.41,UB 457x191x67,UC 254x254x89,67.1,89.0,74.63,82.36,7645.76
799,2,1,2,3.93,6.4,4.6,28.95,4.21,14.18,7.86,54.26,15.72,3.4514,Fail,355.53,812.36,UB 457x191x67,UC 305x305x97,67.1,96.9,89.16,97.68,9615.72
800,1,3,3,3.65,7.68,5.81,21.84,3.54,17.84,3.65,6.74,7.3,0.9234,Pass,210.02,492.93,UB 457x191x67,UC 254x254x73,67.1,73.1,91.65,73.65,15131.19
801,2,2,2,4.12,5.53,5.73,10.17,4.8,20.6,8.24,52.3,16.48,3.1734,Fail,259.73,506.08,UB 406x178x54,UC 305x305x97,54.3,96.9,86.65,94.34,14523.12
802,2,2,1,3.61,4.58,5.16,11.54,10.03,22.68,7.22,33.28,14.44,2.305,Fail,226.13,451.11,UB 406x178x54,UC 305x305x97,54.3,96.9,75.44,79.63,7868.39
803,3,3,3,3.97,4.34,5.88,26.79,14.67,9.94,11.91,28.27,23.82,1.1867,Fail,192.04,1838.72,UB 356x171x45,UC 305x305x118,45.0,118.0,90.11,88.02,39042.48
804,2,3,2,4.06,6.94,5.02,7.38,2.76,8.32,8.12,15.69,16.24,0.9661,Pass,98.24,357.87,UB 305x165x40,UC 203x203x60,40.5,60.0,93.46,79.72,14158.62
805,2,2,2,4.5,7.76,7.87,19.96,11.73,1.14,9.0,4.74,18.0,0.2633,Pass,278.8,1496.89,UB 533x210x82,UC 305x305x97,82.2,96.9,73.07,96.0,23266.33
806,3,3,3,3.57,7.91,6.69,8.31,13.6,1.03,10.71,2.87,21.42,0.1342,Pass,180.64,1420.23,UB 457x191x67,UC 254x254x89,67.1,89.0,86.44,95.85,50518.8
807,2,2,1,3.76,7.72,7.51,8.3,6.13,13.26,7.52,28.16,15.04,1.8725,Fail,179.92,483.23,UB 406x178x54,UC 254x254x73,54.3,73.1,83.21,90.11,9098.6
808,2,2,1,3.47,7.91,6.0,29.33,5.65,9.01,6.94,14.84,13.88,1.0694,Fail,301.44,1084.91,UB 533x210x82,UC 305x305x97,82.2,96.9,85.42,84.08,12195.73
809,4,2,2,3.92,7.05,5.06,12.83,13.6,7.89,15.68,61.76,31.36,1.9695,Fail,304.97,1904.29,UB 457x191x67,UC 305x305x118,67.1,118.0,76.48,106.54,36154.1
810,4,1,3,4.28,6.63,7.19,6.33,3.93,5.75,17.12,102.24,34.24,2.9859,Fail,373.84,734.03,UB 457x191x67,UC 305x305x97,67.1,96.9,93.75,96.4,31968.17
811,1,2,2,3.25,5.87,4.46,27.38,8.43,11.04,3.25,3.46,6.5,0.5321,Pass,182.19,576.32,UB 406x178x54,UC 203x203x60,54.3,60.0,90.78,93.64,5120.51
812,5,2,2,3.74,7.38,7.47,8.09,3.22,21.7,18.7,218.57,37.4,5.8441,Fail,729.37,1212.16,UB 610x229x101,UC 305x305x118,101.2,118.0,92.09,192.54,64944.0
813,2,1,3,3.76,5.09,7.56,19.64,9.59,24.29,7.52,71.5,15.04,4.7541,Fail,462.51,971.55,UB 533x210x82,UC 305x305x118,82.2,118.0,81.64,109.33,17903.25
814,5,3,1,3.62,4.31,7.07,21.92,13.54,0.65,18.1,3.19,36.2,0.0882,Pass,184.2,1949.08,UB 356x171x45,UC 305x305x118,45.0,118.0,86.43,84.31,29267.9
815,1,2,2,3.89,7.8,7.35,8.84,3.05,20.77,3.89,13.65,7.78,1.7543,Fail,129.97,277.74,UB 406x178x54,UC 203x203x60,54.3,60.0,70.72,82.88,7036.47
816,4,2,3,4.43,6.38,4.02,29.24,10.53,23.77,17.72,269.7,35.44,7.6101,Fail,937.12,2359.97,UB 610x229x101,UC 305x305x118,101.2,118.0,118.32,262.28,60398.18
817,3,3,3,4.36,7.19,4.52,26.58,12.42,7.07,13.08,34.94,26.16,1.3355,Fail,310.98,1970.12,UB 533x210x82,UC 305x305x118,82.2,118.0,71.53,95.2,59347.27
818,1,3,1,3.82,6.41,4.37,11.38,5.12,19.27,3.82,7.97,7.64,1.0427,Fail,109.04,204.17,UB 356x171x45,UC 203x203x46,45.0,46.1,84.18,79.55,3926.12
819,4,1,1,4.28,4.65,7.12,12.12,11.78,16.35,17.12,244.59,34.24,7.1433,Fail,1035.44,1349.39,UB 610x229x101,UC 305x305x118,101.2,118.0,130.74,195.57,17609.63
820,1,2,2,4.2,6.94,7.69,27.59,9.85,8.98,4.2,7.53,8.4,0.896,Pass,330.73,857.54,UB 457x191x67,UC 254x254x73,67.1,73.1,99.76,99.27,8653.22
821,1,2,3,3.3,5.78,5.55,11.71,9.8,2.26,3.3,0.76,6.6,0.1156,Pass,104.63,374.45,UB 356x171x45,UC 203x203x46,45.0,46.1,80.45,71.42,6154.11
822,4,2,3,3.28,6.52,4.37,17.83,14.65,16.91,13.12,68.77,26.24,2.6206,Fail,407.95,2055.83,UB 533x210x82,UC 305x305x118,82.2,118.0,72.01,131.62,48659.83
823,2,2,3,3.94,6.1,5.16,15.93,13.79,11.94,7.88,26.94,15.76,1.7092,Fail,203.49,997.93,UB 406x178x54,UC 254x254x89,54.3,89.0,84.55,95.56,18758.9
824,2,1,3,4.35,7.37,6.09,12.39,2.62,1.91,8.7,11.2,17.4,0.6437,Pass,109.23,423.78,UB 406x178x54,UC 203x203x60,54.3,60.0,75.31,82.2,11345.77
825,1,3,1,3.77,5.65,5.86,23.01,12.57,8.89,3.77,3.41,7.54,0.4521,Pass,160.5,441.64,UB 406x178x54,UC 203x203x60,54.3,60.0,80.43,81.32,4923.16
826,5,1,3,3.02,6.96,5.85,24.65,12.96,1.13,15.1,9.7,30.2,0.3211,Pass,218.05,2507.39,UB 533x210x82,UC 305x305x118,82.2,118.0,62.57,103.08,40122.74
827,4,3,2,3.47,6.9,7.03,16.25,12.5,8.53,13.88,30.45,27.76,1.0968,Fail,237.06,2355.78,UB 457x191x67,UC 305x305x118,67.1,118.0,75.29,97.85,51416.54
828,2,1,1,3.12,7.93,5.04,21.84,7.64,0.45,6.24,1.02,12.48,0.0815,Pass,202.91,532.04,UB 533x210x82,UC 254x254x73,82.2,73.1,72.54,93.39,6089.11
829,4,1,1,3.26,5.91,6.77,26.72,14.56,15.05,13.04,99.6,26.08,3.819,Fail,617.39,1663.51,UB 610x229x101,UC 305x305x118,101.2,118.0,77.95,134.83,16420.61
830,4,2,3,4.22,6.47,6.76,29.08,10.78,20.12,16.88,194.12,33.76,5.75,Fail,744.34,3022.43,UB 610x229x101,UC 305x305x118,101.2,118.0,93.98,238.3,69482.56
831,1,1,1,3.02,4.45,4.06,29.26,13.17,5.23,3.02,1.83,6.04,0.3037,Pass,81.27,256.96,UB 356x171x45,UC 203x203x46,45.0,46.1,72.42,79.18,1322.79
832,2,3,1,3.65,6.5,7.16,9.77,5.91,11.59,7.3,14.58,14.6,0.9984,Pass,120.67,452.96,UB 356x171x45,UC 203x203x60,45.0,60.0,83.41,90.67,9591.6
833,4,2,1,3.17,7.61,6.96,16.13,8.31,0.49,12.68,2.12,25.36,0.0837,Pass,180.24,1548.88,UB 457x191x67,UC 254x254x89,67.1,89.0,85.87,99.09,20545.41
834,4,3,1,3.3,6.28,7.34,6.27,2.1,15.76,13.2,44.7,26.4,1.6931,Fail,230.32,472.28,UB 406x178x54,UC 254x254x89,54.3,89.0,76.84,96.71,23959.49
835,4,2,2,4.11,6.38,6.22,12.27,8.34,12.15,16.44,106.18,32.88,3.2293,Fail,418.43,1534.19,UB 533x210x82,UC 305x305x118,82.2,118.0,73.86,129.72,42316.56
836,5,3,3,4.4,7.62,7.47,10.8,2.79,0.48,22.0,6.09,44.0,0.1383,Pass,104.22,1444.39,UB 406x178x54,UC 254x254x89,54.3,89.0,75.36,88.68,80491.22
837,5,2,3,3.1,7.57,5.67,16.83,8.43,23.47,15.5,127.49,31.0,4.1124,Fail,601.22,2388.05,UB 610x229x101,UC 305x305x118,101.2,118.0,75.91,183.43,78412.54
838,3,2,3,3.65,4.65,6.9,16.73,7.7,12.69,10.95,38.71,21.9,1.7678,Fail,242.78,1220.94,UB 406x178x54,UC 305x305x118,54.3,118.0,80.99,84.37,31681.17
839,5,3,2,4.38,7.41,6.86,16.71,13.48,18.07,21.9,218.5,43.8,4.9885,Fail,679.35,3173.01,UB 610x229x101,UC 305x305x118,101.2,118.0,85.78,227.69,92524.82
840,4,2,3,3.98,5.44,5.89,29.27,4.11,5.18,15.92,37.49,31.84,1.1775,Fail,213.44,2124.97,UB 406x178x54,UC 305x305x118,54.3,118.0,71.21,97.79,43509.04
841,1,3,2,3.19,4.8,6.42,7.52,7.41,24.84,3.19,4.85,6.38,0.7609,Pass,93.27,261.79,UB 254x146x31,UC 203x203x46,31.1,46.1,87.75,68.11,4705.52
842,3,1,1,3.84,8.0,5.44,11.52,10.8,4.37,11.52,36.11,23.04,1.5675,Fail,244.15,672.74,UB 457x191x67,UC 254x254x73,67.1,73.1,91.1,97.21,8779.39
843,5,1,1,3.51,4.46,4.91,19.05,8.32,24.84,17.55,274.64,35.1,7.8244,Fail,1376.22,1937.45,UB 610x229x101,UC 305x305x118,101.2,118.0,173.77,255.27,17766.04
844,3,1,3,3.4,4.6,6.76,17.88,10.7,17.66,10.2,71.1,20.4,3.4852,Fail,495.5,1298.39,UB 533x210x82,UC 305x305x118,82.2,118.0,87.47,114.47,24168.34
845,4,2,1,4.46,7.13,6.44,26.46,3.32,14.06,17.84,172.74,35.68,4.8414,Fail,591.82,1723.8,UB 610x229x101,UC 305x305x118,101.2,118.0,74.72,167.66,31996.35
846,5,1,1,3.94,7.48,7.64,8.93,5.8,11.04,19.7,237.2,39.4,6.0204,Fail,784.9,1042.32,UB 610x229x101,UC 305x305x118,101.2,118.0,99.1,145.84,24599.84
847,5,2,3,4.31,4.62,5.45,25.48,3.6,5.05,21.55,66.13,43.1,1.5343,Fail,269.94,2014.07,UB 406x178x54,UC 305x305x118,54.3,118.0,90.05,111.65,53866.51
848,4,1,1,4.25,5.89,5.15,9.28,5.46,17.88,17.0,291.32,34.0,8.5683,Fail,1092.48,989.46,UB 610x229x101,UC 305x305x118,101.2,118.0,137.94,195.85,16961.98
849,4,2,3,4.0,4.61,7.01,15.54,4.97,20.04,16.0,137.0,32.0,4.2811,Fail,615.19,1347.49,UB 610x229x101,UC 305x305x118,101.2,118.0,77.68,168.58,63123.86
850,4,2,2,4.43,6.06,6.73,28.59,7.75,19.25,17.72,213.08,35.44,6.0125,Fail,764.34,2696.47,UB 610x229x101,UC 305x305x118,101.2,118.0,96.51,237.56,49882.99
851,5,1,1,3.51,5.61,7.09,15.85,7.11,0.93,17.55,11.5,35.1,0.3276,Pass,119.53,1040.96,UB 356x171x45,UC 254x254x73,45.0,73.1,78.52,87.34,10846.62
852,2,3,1,4.47,7.92,7.2,26.9,14.64,10.48,8.94,29.7,17.88,1.6609,Fail,375.38,1368.02,UB 610x229x101,UC 305x305x118,101.2,118.0,63.89,87.34,23886.53
853,5,2,3,4.11,7.64,4.03,11.99,8.86,23.01,20.55,326.09,41.1,7.934,Fail,970.3,1750.32,UB 610x229x101,UC 305x305x118,101.2,118.0,122.51,254.4,78378.14
854,4,2,3,3.31,6.18,7.15,21.3,11.07,22.19,13.24,90.31,26.48,3.4105,Fail,504.39,2481.72,UB 533x210x82,UC 305x305x118,82.2,118.0,89.04,168.44,56161.99
855,4,1,2,3.13,6.15,5.56,22.97,13.44,13.01,12.52,76.86,25.04,3.0696,Fail,506.57,1979.41,UB 533x210x82,UC 305x305x118,82.2,118.0,89.42,126.58,22243.03
856,5,2,1,3.14,6.21,6.09,23.93,4.08,0.7,15.7,3.64,31.4,0.116,Pass,138.38,1795.37,UB 406x178x54,UC 305x305x97,54.3,96.9,84.07,84.21,20832.35
857,5,3,2,3.36,7.1,6.91,29.67,3.44,1.5,16.8,7.41,33.6,0.2206,Pass,213.92,3261.14,UB 457x191x67,UC 305x305x118,67.1,118.0,94.47,121.24,63773.69
858,3,2,3,3.76,4.5,7.03,28.53,7.83,14.31,11.28,47.87,22.56,2.122,Fail,299.11,1794.48,UB 406x178x54,UC 305x305x118,54.3,118.0,99.79,111.35,32143.56
859,1,2,2,4.47,7.22,7.96,19.14,13.63,15.69,4.47,16.64,8.94,1.8616,Fail,316.15,791.07,UB 457x191x67,UC 254x254x89,67.1,89.0,98.32,84.17,9691.94
860,5,3,1,3.53,5.14,7.14,22.87,10.74,17.86,17.65,84.89,35.3,2.4049,Fail,431.71,2063.38,UB 533x210x82,UC 305x305x118,82.2,118.0,76.21,140.78,41075.0
861,5,3,1,3.16,6.07,4.77,24.46,7.91,3.66,15.8,13.09,31.6,0.4143,Pass,175.11,1909.33,UB 406x178x54,UC 305x305x97,54.3,96.9,90.74,91.08,27316.41
862,4,2,1,3.14,5.7,4.52,10.37,3.01,16.92,12.56,54.95,25.12,2.1876,Fail,317.94,597.98,UB 457x191x67,UC 305x305x118,67.1,118.0,79.73,83.71,18651.5
863,4,3,3,3.78,5.58,5.05,17.47,7.5,11.0,15.12,47.2,30.24,1.5608,Fail,250.73,1517.29,UB 406x178x54,UC 305x305x118,54.3,118.0,83.65,89.98,56252.59
864,4,3,2,4.24,4.58,4.51,22.78,3.68,17.61,16.96,104.12,33.92,3.0696,Fail,453.02,1375.32,UB 533x210x82,UC 305x305x118,82.2,118.0,79.97,132.08,49431.6
865,5,1,3,3.32,5.89,6.99,28.6,6.8,23.8,16.6,249.86,33.2,7.5259,Fail,1205.01,2965.07,UB 610x229x101,UC 305x305x118,101.2,118.0,152.15,259.1,48813.4
866,5,2,1,3.18,6.29,4.16,8.83,6.83,24.78,15.9,131.12,31.8,4.1233,Fail,610.67,936.4,UB 610x229x101,UC 305x305x118,101.2,118.0,77.11,155.57,30303.04
867,3,2,2,3.04,4.57,7.14,15.54,14.18,7.63,9.12,12.14,18.24,0.6655,Pass,210.98,1561.21,UB 356x171x45,UC 254x254x89,45.0,89.0,98.99,93.19,16790.22
868,3,1,1,4.23,5.96,4.49,13.72,13.32,10.44,12.69,101.83,25.38,4.0122,Fail,481.38,730.46,UB 533x210x82,UC 305x305x118,82.2,118.0,84.97,95.64,11143.62
869,5,2,3,3.68,5.35,5.51,25.86,12.84,3.32,18.4,26.71,36.8,0.7259,Pass,189.76,2979.28,UB 406x178x54,UC 305x305x118,54.3,118.0,74.27,111.39,51138.29
870,2,3,3,3.69,5.8,5.8,26.66,6.23,20.0,7.38,24.92,14.76,1.6883,Fail,207.55,1089.96,UB 406x178x54,UC 305x305x97,54.3,96.9,80.43,81.6,26559.07
871,5,2,2,3.35,5.58,6.16,28.95,13.57,18.4,16.75,109.03,33.5,3.2545,Fail,570.02,3585.12,UB 610x229x101,UC 305x305x118,101.2,118.0,71.97,208.93,53431.14
872,1,1,3,3.04,6.52,7.09,12.72,10.39,16.1,3.04,6.72,6.08,1.1059,Fail,159.4,362.22,UB 406x178x54,UC 203x203x60,54.3,60.0,80.28,91.9,5185.27
873,1,1,3,3.81,7.03,7.83,18.04,11.76,12.57,3.81,12.08,7.62,1.5852,Fail,250.22,507.31,UB 457x191x67,UC 254x254x73,67.1,73.1,82.54,89.38,7267.3
874,1,1,3,4.4,4.72,4.08,24.67,5.19,17.64,4.4,24.79,8.8,2.8169,Fail,174.71,309.35,UB 356x171x45,UC 254x254x73,45.0,73.1,81.98,81.99,4524.32
875,5,2,1,4.21,6.43,5.61,6.12,13.21,0.58,21.05,8.2,42.1,0.1947,Pass,115.54,1313.01,UB 356x171x45,UC 254x254x89,45.0,89.0,99.54,82.29,20814.45
876,4,1,2,3.04,6.11,5.53,7.28,14.74,13.54,12.16,72.22,24.32,2.9694,Fail,457.33,1282.54,UB 533x210x82,UC 305x305x118,82.2,118.0,80.73,102.76,21909.24
877,3,1,1,3.38,4.36,5.23,15.18,4.2,15.36,10.14,59.1,20.28,2.914,Fail,416.64,553.47,UB 533x210x82,UC 305x305x118,82.2,118.0,73.55,81.36,9515.87
878,3,1,1,4.07,5.19,4.39,8.56,13.61,6.45,12.21,51.43,24.42,2.1061,Fail,280.88,542.8,UB 406x178x54,UC 254x254x89,54.3,89.0,93.7,90.95,7467.92
879,1,1,1,3.36,6.39,4.95,17.72,8.56,23.73,3.36,13.97,6.72,2.0789,Fail,174.04,227.31,UB 406x178x54,UC 254x254x73,54.3,73.1,85.94,75.08,2213.99
880,3,1,2,3.7,5.63,5.94,15.19,5.04,22.15,11.1,132.08,22.2,5.9493,Fail,709.41,993.69,UB 610x229x101,UC 305x305x118,101.2,118.0,89.57,142.7,20200.14
881,3,3,3,4.01,4.99,6.22,24.63,5.96,10.17,12.03,31.65,24.06,1.3154,Fail,193.8,1464.46,UB 356x171x45,UC 305x305x97,45.0,96.9,90.93,96.12,36811.51
882,1,3,3,3.31,7.87,5.49,29.63,12.17,13.44,3.31,3.79,6.62,0.5729,Pass,349.22,816.07,UB 610x229x101,UC 254x254x89,101.2,89.0,63.08,95.6,20937.82
883,4,3,2,3.06,7.25,7.84,20.52,10.49,4.18,12.24,10.21,24.48,0.4172,Pass,257.3,2714.98,UB 457x191x67,UC 305x305x118,67.1,118.0,94.21,103.33,51678.99
884,1,2,2,3.9,7.36,5.52,13.79,10.22,14.63,3.9,9.53,7.8,1.222,Fail,205.07,490.49,UB 457x191x67,UC 254x254x73,67.1,73.1,76.31,70.95,7751.3
885,5,2,1,3.24,6.14,4.28,7.24,11.08,20.76,16.2,115.5,32.4,3.5647,Fail,544.87,1102.5,UB 533x210x82,UC 305x305x118,82.2,118.0,96.18,143.52,26841.0
886,5,2,2,3.32,6.02,7.21,27.1,14.29,15.88,16.6,95.07,33.2,2.8636,Fail,506.19,3962.74,UB 533x210x82,UC 305x305x118,82.2,118.0,89.35,203.42,50254.38
887,4,2,1,3.99,5.29,4.84,28.97,6.27,22.85,15.96,164.46,31.92,5.1522,Fail,719.34,1515.27,UB 610x229x101,UC 305x305x118,101.2,118.0,90.83,191.36,25742.94
888,2,3,1,3.91,4.02,4.04,9.34,9.23,17.41,7.82,23.37,15.64,1.4943,Fail,150.6,329.13,UB 305x165x40,UC 254x254x73,40.5,73.1,87.62,82.73,7835.82
889,4,2,3,3.12,7.51,6.61,18.47,13.6,20.4,12.48,76.08,24.96,3.048,Fail,461.89,2629.81,UB 533x210x82,UC 305x305x118,82.2,118.0,81.53,153.68,56986.3
890,4,3,1,3.53,7.25,7.31,13.95,4.3,19.2,14.12,74.33,28.24,2.632,Fail,353.08,1121.01,UB 457x191x67,UC 305x305x118,67.1,118.0,88.55,100.85,32852.7
891,1,1,2,3.56,4.77,4.04,23.58,11.86,17.01,3.56,11.02,7.12,1.5482,Fail,133.04,372.51,UB 356x171x45,UC 254x254x73,45.0,73.1,74.5,67.77,2932.57
892,3,1,1,4.22,6.5,7.23,10.53,14.74,24.18,12.66,244.62,25.32,9.6612,Fail,1018.7,1016.43,UB 610x229x101,UC 305x305x118,101.2,118.0,128.62,193.62,14312.38
893,1,2,2,4.36,6.83,4.84,9.9,12.67,9.9,4.36,9.41,8.72,1.0797,Fail,171.0,427.17,UB 406x178x54,UC 203x203x60,54.3,60.0,90.13,89.59,6156.49
894,3,3,3,3.74,6.21,6.64,19.14,10.87,14.13,11.22,37.86,22.44,1.6873,Fail,250.75,1673.41,UB 406x178x54,UC 305x305x118,54.3,118.0,90.08,90.52,46302.54
895,1,3,1,4.12,4.51,7.73,26.39,13.45,18.22,4.12,9.03,8.24,1.0959,Fail,254.47,479.56,UB 406x178x54,UC 254x254x73,54.3,73.1,84.89,86.09,5557.69
896,3,1,3,3.03,7.88,6.71,20.36,10.85,22.08,9.09,81.42,18.18,4.4788,Fail,562.95,1529.27,UB 533x210x82,UC 305x305x118,82.2,118.0,99.37,126.69,26281.91
897,1,2,3,4.01,6.6,7.42,13.07,12.98,10.17,4.01,7.06,8.02,0.8799,Pass,199.1,562.03,UB 406x178x54,UC 203x203x60,54.3,60.0,93.87,98.88,9380.39
898,1,3,3,3.7,5.45,7.04,27.1,4.92,6.95,3.7,2.47,7.4,0.3333,Pass,212.1,579.14,UB 406x178x54,UC 203x203x60,54.3,60.0,70.76,87.52,11690.48
899,4,3,2,3.47,5.57,5.34,27.0,12.5,24.76,13.88,78.68,27.76,2.8342,Fail,454.73,2503.51,UB 533x210x82,UC 305x305x118,82.2,118.0,80.27,157.19,50183.16
900,2,3,2,4.44,7.67,4.79,13.23,2.82,15.63,8.88,42.26,17.76,2.3798,Fail,206.53,583.9,UB 406x178x54,UC 254x254x89,54.3,89.0,90.77,89.3,21142.05
901,1,2,2,4.21,6.37,6.51,13.36,5.26,2.7,4.21,2.23,8.42,0.2643,Pass,119.56,378.44,UB 356x171x45,UC 203x203x46,45.0,46.1,93.22,80.55,5224.33
902,2,2,1,4.23,6.08,4.95,6.82,9.8,10.96,8.46,31.78,16.92,1.8784,Fail,169.48,425.06,UB 356x171x45,UC 254x254x73,45.0,73.1,79.52,91.53,7235.86
903,1,3,2,3.87,4.34,4.24,5.83,6.07,21.19,3.87,8.22,7.74,1.0619,Fail,66.67,160.15,UB 203x133x25,UC 203x203x46,25.1,46.1,97.43,72.78,3972.68
904,1,1,1,4.38,5.77,5.21,20.65,2.86,16.94,4.38,24.93,8.76,2.8457,Fail,175.56,201.94,UB 356x171x45,UC 254x254x73,45.0,73.1,87.48,76.03,2268.91
905,5,1,2,4.27,5.61,6.47,15.28,13.24,19.69,21.35,473.85,42.7,11.0971,Fail,1627.83,2667.96,UB 610x229x101,UC 305x305x118,101.2,118.0,205.53,318.98,36727.06
906,5,1,2,3.58,7.18,7.52,20.48,6.42,23.44,17.9,356.57,35.8,9.9599,Fail,1364.83,2614.21,UB 610x229x101,UC 305x305x118,101.2,118.0,172.33,276.34,38792.92
907,1,2,3,3.49,4.77,4.41,19.88,2.88,19.74,3.49,7.4,6.98,1.0604,Fail,94.29,308.72,UB 305x165x40,UC 203x203x46,40.5,46.1,68.11,89.67,5083.59
908,2,3,1,3.96,5.03,5.68,23.12,7.78,6.08,7.92,9.28,15.84,0.586,Pass,119.41,688.24,UB 356x171x45,UC 203x203x60,45.0,60.0,76.17,94.97,8562.6
909,1,1,1,3.47,5.74,7.84,23.86,6.05,22.13,3.47,13.99,6.94,2.0153,Fail,184.36,301.22,UB 406x178x54,UC 254x254x73,54.3,73.1,70.9,76.03,2489.42
910,2,1,2,3.46,5.37,5.48,5.2,9.62,16.96,6.92,38.16,13.84,2.757,Fail,269.09,440.21,UB 406x178x54,UC 254x254x89,54.3,89.0,89.77,93.7,7825.34
911,1,1,3,4.23,6.24,4.22,13.6,14.69,16.01,4.23,21.34,8.46,2.5227,Fail,180.51,329.35,UB 406x178x54,UC 254x254x73,54.3,73.1,86.15,84.75,5203.91
912,2,1,2,3.28,5.9,6.77,16.69,11.0,21.3,6.56,41.65,13.12,3.1743,Fail,335.95,872.82,UB 457x191x67,UC 305x305x97,67.1,96.9,84.25,98.78,9823.46
913,5,2,3,3.45,5.31,4.42,26.9,13.84,12.4,17.25,79.3,34.5,2.2984,Fail,424.66,2797.85,UB 533x210x82,UC 305x305x118,82.2,118.0,74.96,156.75,58234.86
914,1,3,1,4.04,5.87,4.85,17.02,11.99,20.37,4.04,10.07,8.08,1.2459,Fail,157.08,350.6,UB 406x178x54,UC 203x203x60,54.3,60.0,73.54,85.7,4905.07
915,4,1,2,3.28,7.96,5.45,6.84,2.39,2.88,13.12,23.43,26.24,0.8931,Pass,140.33,527.18,UB 356x171x45,UC 203x203x60,45.0,60.0,90.17,91.01,12945.6
916,3,2,1,3.95,7.65,5.44,29.38,4.59,7.1,11.85,36.41,23.7,1.5362,Fail,313.65,1492.99,UB 533x210x82,UC 305x305x97,82.2,96.9,75.04,97.32,18460.06
917,2,2,3,3.26,7.39,4.98,9.9,4.29,6.54,6.52,8.31,13.04,0.6377,Pass,118.16,511.66,UB 406x178x54,UC 203x203x46,54.3,46.1,71.78,99.98,14894.75
918,1,1,3,3.21,6.62,7.54,13.46,4.73,11.41,3.21,5.81,6.42,0.9055,Pass,139.05,292.69,UB 406x178x54,UC 203x203x46,54.3,46.1,66.14,96.9,5078.24
919,3,2,3,3.26,6.11,7.2,20.58,7.64,17.77,9.78,41.52,19.56,2.1227,Fail,291.95,1619.6,UB 406x178x54,UC 305x305x118,54.3,118.0,97.4,100.35,32366.95
920,1,1,1,4.19,4.77,5.51,14.36,9.79,24.42,4.19,28.73,8.38,3.4288,Fail,204.93,215.57,UB 356x171x45,UC 254x254x73,45.0,73.1,96.16,87.21,2150.36
921,2,1,3,3.88,7.42,5.18,8.71,5.21,15.74,7.76,62.02,15.52,3.996,Fail,327.76,414.43,UB 457x191x67,UC 305x305x97,67.1,96.9,82.2,84.93,14169.54
922,3,1,3,4.45,7.54,4.84,7.04,8.12,16.59,13.35,218.34,26.7,8.1777,Fail,773.4,748.37,UB 610x229x101,UC 305x305x118,101.2,118.0,97.65,147.8,30575.52
923,1,1,3,3.58,7.53,7.0,14.36,8.75,4.47,3.58,3.58,7.16,0.4998,Pass,154.95,366.93,UB 457x191x67,UC 203x203x60,67.1,60.0,78.66,98.38,6557.65
924,3,3,3,3.72,7.82,5.9,19.53,10.3,19.77,11.16,58.42,22.32,2.6173,Fail,362.94,1770.02,UB 533x210x82,UC 305x305x118,82.2,118.0,70.39,109.15,61670.3
925,1,1,1,4.34,5.81,4.94,10.46,7.53,9.43,4.34,13.45,8.68,1.5501,Fail,106.56,150.37,UB 305x165x40,UC 203x203x46,40.5,46.1,97.29,94.72,1671.05
926,2,2,2,3.83,4.54,4.34,16.11,6.57,14.6,7.66,26.46,15.32,1.7273,Fail,174.37,603.34,UB 356x171x45,UC 254x254x89,45.0,89.0,81.82,85.47,10930.86
927,4,3,3,3.5,5.8,5.73,14.19,8.47,6.83,14.0,22.87,28.0,0.8169,Pass,159.48,1502.6,UB 356x171x45,UC 305x305x97,45.0,96.9,85.64,82.9,46610.4
928,1,1,2,3.35,6.58,5.44,7.06,12.95,12.82,3.35,7.57,6.7,1.1302,Fail,112.87,286.53,UB 406x178x54,UC 203x203x60,54.3,60.0,71.45,82.11,3459.45
929,1,2,1,3.15,4.29,4.15,10.01,4.56,8.23,3.15,2.05,6.3,0.326,Pass,45.53,138.18,UB 254x146x31,UC 152x152x23,31.1,23.0,61.14,94.91,1355.57
930,3,3,3,4.27,4.76,6.42,8.45,13.11,17.9,12.81,68.41,25.62,2.6702,Fail,324.25,1084.15,UB 457x191x67,UC 305x305x118,67.1,118.0,81.32,100.22,51191.69
931,5,2,1,4.16,5.13,5.39,29.92,14.3,20.55,20.8,248.03,41.6,5.9624,Fail,930.14,2415.69,UB 610x229x101,UC 305x305x118,101.2,118.0,117.44,256.77,33291.54
932,1,2,3,3.77,7.04,4.6,14.94,4.95,18.73,3.77,10.6,7.54,1.4056,Fail,162.1,347.18,UB 406x178x54,UC 203x203x60,54.3,60.0,86.98,87.77,8020.6
933,4,1,3,3.88,6.21,5.87,25.36,6.43,2.15,15.52,26.44,31.04,0.8519,Pass,194.17,1642.98,UB 406x178x54,UC 305x305x97,54.3,96.9,95.42,88.36,25076.14
934,2,2,3,3.63,5.75,7.41,5.75,3.81,21.84,7.26,35.78,14.52,2.4641,Fail,205.35,368.47,UB 356x171x45,UC 254x254x89,45.0,89.0,96.35,95.58,17895.78
935,3,3,1,3.75,6.64,5.42,10.64,7.53,18.82,11.25,52.48,22.5,2.3323,Fail,274.63,735.34,UB 406x178x54,UC 305x305x97,54.3,96.9,91.62,93.59,18742.61
936,5,2,2,3.88,6.27,4.13,8.48,14.7,24.86,19.4,259.49,38.8,6.688,Fail,931.04,1763.84,UB 610x229x101,UC 305x305x118,101.2,118.0,117.56,245.53,52177.2
937,5,3,3,4.37,6.3,5.56,14.53,14.33,1.59,21.85,17.68,43.7,0.4047,Pass,169.38,2478.04,UB 406x178x54,UC 305x305x118,54.3,118.0,90.45,98.67,79892.68
938,4,1,2,3.16,6.28,5.81,27.37,3.21,2.61,12.64,16.18,25.28,0.6399,Pass,172.32,1579.74,UB 406x178x54,UC 254x254x89,54.3,89.0,94.93,97.24,15889.54
939,5,1,1,4.24,6.41,4.11,9.97,13.85,9.65,21.2,242.76,42.4,5.7254,Fail,819.12,1204.84,UB 610x229x101,UC 305x305x118,101.2,118.0,103.42,154.11,20652.64
940,2,1,2,3.99,4.28,4.23,17.96,4.23,21.49,7.98,72.82,15.96,4.5628,Fail,444.2,560.14,UB 533x210x82,UC 305x305x118,82.2,118.0,78.41,95.75,10542.38
941,4,2,1,4.48,4.52,5.67,23.58,7.06,22.59,17.92,229.4,35.84,6.4007,Fail,883.35,1249.11,UB 610x229x101,UC 305x305x118,101.2,118.0,111.53,219.65,26891.79
942,2,1,1,3.46,7.27,6.66,8.97,9.48,7.76,6.92,20.4,13.84,1.4738,Fail,180.53,389.77,UB 406x178x54,UC 254x254x73,54.3,73.1,88.85,68.86,5049.0
943,2,3,3,4.03,5.1,4.03,8.57,2.83,9.98,8.06,16.22,16.12,1.0059,Fail,96.66,300.94,UB 254x146x31,UC 203x203x60,31.1,60.0,88.76,83.98,14552.23
944,2,3,2,4.37,7.52,5.84,19.4,11.58,7.2,8.74,18.42,17.48,1.0539,Fail,252.25,1234.22,UB 533x210x82,UC 305x305x97,82.2,96.9,65.01,83.87,28970.23
945,4,2,3,4.26,7.17,5.56,25.59,13.05,10.38,17.04,109.2,34.08,3.2043,Fail,468.51,2843.81,UB 533x210x82,UC 305x305x118,82.2,118.0,82.7,165.32,59441.76
946,2,3,3,3.65,5.54,6.64,22.46,3.24,17.47,7.3,20.53,14.6,1.4064,Fail,163.31,887.95,UB 356x171x45,UC 254x254x89,45.0,89.0,84.64,83.92,23549.6
947,1,1,1,3.41,6.51,5.17,27.91,11.07,18.06,3.41,11.32,6.82,1.6597,Fail,192.16,331.53,UB 457x191x67,UC 254x254x73,67.1,73.1,85.73,87.0,2564.54
948,2,2,2,4.49,6.21,7.98,6.91,3.37,19.16,8.98,69.35,17.96,3.8615,Fail,278.24,437.19,UB 406x178x54,UC 305x305x118,54.3,118.0,92.83,81.51,18782.96
949,3,2,2,3.25,4.83,4.18,5.67,10.31,16.89,9.75,34.75,19.5,1.7821,Fail,240.03,653.86,UB 406x178x54,UC 305x305x97,54.3,96.9,80.08,85.72,17309.35
950,4,2,2,4.12,7.42,5.59,5.27,3.49,22.93,16.48,218.64,32.96,6.6335,Fail,704.79,669.94,UB 610x229x101,UC 305x305x118,101.2,118.0,88.99,176.84,49100.45
951,3,3,3,3.7,5.85,4.33,21.43,11.28,10.94,11.1,27.48,22.2,1.2377,Fail,212.01,1439.96,UB 406x178x54,UC 305x305x97,54.3,96.9,82.08,90.34,37109.3
952,4,2,1,3.26,4.07,4.4,12.35,8.95,9.77,13.04,30.76,26.08,1.1795,Fail,212.73,752.79,UB 356x171x45,UC 254x254x89,45.0,89.0,99.82,96.04,12269.76
953,1,3,1,4.02,4.61,5.43,10.42,2.45,16.88,4.02,7.66,8.04,0.9525,Pass,60.53,133.06,UB 254x146x31,UC 203x203x46,31.1,46.1,67.01,62.12,3018.29
954,2,2,3,3.07,6.54,6.09,21.56,10.58,2.57,6.14,2.63,12.28,0.2139,Pass,181.91,1185.61,UB 457x191x67,UC 254x254x89,67.1,89.0,71.67,82.08,20934.37
955,3,2,1,3.9,4.19,5.51,10.04,5.25,22.72,11.7,84.17,23.4,3.597,Fail,452.08,505.85,UB 533x210x82,UC 305x305x118,82.2,118.0,79.8,113.58,16492.91
956,2,1,1,3.63,7.96,5.35,9.8,10.7,5.51,7.26,17.98,14.52,1.2386,Fail,191.07,406.13,UB 457x191x67,UC 254x254x73,67.1,73.1,82.42,74.98,5695.23
957,1,3,1,4.09,4.18,6.05,25.39,6.19,15.67,4.09,7.42,8.18,0.9074,Pass,129.47,322.53,UB 305x165x40,UC 203x203x46,40.5,46.1,75.33,85.18,3504.23
958,5,1,3,3.59,5.71,4.93,7.65,6.2,0.37,17.95,4.99,35.9,0.139,Pass,58.56,781.95,UB 305x165x40,UC 203x203x60,40.5,60.0,71.1,79.63,19231.05
959,3,1,2,3.32,4.88,6.63,11.96,10.11,1.1,9.96,4.22,19.92,0.2116,Pass,135.43,906.2,UB 305x165x40,UC 203x203x60,40.5,60.0,78.8,98.2,8586.54
960,2,2,2,4.15,6.0,7.96,22.81,12.29,23.06,8.3,62.12,16.6,3.742,Fail,343.47,1475.83,UB 457x191x67,UC 305x305x118,67.1,118.0,86.14,115.32,20055.19
961,5,1,2,4.44,6.4,7.93,22.41,10.81,24.31,22.2,714.7,44.4,16.0969,Fail,2169.48,3537.22,UB 610x229x101,UC 305x305x118,101.2,118.0,273.92,428.14,41483.12
962,2,2,1,3.95,7.54,5.27,26.29,8.27,8.38,7.9,21.07,15.8,1.3337,Fail,285.79,1012.53,UB 533x210x82,UC 254x254x89,82.2,89.0,73.1,97.2,11776.07
963,5,3,2,3.57,6.56,4.93,19.69,14.85,5.82,17.85,32.76,35.7,0.9178,Pass,247.79,2865.53,UB 457x191x67,UC 305x305x118,67.1,118.0,77.73,111.89,58315.64
964,5,1,2,3.35,5.71,4.97,6.98,3.79,12.47,16.75,132.6,33.5,3.9582,Fail,622.6,897.4,UB 610x229x101,UC 305x305x118,101.2,118.0,78.61,117.19,30586.06
965,2,1,2,3.31,4.15,7.69,19.95,14.3,18.48,6.62,31.75,13.24,2.3982,Fail,285.23,1091.44,UB 406x178x54,UC 305x305x97,54.3,96.9,95.16,97.17,8541.47
966,3,1,2,3.48,7.15,4.16,24.79,7.39,20.32,10.44,112.34,20.88,5.3803,Fail,642.0,1211.05,UB 610x229x101,UC 305x305x118,101.2,118.0,81.06,133.13,18955.64
967,1,1,3,3.5,4.97,6.16,27.67,10.65,6.21,3.5,3.85,7.0,0.5501,Pass,197.17,488.15,UB 356x171x45,UC 203x203x60,45.0,60.0,92.51,85.92,4237.8
968,2,3,2,3.78,4.73,6.52,6.62,8.39,23.84,7.56,29.87,15.12,1.9753,Fail,184.35,519.34,UB 356x171x45,UC 254x254x89,45.0,89.0,86.5,89.84,16599.78
969,1,3,1,4.41,4.5,4.69,18.72,12.34,5.11,4.41,3.28,8.82,0.3715,Pass,91.58,310.24,UB 305x165x40,UC 203x203x46,40.5,46.1,78.04,68.9,3479.69
970,5,1,2,4.09,5.25,6.89,11.12,4.29,6.22,20.45,125.13,40.9,3.0593,Fail,484.18,1283.58,UB 533x210x82,UC 305x305x118,82.2,118.0,85.47,108.54,32279.01
971,3,3,2,4.45,4.81,7.45,17.03,14.36,8.99,13.35,40.07,26.7,1.5006,Fail,247.62,1737.33,UB 406x178x54,UC 305x305x118,54.3,118.0,82.61,92.24,35664.38
972,4,1,2,3.66,6.02,6.94,24.01,12.65,19.84,14.64,196.31,29.28,6.7045,Fail,953.1,2451.98,UB 610x229x101,UC 305x305x118,101.2,118.0,120.34,212.54,28913.06
973,1,2,2,4.28,7.04,7.69,19.88,3.99,18.17,4.28,16.29,8.56,1.9029,Fail,209.02,542.65,UB 457x191x67,UC 254x254x73,67.1,73.1,66.39,80.49,8746.11
974,3,2,2,3.46,5.13,6.25,17.02,6.33,17.87,10.38,47.13,20.76,2.2702,Fail,298.47,1169.93,UB 406x178x54,UC 305x305x118,54.3,118.0,99.57,95.22,22146.37
975,2,1,1,3.01,7.45,6.92,14.36,7.26,10.4,6.02,17.21,12.04,1.4296,Fail,197.61,457.83,UB 457x191x67,UC 254x254x73,67.1,73.1,71.27,74.21,5617.16
976,4,3,2,3.58,5.23,7.95,6.78,13.5,24.81,14.32,85.22,28.64,2.9756,Fail,438.58,1628.28,UB 533x210x82,UC 305x305x118,82.2,118.0,77.42,137.58,56665.42
977,1,2,3,3.24,7.05,7.83,24.28,11.77,8.71,3.24,2.95,6.48,0.4548,Pass,299.08,804.63,UB 533x210x82,UC 254x254x73,82.2,73.1,62.33,91.61,13270.84
978,4,3,3,3.55,4.23,5.54,15.6,5.21,11.94,14.2,36.29,28.4,1.2778,Fail,220.44,1156.18,UB 406x178x54,UC 305x305x97,54.3,96.9,73.54,93.52,47480.21
979,3,3,3,4.01,6.79,6.58,11.53,7.92,17.03,12.03,60.71,24.06,2.5233,Fail,290.13,1137.26,UB 406x178x54,UC 305x305x118,54.3,118.0,96.79,90.92,48848.32
980,3,1,3,3.87,6.65,4.65,7.92,3.2,17.79,11.61,135.35,23.22,5.8291,Fail,610.55,545.85,UB 610x229x101,UC 305x305x118,101.2,118.0,77.09,115.62,27506.04
981,4,2,3,3.88,7.6,6.07,9.72,7.5,20.74,15.52,163.15,31.04,5.256,Fail,602.46,1372.45,UB 610x229x101,UC 305x305x118,101.2,118.0,76.07,166.88,68702.38
982,3,3,2,3.75,6.13,7.55,19.65,11.54,18.81,11.25,50.52,22.5,2.2453,Fail,302.28,1893.77,UB 457x191x67,UC 305x305x118,67.1,118.0,75.81,110.73,39194.24
983,1,1,3,3.86,7.19,7.26,11.73,4.72,18.71,3.86,18.97,7.72,2.4579,Fail,164.2,276.23,UB 406x178x54,UC 254x254x73,54.3,73.1,76.63,74.91,6184.3
984,3,1,1,4.22,4.01,4.28,22.41,8.82,16.36,12.66,132.99,25.32,5.2525,Fail,700.75,884.25,UB 610x229x101,UC 305x305x118,101.2,118.0,88.48,135.87,11009.21
985,4,1,1,3.56,6.82,4.79,9.55,14.33,11.27,14.24,109.2,28.48,3.8342,Fail,536.84,949.27,UB 533x210x82,UC 305x305x118,82.2,118.0,94.76,105.17,14356.02
986,2,1,1,3.09,4.73,7.04,11.48,13.73,10.22,6.18,14.59,12.36,1.1803,Fail,156.76,461.95,UB 305x165x40,UC 254x254x73,40.5,73.1,91.2,70.03,3713.77
987,5,1,3,3.25,5.17,5.51,11.92,6.45,14.64,16.25,133.23,32.5,4.0995,Fail,699.52,1393.62,UB 610x229x101,UC 305x305x118,101.2,118.0,88.32,141.14,42532.44
988,4,2,3,4.14,4.04,5.06,28.88,10.65,19.73,16.56,144.88,33.12,4.3743,Fail,674.24,2023.04,UB 610x229x101,UC 305x305x118,101.2,118.0,85.13,196.53,54966.69
989,1,1,1,3.78,4.03,6.41,29.67,11.9,23.3,3.78,17.85,7.56,2.3612,Fail,186.49,339.44,UB 356x171x45,UC 254x254x73,45.0,73.1,87.5,80.85,2044.87
990,4,2,3,3.64,5.48,7.56,29.99,12.62,23.52,14.56,124.89,29.12,4.2889,Fail,638.38,3177.24,UB 610x229x101,UC 305x305x118,101.2,118.0,80.6,218.35,65905.98
991,4,2,3,3.09,5.42,5.32,7.5,7.94,17.46,12.36,52.24,24.72,2.1134,Fail,320.84,967.21,UB 457x191x67,UC 305x305x118,67.1,118.0,80.46,93.89,41990.58
992,2,1,3,3.18,6.12,7.8,23.79,5.23,11.3,6.36,20.25,12.72,1.5922,Fail,229.2,923.22,UB 406x178x54,UC 254x254x89,54.3,89.0,83.37,84.68,12269.33
993,4,3,2,3.99,4.01,6.55,28.55,6.19,15.84,15.96,71.64,31.92,2.2442,Fail,372.4,2117.65,UB 457x191x67,UC 305x305x118,67.1,118.0,93.39,135.45,46350.08
994,1,3,2,4.02,4.93,5.94,23.48,12.32,8.71,4.02,4.05,8.04,0.5031,Pass,193.02,604.82,UB 356x171x45,UC 203x203x60,45.0,60.0,90.57,85.01,7029.45
995,4,3,3,4.36,6.94,5.18,9.88,3.86,13.0,17.44,102.07,34.88,2.9262,Fail,352.07,957.25,UB 457x191x67,UC 305x305x118,67.1,118.0,88.29,100.57,71962.82
996,5,3,3,3.05,5.99,4.35,25.81,14.95,24.68,15.25,76.72,30.5,2.5154,Fail,470.27,2999.14,UB 533x210x82,UC 305x305x118,82.2,118.0,83.01,167.34,79788.88
997,4,1,2,4.43,5.93,6.16,11.08,4.22,23.61,17.72,445.2,35.44,12.5621,Fail,1557.38,1529.7,UB 610x229x101,UC 305x305x118,101.2,118.0,196.64,284.55,29721.42
998,1,1,2,4.49,4.12,7.72,13.16,6.99,7.01,4.49,10.24,8.98,1.1402,Fail,182.01,324.51,UB 356x171x45,UC 203x203x46,45.0,46.1,85.4,92.61,3187.73
999,3,3,2,4.43,6.68,6.66,28.07,10.24,12.3,13.29,61.89,26.58,2.3285,Fail,334.58,2248.45,UB 457x191x67,UC 305x305x118,67.1,118.0,91.03,122.14,41646.06
1000,3,1,3,4.15,6.4,6.58,14.43,11.33,18.4,12.45,174.3,24.9,6.9999,Fail,768.92,1296.61,UB 610x229x101,UC 305x305x118,101.2,118.0,97.09,160.79,31511.09
1001,4,3,3,4.18,7.86,5.75,10.83,5.37,7.27,16.72,52.68,33.44,1.5753,Fail,227.97,1265.9,UB 406x178x54,UC 305x305x97,54.3,96.9,98.59,93.25,61395.79
1002,1,1,2,4.11,7.75,6.98,7.9,6.78,21.33,4.11,27.93,8.22,3.3974,Fail,199.3,268.99,UB 406x178x54,UC 254x254x73,54.3,73.1,85.64,87.95,4581.18
1003,4,3,3,3.0,4.25,6.14,26.18,14.74,7.99,12.0,13.49,24.0,0.5619,Pass,197.66,2431.43,UB 356x171x45,UC 305x305x118,45.0,118.0,92.74,88.19,45098.4
1004,3,3,1,3.78,6.41,4.89,14.88,9.0,11.52,11.34,32.53,22.68,1.4344,Fail,210.33,908.82,UB 406x178x54,UC 254x254x89,54.3,89.0,78.83,93.04,17525.54
1005,2,2,1,3.75,5.82,6.41,8.65,10.65,20.03,7.5,37.07,15.0,2.4711,Fail,225.93,515.13,UB 406x178x54,UC 305x305x97,54.3,96.9,75.37,79.42,8977.09
1006,1,3,2,3.46,7.96,4.49,29.92,11.18,11.96,3.46,3.95,6.92,0.5706,Pass,350.66,771.05,UB 610x229x101,UC 254x254x89,101.2,89.0,64.18,93.94,14580.35
1007,2,2,2,4.06,5.51,7.92,13.33,12.76,5.27,8.12,12.72,16.24,0.7833,Pass,233.51,1072.95,UB 406x178x54,UC 254x254x73,54.3,73.1,77.9,99.59,14093.14
1008,2,3,3,3.08,7.46,4.72,17.19,7.09,24.61,6.16,18.27,12.32,1.4829,Fail,219.55,849.78,UB 457x191x67,UC 254x254x73,67.1,73.1,80.36,98.45,26819.41
1009,2,1,3,3.59,5.69,5.89,13.71,7.09,1.8,7.18,4.77,14.36,0.3319,Pass,95.58,530.57,UB 356x171x45,UC 203x203x46,45.0,46.1,74.22,99.27,7876.98
1010,3,2,3,4.38,6.8,6.19,7.43,6.2,19.78,13.14,136.35,26.28,5.1885,Fail,495.22,782.08,UB 533x210x82,UC 305x305x118,82.2,118.0,87.42,133.86,45759.37
1011,1,3,2,3.69,4.65,4.55,22.4,5.78,3.62,3.69,1.22,7.38,0.1651,Pass,88.24,396.23,UB 305x165x40,UC 203x203x46,40.5,46.1,78.13,68.74,5210.43
1012,2,3,1,4.1,4.04,6.9,19.39,10.82,24.71,8.2,39.55,16.4,2.4113,Fail,237.72,650.89,UB 406x178x54,UC 305x305x97,54.3,96.9,79.31,88.02,11986.46
1013,2,2,2,4.02,4.67,4.23,13.89,8.16,23.63,8.04,51.54,16.08,3.2055,Fail,287.72,591.54,UB 406x178x54,UC 305x305x118,54.3,118.0,95.99,84.51,14337.72
1014,1,3,3,3.51,5.74,4.59,23.06,5.19,2.97,3.51,0.92,7.02,0.1308,Pass,124.46,424.33,UB 406x178x54,UC 203x203x46,54.3,46.1,66.96,87.2,9320.0
1015,4,2,2,4.03,7.82,6.61,14.38,10.99,19.88,16.12,181.01,32.24,5.6143,Fail,660.19,2170.25,UB 610x229x101,UC 305x305x118,101.2,118.0,83.36,196.38,52167.02
1016,1,2,3,3.57,6.53,5.78,5.29,3.52,3.05,3.57,1.39,7.14,0.1946,Pass,56.74,165.41,UB 305x165x40,UC 152x152x30,40.5,30.0,67.64,77.6,5507.73
1017,5,1,1,3.88,7.95,5.92,22.34,3.23,14.82,19.4,314.35,38.8,8.1019,Fail,1055.14,1529.48,UB 610x229x101,UC 305x305x118,101.2,118.0,133.22,197.56,23193.24
1018,4,2,3,4.05,5.19,4.5,13.13,11.28,21.56,16.2,162.1,32.4,5.0032,Fail,682.26,1369.97,UB 610x229x101,UC 305x305x118,101.2,118.0,86.14,183.02,56140.9
1019,5,1,2,4.22,4.08,6.22,18.41,12.56,12.21,21.1,248.74,42.2,5.8944,Fail,1003.67,2474.52,UB 610x229x101,UC 305x305x118,101.2,118.0,126.73,219.68,33721.52
1020,5,3,3,4.07,7.16,4.5,23.82,14.55,22.44,20.35,206.84,40.7,5.0822,Fail,738.8,3206.27,UB 610x229x101,UC 305x305x118,101.2,118.0,93.28,234.4,109220.32
1021,2,3,3,3.27,6.22,7.2,8.08,3.67,5.16,6.54,4.35,13.08,0.3325,Pass,80.33,454.54,UB 305x165x40,UC 203x203x46,40.5,46.1,77.97,71.58,17868.14
1022,2,1,3,3.39,7.01,4.34,8.12,5.88,24.16,6.78,57.89,13.56,4.2695,Fail,364.98,389.07,UB 457x191x67,UC 305x305x97,67.1,96.9,91.53,94.15,12513.39
1023,2,2,3,3.0,5.2,7.78,17.99,12.18,16.48,6.0,13.19,12.0,1.099,Fail,242.63,1148.85,UB 406x178x54,UC 254x254x89,54.3,89.0,80.94,85.93,18529.93
1024,4,1,3,3.74,5.25,7.64,29.92,9.88,12.76,14.96,126.44,29.92,4.2258,Fail,661.95,2559.92,UB 610x229x101,UC 305x305x118,101.2,118.0,83.58,171.28,41179.07
1025,1,3,1,3.36,4.75,5.2,25.82,14.45,15.05,3.36,3.58,6.72,0.5322,Pass,132.93,428.14,UB 356x171x45,UC 203x203x46,45.0,46.1,83.6,94.0,3457.67
1026,2,3,2,3.42,6.92,5.69,18.75,5.39,16.24,6.84,16.75,13.68,1.2244,Fail,185.94,889.28,UB 457x191x67,UC 254x254x73,67.1,73.1,63.77,91.55,20466.81
1027,2,2,2,3.12,5.02,5.7,22.36,8.97,1.76,6.24,1.65,12.48,0.1325,Pass,141.14,1002.34,UB 356x171x45,UC 254x254x73,45.0,73.1,76.77,72.67,9894.1
1028,3,3,3,3.97,6.86,6.25,21.19,8.65,4.1,11.91,14.33,23.82,0.6018,Pass,202.45,1682.04,UB 457x191x67,UC 305x305x97,67.1,96.9,76.8,90.49,50133.78
1029,2,2,2,3.57,7.86,4.99,11.75,8.91,17.1,7.14,30.59,14.28,2.1422,Fail,233.44,800.71,UB 457x191x67,UC 254x254x89,67.1,89.0,79.98,94.2,16065.96
1030,4,1,2,3.96,5.45,5.33,11.83,13.3,5.64,15.84,69.31,31.68,2.1879,Fail,343.71,1320.13,UB 457x191x67,UC 305x305x118,67.1,118.0,86.2,88.37,21325.35
1031,1,1,2,4.47,4.89,7.81,24.57,3.61,13.16,4.47,19.81,8.94,2.2157,Fail,254.09,464.91,UB 406x178x54,UC 254x254x73,54.3,73.1,84.77,79.69,4453.45
1032,3,3,2,3.14,5.4,6.29,12.05,5.52,2.48,9.42,3.42,18.84,0.1815,Pass,95.17,900.83,UB 305x165x40,UC 203x203x60,40.5,60.0,76.29,85.08,18801.18
1033,1,1,2,4.42,5.56,5.38,23.53,14.58,13.29,4.42,19.98,8.84,2.2602,Fail,171.21,506.81,UB 406x178x54,UC 254x254x73,54.3,73.1,82.1,92.21,4012.87
1034,5,2,2,3.89,5.04,6.75,22.83,10.55,3.57,19.45,33.84,38.9,0.8699,Pass,200.41,2830.05,UB 356x171x45,UC 305x305x118,45.0,118.0,94.04,113.41,36572.4
1035,5,3,2,3.08,6.9,7.9,22.69,5.24,15.22,15.4,53.13,30.8,1.725,Fail,322.29,2939.46,UB 457x191x67,UC 305x305x118,67.1,118.0,80.83,135.03,63844.55
1036,4,1,2,4.48,7.19,6.01,11.9,7.56,23.54,17.92,511.65,35.84,14.276,Fail,1596.97,1582.95,UB 610x229x101,UC 305x305x118,101.2,118.0,201.64,293.5,31150.29
1037,2,2,3,4.29,7.79,5.63,12.82,3.17,1.99,8.58,6.83,17.16,0.3981,Pass,131.91,622.16,UB 406x178x54,UC 203x203x60,54.3,60.0,94.74,98.16,18448.31
1038,2,1,1,3.86,4.34,5.14,28.24,12.51,0.27,7.72,0.84,15.44,0.0545,Pass,108.48,540.98,UB 305x165x40,UC 203x203x60,40.5,60.0,91.85,85.09,3388.56
1039,4,3,3,4.4,4.55,5.99,22.13,10.8,13.31,17.6,89.67,35.2,2.5475,Fail,386.4,1998.49,UB 457x191x67,UC 305x305x118,67.1,118.0,96.9,136.38,67176.03
1040,1,2,1,3.92,7.64,6.98,22.85,11.13,18.74,3.92,12.63,7.84,1.6104,Fail,304.3,563.02,UB 533x210x82,UC 254x254x73,82.2,73.1,74.77,95.74,5952.61
1041,2,3,3,4.43,7.29,7.52,18.2,9.92,15.18,8.86,39.93,17.72,2.2536,Fail,258.0,1210.46,UB 457x191x67,UC 305x305x97,67.1,96.9,86.85,93.88,37586.57
1042,2,3,3,4.36,4.7,5.47,8.33,6.59,1.27,8.72,2.69,17.44,0.1545,Pass,59.79,446.57,UB 254x146x31,UC 203x203x46,31.1,46.1,82.33,69.57,14022.76
1043,4,2,1,3.56,4.45,7.66,11.24,9.01,19.16,14.24,85.45,28.48,3.0005,Fail,467.02,951.25,UB 533x210x82,UC 305x305x118,82.2,118.0,82.44,124.45,23490.38
1044,1,2,2,3.72,5.06,4.01,20.78,7.12,23.08,3.72,11.14,7.44,1.4973,Fail,130.55,395.58,UB 305x165x40,UC 203x203x60,40.5,60.0,99.67,90.79,4212.81
1045,5,1,2,4.34,7.39,4.23,5.15,7.98,7.46,21.7,220.1,43.4,5.0714,Fail,652.43,969.26,UB 610x229x101,UC 305x305x118,101.2,118.0,82.38,124.65,35143.14
1046,1,1,2,4.34,4.74,5.42,7.53,8.4,2.12,4.34,2.84,8.68,0.3271,Pass,73.64,201.57,UB 254x146x31,UC 203x203x46,31.1,46.1,90.16,49.01,2316.93
1047,5,1,2,3.19,5.95,4.62,21.42,4.94,9.88,15.95,91.25,31.9,2.8606,Fail,494.47,1591.45,UB 533x210x82,UC 305x305x118,82.2,118.0,87.29,114.12,26224.23
1048,3,2,2,4.34,6.15,5.08,29.73,10.53,10.98,13.02,70.0,26.04,2.6882,Fail,353.69,1999.61,UB 457x191x67,UC 305x305x118,67.1,118.0,88.7,123.0,27390.83
1049,2,2,3,3.65,5.44,7.48,9.96,4.46,1.01,7.3,1.68,14.6,0.1151,Pass,106.54,544.17,UB 305x165x40,UC 203x203x46,40.5,46.1,64.01,92.79,13016.4
1050,4,2,3,3.5,4.13,6.66,28.71,14.48,24.57,14.0,100.02,28.0,3.5723,Fail,599.53,2651.24,UB 610x229x101,UC 305x305x118,101.2,118.0,75.7,196.72,57462.3
1051,1,2,2,3.83,7.2,6.86,13.12,11.94,22.04,3.83,13.32,7.66,1.7384,Fail,215.41,560.03,UB 457x191x67,UC 254x254x73,67.1,73.1,74.57,81.59,8180.31
1052,5,3,3,4.26,5.56,4.44,7.7,2.27,3.89,21.3,37.06,42.6,0.8699,Pass,140.05,701.28,UB 305x165x40,UC 254x254x73,40.5,73.1,81.48,90.1,49212.48
1053,5,1,3,3.35,6.71,5.37,29.41,11.59,10.86,16.75,127.02,33.5,3.7915,Fail,650.67,2725.02,UB 610x229x101,UC 305x305x118,101.2,118.0,82.16,165.77,45696.36
1054,3,2,2,3.12,5.72,6.47,23.23,4.43,7.03,9.36,13.69,18.72,0.7311,Pass,155.97,1464.47,UB 406x178x54,UC 254x254x89,54.3,89.0,64.88,89.12,19411.87
1055,1,2,3,3.37,7.28,4.79,22.66,12.53,17.53,3.37,6.78,6.74,1.0064,Fail,277.78,643.77,UB 533x210x82,UC 254x254x73,82.2,73.1,66.99,91.75,11287.13
1056,5,3,1,3.28,7.42,6.52,8.72,3.57,10.03,16.4,45.17,32.8,1.377,Fail,216.81,925.85,UB 406x178x54,UC 305x305x97,54.3,96.9,72.33,80.88,31881.18
1057,3,1,1,3.64,6.47,4.36,6.27,7.29,7.66,10.92,46.56,21.84,2.1321,Fail,260.38,378.68,UB 406x178x54,UC 254x254x73,54.3,73.1,86.87,98.16,6721.42
1058,2,1,2,3.64,4.25,5.71,6.29,3.43,9.09,7.28,22.12,14.56,1.519,Fail,157.66,279.37,UB 305x165x40,UC 254x254x73,40.5,73.1,91.73,69.32,6075.8
1059,3,3,2,3.37,7.58,4.73,5.01,10.59,8.04,10.11,16.68,20.22,0.8247,Pass,154.39,870.36,UB 406x178x54,UC 254x254x73,54.3,73.1,85.15,80.83,26145.67
1060,3,2,2,4.36,4.4,4.74,28.71,6.73,7.61,13.08,42.91,26.16,1.6403,Fail,227.35,1415.2,UB 406x178x54,UC 305x305x118,54.3,118.0,75.85,86.31,22824.4
1061,1,3,1,4.02,7.08,4.52,14.01,12.53,18.57,4.02,9.58,8.04,1.192,Fail,199.94,363.64,UB 457x191x67,UC 203x203x60,67.1,60.0,75.09,97.29,5993.18
1062,5,3,3,3.56,6.6,4.84,14.6,13.53,3.26,17.8,18.3,35.6,0.514,Pass,187.97,2319.25,UB 457x191x67,UC 305x305x118,67.1,118.0,64.47,89.22,79663.84
1063,5,1,1,3.88,7.65,6.62,9.76,11.16,23.14,19.4,478.96,38.8,12.3442,Fail,1557.13,1620.05,UB 610x229x101,UC 305x305x118,101.2,118.0,196.61,278.66,23598.04
1064,1,3,3,3.51,6.9,7.96,10.05,11.37,1.1,3.51,0.41,7.02,0.059,Pass,188.05,477.85,UB 406x178x54,UC 203x203x60,54.3,60.0,88.19,77.4,13052.38
1065,2,2,3,4.07,7.57,7.04,26.15,9.28,8.68,8.14,24.28,16.28,1.4911,Fail,299.21,1506.16,UB 533x210x82,UC 305x305x97,82.2,96.9,75.84,99.06,29837.64
1066,3,2,3,4.08,7.64,4.27,15.48,14.11,12.6,12.24,72.01,24.48,2.9416,Fail,374.47,1562.38,UB 533x210x82,UC 305x305x118,82.2,118.0,66.1,108.68,41880.87
1067,1,1,3,3.41,7.87,5.16,28.9,2.79,24.31,3.41,16.6,6.82,2.4347,Fail,239.85,423.43,UB 533x210x82,UC 254x254x89,82.2,89.0,76.22,88.24,7560.49
1068,2,3,2,3.74,6.13,6.05,6.87,7.69,12.73,7.48,17.0,14.96,1.1364,Fail,120.49,538.56,UB 305x165x40,UC 254x254x73,40.5,73.1,92.48,72.2,14950.63
1069,5,2,2,3.91,4.83,4.01,19.3,9.7,0.22,19.55,2.13,39.1,0.0545,Pass,87.23,1793.12,UB 305x165x40,UC 254x254x89,40.5,89.0,90.1,97.74,26400.15
1070,5,2,3,4.06,6.1,5.21,10.51,11.21,13.8,20.3,166.13,40.6,4.0919,Fail,587.63,1782.05,UB 610x229x101,UC 305x305x118,101.2,118.0,74.2,171.63,77163.94
1071,2,1,1,3.8,5.17,6.56,28.55,5.61,3.32,7.6,10.25,15.2,0.6742,Pass,137.52,567.5,UB 356x171x45,UC 254x254x73,45.0,73.1,91.44,72.45,4333.64
1072,1,3,1,4.48,4.84,4.46,21.22,10.22,24.31,4.48,16.74,8.96,1.8681,Fail,131.03,320.39,UB 305x165x40,UC 203x203x60,40.5,60.0,98.29,94.21,4049.04
1073,3,1,3,4.33,5.06,4.53,27.46,5.83,24.63,12.99,241.01,25.98,9.2769,Fail,1096.64,1362.69,UB 610x229x101,UC 305x305x118,101.2,118.0,138.46,215.04,26659.27
1074,1,2,1,4.1,5.12,5.02,5.39,10.55,21.7,4.1,15.04,8.2,1.8347,Fail,108.56,184.84,UB 305x165x40,UC 203x203x60,40.5,60.0,63.16,84.97,2915.37
1075,5,1,3,4.12,5.53,6.62,26.75,10.25,13.77,20.6,291.11,41.2,7.0658,Fail,1097.19,2934.85,UB 610x229x101,UC 305x305x118,101.2,118.0,138.53,246.62,50737.44
1076,4,1,2,3.4,6.33,7.23,23.82,4.02,5.79,13.6,45.99,27.2,1.6909,Fail,295.5,1729.63,UB 406x178x54,UC 305x305x118,54.3,118.0,98.58,89.03,20034.85
1077,4,2,1,4.35,4.37,4.73,9.63,13.21,4.72,17.4,42.61,34.8,1.2244,Fail,195.5,885.73,UB 356x171x45,UC 254x254x89,45.0,89.0,91.73,97.85,14992.2
1078,4,3,1,3.97,4.08,4.65,9.44,7.12,15.2,15.88,67.92,31.76,2.1384,Fail,335.67,615.4,UB 457x191x67,UC 305x305x118,67.1,118.0,84.18,85.84,26553.39
1079,1,1,1,3.64,5.82,6.58,15.06,11.42,3.43,3.64,2.61,7.28,0.3579,Pass,125.02,235.77,UB 406x178x54,UC 203x203x46,54.3,46.1,65.43,84.96,2017.86
1080,1,3,1,3.57,4.08,7.31,24.09,10.38,1.09,3.57,0.33,7.14,0.0459,Pass,191.65,382.38,UB 356x171x45,UC 203x203x60,45.0,60.0,89.93,99.11,4131.0
1081,2,1,2,3.21,6.51,4.05,29.16,14.45,2.66,6.42,5.19,12.84,0.404,Pass,215.99,945.79,UB 457x191x67,UC 254x254x89,67.1,89.0,95.92,92.5,8223.25
1082,3,3,1,3.3,5.92,6.25,16.11,4.12,8.29,9.9,14.04,19.8,0.7091,Pass,129.58,769.07,UB 356x171x45,UC 254x254x73,45.0,73.1,81.3,74.64,13959.72
1083,2,1,1,3.82,5.07,6.17,5.53,2.58,13.62,7.64,42.32,15.28,2.7698,Fail,251.08,210.21,UB 406x178x54,UC 254x254x89,54.3,89.0,83.76,81.7,5161.17
1084,1,3,2,3.21,7.65,4.1,15.68,3.92,16.38,3.21,3.95,6.42,0.6146,Pass,160.37,343.51,UB 457x191x67,UC 203x203x60,67.1,60.0,69.95,79.87,9131.92
1085,2,3,2,4.03,6.86,7.61,17.3,14.88,5.61,8.06,10.41,16.12,0.6458,Pass,265.54,1400.62,UB 457x191x67,UC 305x305x97,67.1,96.9,82.82,83.22,25827.77
1086,3,2,1,3.92,4.47,7.69,28.0,13.64,15.11,11.76,58.5,23.52,2.4872,Fail,344.25,1476.79,UB 457x191x67,UC 305x305x118,67.1,118.0,86.33,111.04,16569.32
1087,2,2,3,3.5,4.73,5.7,27.33,10.93,15.62,7.0,20.8,14.0,1.4854,Fail,183.98,1163.12,UB 356x171x45,UC 305x305x97,45.0,96.9,86.32,82.5,16162.2
1088,3,2,1,3.41,6.0,5.48,11.64,13.79,19.97,10.23,54.01,20.46,2.6396,Fail,335.57,978.45,UB 457x191x67,UC 305x305x118,67.1,118.0,84.15,94.94,15383.41
1089,1,1,3,3.22,4.59,5.79,24.92,14.69,20.37,3.22,9.04,6.44,1.4043,Fail,181.68,490.53,UB 356x171x45,UC 254x254x73,45.0,73.1,85.25,72.87,4272.56
1090,1,3,2,4.44,5.11,4.36,29.87,4.36,9.63,4.44,6.52,8.88,0.7337,Pass,129.99,491.51,UB 356x171x45,UC 203x203x60,45.0,60.0,88.47,82.37,6835.95
1091,3,2,2,3.72,7.89,6.41,20.92,3.8,23.6,11.16,99.64,22.32,4.4644,Fail,478.4,1536.53,UB 533x210x82,UC 305x305x118,82.2,118.0,84.45,139.75,33010.2
1092,2,2,2,3.82,6.15,5.97,18.41,4.99,2.09,7.64,4.3,15.28,0.2813,Pass,119.46,843.12,UB 406x178x54,UC 254x254x73,54.3,73.1,68.22,71.77,12923.75
1093,4,3,3,4.16,7.25,4.88,7.18,6.7,5.08,16.64,34.7,33.28,1.0426,Fail,162.05,980.94,UB 406x178x54,UC 254x254x89,54.3,89.0,66.29,84.7,55310.99
1094,1,2,3,3.71,4.53,4.44,27.78,6.69,21.23,3.71,9.83,7.42,1.3253,Fail,126.53,461.89,UB 305x165x40,UC 203x203x60,40.5,60.0,88.35,90.62,5757.3
1095,2,2,2,3.22,7.41,7.89,27.82,5.15,20.7,6.44,25.18,12.88,1.9547,Fail,289.23,1471.09,UB 533x210x82,UC 305x305x97,82.2,96.9,66.19,97.19,20708.24
1096,1,3,1,3.18,6.78,4.57,23.33,11.05,10.62,3.18,2.42,6.36,0.381,Pass,215.84,449.05,UB 457x191x67,UC 254x254x73,67.1,73.1,85.42,68.47,5815.88
1097,1,3,1,3.99,4.3,7.35,26.76,2.39,9.13,3.99,3.97,7.98,0.4981,Pass,164.53,325.28,UB 305x165x40,UC 203x203x60,40.5,60.0,95.73,82.87,4150.8
1098,1,1,1,3.02,7.32,5.67,24.14,8.11,3.5,3.02,1.57,6.04,0.2598,Pass,164.02,292.64,UB 533x210x82,UC 254x254x73,82.2,73.1,62.41,74.03,3018.6
1099,5,3,2,3.71,6.89,5.78,21.12,2.17,2.78,18.55,18.39,37.1,0.4957,Pass,165.18,2067.36,UB 406x178x54,UC 305x305x97,54.3,96.9,95.48,97.85,50959.82
1100,1,3,1,3.91,4.69,4.64,14.91,7.51,23.71,3.91,9.75,7.82,1.2464,Fail,90.09,226.22,UB 305x165x40,UC 203x203x46,40.5,46.1,63.77,87.53,3333.36
1101,4,3,3,4.24,7.68,6.01,22.73,7.51,3.92,16.96,29.64,33.92,0.8739,Pass,265.3,2351.85,UB 533x210x82,UC 305x305x118,82.2,118.0,67.59,103.01,86035.74
1102,1,3,2,4.47,4.5,4.85,20.48,4.85,4.59,4.47,3.09,8.94,0.3461,Pass,90.91,363.91,UB 305x165x40,UC 203x203x46,40.5,46.1,63.65,69.64,5684.45
1103,5,3,1,4.22,5.87,5.25,21.05,12.75,4.12,21.1,39.04,42.2,0.9251,Pass,210.51,2034.18,UB 406x178x54,UC 305x305x118,54.3,118.0,85.68,90.75,35182.13
1104,3,3,2,3.29,4.43,4.31,20.08,13.01,0.7,9.87,1.09,19.74,0.0551,Pass,82.67,1273.66,UB 305x165x40,UC 254x254x73,40.5,73.1,79.32,82.84,17691.49
1105,3,1,3,3.16,4.85,4.04,27.74,4.44,5.04,9.48,16.18,18.96,0.8536,Pass,164.49,914.01,UB 356x171x45,UC 254x254x73,45.0,73.1,77.18,87.87,11435.3
1106,1,1,2,3.13,6.28,4.18,29.66,8.29,1.2,3.13,0.59,6.26,0.0943,Pass,132.06,419.89,UB 457x191x67,UC 254x254x73,67.1,73.1,74.93,68.63,3758.89
1107,1,2,1,4.47,7.01,7.83,17.51,6.09,9.77,4.47,10.27,8.94,1.1483,Fail,181.91,381.78,UB 457x191x67,UC 203x203x60,67.1,60.0,64.81,89.68,5066.86
1108,3,1,3,4.01,5.33,7.59,17.59,8.53,19.38,12.03,148.58,24.06,6.1754,Fail,744.2,1389.2,UB 610x229x101,UC 305x305x118,101.2,118.0,93.96,159.39,31655.02
1109,1,3,2,3.72,7.48,4.15,9.03,10.87,1.97,3.72,0.86,7.44,0.1153,Pass,152.69,360.27,UB 457x191x67,UC 203x203x46,67.1,46.1,66.39,97.32,8802.8
1110,1,3,1,4.33,7.23,6.62,24.22,4.09,24.09,4.33,16.36,8.66,1.8892,Fail,223.74,421.31,UB 457x191x67,UC 254x254x73,67.1,73.1,85.29,78.8,7219.79
1111,5,3,3,3.98,7.72,5.37,24.63,6.41,9.01,19.9,80.34,39.8,2.0185,Fail,369.43,2856.71,UB 533x210x82,UC 305x305x118,82.2,118.0,70.47,139.81,102131.08
1112,4,1,3,4.16,5.55,4.84,20.26,2.97,3.81,16.64,55.99,33.28,1.6823,Fail,267.15,1071.19,UB 406x178x54,UC 305x305x97,54.3,96.9,89.13,85.98,24028.66
1113,4,1,1,3.21,7.48,6.19,29.22,12.16,2.18,12.84,15.98,25.68,0.6223,Pass,285.52,1598.78,UB 533x210x82,UC 305x305x118,82.2,118.0,85.45,87.93,15049.87
1114,1,2,2,3.25,5.18,4.27,19.41,6.59,1.78,3.25,0.55,6.5,0.0849,Pass,99.52,385.95,UB 305x165x40,UC 203x203x46,40.5,46.1,99.64,68.54,3644.77
1115,4,2,2,4.47,7.05,5.77,28.1,14.22,24.29,17.88,298.97,35.76,8.3604,Fail,994.65,3184.79,UB 610x229x101,UC 305x305x118,101.2,118.0,125.59,297.28,50125.78
1116,4,1,2,4.29,5.6,7.43,27.93,3.68,9.17,17.16,150.47,34.32,4.3842,Fail,624.76,2072.87,UB 610x229x101,UC 305x305x118,101.2,118.0,78.88,155.18,30980.58
1117,5,2,2,3.13,5.65,5.8,26.94,14.89,1.07,15.65,5.19,31.3,0.1657,Pass,183.27,3447.52,UB 406x178x54,UC 305x305x118,54.3,118.0,94.56,120.2,35272.35
1118,1,3,1,4.05,6.24,4.62,7.63,6.89,14.25,4.05,7.23,8.1,0.8926,Pass,92.34,181.97,UB 305x165x40,UC 203x203x46,40.5,46.1,97.28,68.28,3758.4
1119,1,1,2,4.31,6.68,5.4,16.71,8.96,20.46,4.31,29.93,8.62,3.472,Fail,220.99,372.38,UB 406x178x54,UC 254x254x89,54.3,89.0,95.9,82.72,4562.59
1120,1,1,1,4.1,7.67,7.69,24.21,4.59,8.22,4.1,10.66,8.2,1.3001,Fail,178.6,311.99,UB 533x210x82,UC 254x254x73,82.2,73.1,64.12,81.76,3724.02
1121,3,2,3,3.73,6.81,5.9,11.96,2.5,3.89,11.19,15.37,22.38,0.6867,Pass,116.38,787.6,UB 356x171x45,UC 254x254x73,45.0,73.1,88.46,71.89,24339.17
1122,4,1,3,3.32,6.27,7.95,24.36,2.81,20.21,13.28,147.19,26.56,5.5418,Fail,785.69,1932.09,UB 610x229x101,UC 305x305x118,101.2,118.0,99.2,172.37,41997.66
1123,4,2,1,3.08,7.47,7.81,22.09,5.51,15.89,12.32,56.57,24.64,2.296,Fail,364.02,1764.16,UB 457x191x67,UC 305x305x118,67.1,118.0,91.71,109.97,23030.96
1124,1,1,1,3.41,4.33,7.5,16.29,7.46,5.35,3.41,2.87,6.82,0.4213,Pass,136.58,202.73,UB 305x165x40,UC 203x203x46,40.5,46.1,79.46,89.12,1587.03
1125,3,1,1,3.14,7.61,5.37,23.83,4.14,8.73,9.42,35.53,18.84,1.8861,Fail,300.33,793.08,UB 457x191x67,UC 254x254x89,67.1,89.0,98.27,95.12,8579.27
1126,4,2,2,3.8,7.14,7.86,15.92,13.86,14.26,15.2,100.95,30.4,3.3208,Fail,459.83,2657.19,UB 533x210x82,UC 305x305x118,82.2,118.0,81.17,162.4,45734.4
1127,1,3,3,3.3,6.89,6.31,8.62,10.63,20.59,3.3,5.19,6.6,0.7857,Pass,138.97,382.0,UB 406x178x54,UC 203x203x60,54.3,60.0,78.91,76.12,11769.12
1128,3,1,1,4.34,7.74,6.0,12.91,12.3,16.85,13.02,206.64,26.04,7.9355,Fail,793.82,905.53,UB 610x229x101,UC 305x305x118,101.2,118.0,100.23,151.93,14488.37
1129,3,3,3,3.01,5.8,7.33,8.14,7.84,24.24,9.03,29.36,18.06,1.6255,Fail,217.08,922.45,UB 406x178x54,UC 305x305x97,54.3,96.9,72.42,86.72,39666.64
1130,1,1,1,4.12,4.75,6.79,24.36,9.81,5.4,4.12,5.97,8.24,0.725,Pass,173.3,283.34,UB 356x171x45,UC 203x203x60,45.0,60.0,81.31,78.81,2027.4
1131,2,1,3,3.87,4.06,7.26,5.4,13.66,12.55,7.74,37.37,15.48,2.4143,Fail,251.57,615.33,UB 406x178x54,UC 254x254x89,54.3,89.0,83.93,96.25,12005.16
1132,1,3,2,3.97,5.82,5.64,13.81,9.05,13.08,3.97,6.05,7.94,0.7625,Pass,118.02,406.74,UB 356x171x45,UC 203x203x46,45.0,46.1,87.29,94.39,6583.7
1133,3,1,1,3.69,5.49,6.21,9.07,7.67,7.13,11.07,41.59,22.14,1.8785,Fail,249.57,488.42,UB 406x178x54,UC 254x254x89,54.3,89.0,83.26,80.99,7752.78
1134,4,3,2,4.05,7.75,7.62,7.48,3.14,20.93,16.2,134.68,32.4,4.1569,Fail,458.81,957.98,UB 533x210x82,UC 305x305x118,82.2,118.0,80.99,126.97,65916.65
1135,1,3,1,3.92,5.65,5.99,23.79,14.05,2.49,3.92,1.14,7.84,0.1455,Pass,164.76,474.62,UB 406x178x54,UC 203x203x60,54.3,60.0,85.54,83.57,5023.4
1136,4,3,3,4.21,6.67,7.41,10.3,12.1,13.79,16.84,93.99,33.68,2.7907,Fail,372.74,1857.67,UB 457x191x67,UC 305x305x118,67.1,118.0,93.48,127.67,77142.78
1137,1,1,2,4.43,5.4,7.18,16.6,13.8,16.12,4.43,24.2,8.86,2.7312,Fail,241.25,499.77,UB 406x178x54,UC 254x254x73,54.3,73.1,80.48,94.33,4382.15
1138,4,1,2,4.17,6.03,5.07,21.47,6.0,22.57,16.68,348.78,33.36,10.455,Fail,1349.91,1742.17,UB 610x229x101,UC 305x305x118,101.2,118.0,170.44,256.35,27341.62
1139,4,3,1,3.01,7.64,4.13,5.66,12.28,21.02,12.04,48.81,24.08,2.027,Fail,296.9,1027.28,UB 457x191x67,UC 305x305x118,67.1,118.0,74.46,82.97,28103.18
1140,5,3,3,3.48,4.68,6.29,15.75,9.22,9.78,17.4,42.35,34.8,1.217,Fail,237.36,1956.07,UB 406x178x54,UC 305x305x118,54.3,118.0,79.19,99.61,68591.46
1141,5,3,2,4.24,7.21,6.31,8.22,10.27,24.43,21.2,260.1,42.4,6.1343,Fail,781.23,1870.4,UB 610x229x101,UC 305x305x118,101.2,118.0,98.64,218.24,88396.42
1142,2,2,2,3.78,5.75,4.4,25.03,8.56,15.79,7.56,29.96,15.12,1.9815,Fail,224.94,1016.87,UB 406x178x54,UC 305x305x97,54.3,96.9,80.04,85.82,13206.82
1143,4,3,2,4.26,4.64,5.29,7.33,2.33,0.29,17.04,1.77,34.08,0.052,Pass,35.45,551.42,UB 203x133x25,UC 203x203x46,25.1,46.1,96.66,73.54,17868.16
1144,5,1,1,3.93,6.17,7.89,19.29,2.33,18.35,19.65,349.43,39.3,8.8913,Fail,1276.04,1625.3,UB 610x229x101,UC 305x305x118,101.2,118.0,161.12,235.22,23503.52
1145,4,3,3,4.17,4.75,6.61,10.54,4.52,21.01,16.68,118.72,33.36,3.5589,Fail,499.32,996.32,UB 533x210x82,UC 305x305x118,82.2,118.0,88.14,133.63,76313.86
1146,4,2,3,3.08,4.33,4.58,5.58,14.8,21.67,12.32,57.4,24.64,2.3294,Fail,393.77,1072.71,UB 457x191x67,UC 305x305x118,67.1,118.0,98.75,112.02,37805.94
1147,1,2,3,3.18,4.57,5.05,9.52,3.01,21.12,3.18,5.55,6.36,0.8724,Pass,63.78,178.08,UB 254x146x31,UC 203x203x46,31.1,46.1,63.56,69.92,4309.69
1148,2,2,1,3.74,4.09,4.29,28.98,2.99,17.18,7.48,27.54,14.96,1.8408,Fail,197.98,560.72,UB 356x171x45,UC 254x254x89,45.0,89.0,92.89,90.42,6625.02
1149,4,2,3,4.36,7.23,4.72,5.25,4.32,14.18,17.44,162.14,34.88,4.6486,Fail,504.43,667.3,UB 533x210x82,UC 305x305x118,82.2,118.0,89.04,129.23,57680.26
1150,5,1,1,4.46,7.97,5.94,20.35,9.1,3.96,22.3,134.06,44.6,3.0057,Fail,473.44,1541.22,UB 533x210x82,UC 305x305x118,82.2,118.0,83.57,109.83,21959.62
1151,3,1,1,3.91,6.14,6.07,24.02,4.81,9.12,11.73,68.87,23.46,2.9355,Fail,382.38,818.01,UB 457x191x67,UC 305x305x97,67.1,96.9,95.89,99.59,9462.29
1152,2,1,2,3.21,4.33,6.77,8.16,5.56,4.98,6.42,7.82,12.84,0.6087,Pass,88.09,388.85,UB 254x146x31,UC 203x203x46,31.1,46.1,80.89,83.37,4268.13
1153,1,2,3,3.83,5.18,6.98,17.4,8.66,10.0,3.83,5.42,7.66,0.7078,Pass,173.18,479.29,UB 356x171x45,UC 203x203x46,45.0,46.1,81.26,96.23,6810.46
1154,2,2,1,3.3,7.38,6.87,29.05,3.34,19.83,6.6,26.2,13.2,1.985,Fail,283.2,986.97,UB 533x210x82,UC 254x254x89,82.2,89.0,64.24,99.96,11765.77
1155,5,2,1,4.19,7.82,5.95,27.07,7.51,18.68,20.95,286.61,41.9,6.8403,Fail,892.96,2626.89,UB 610x229x101,UC 305x305x118,101.2,118.0,112.75,251.14,39692.38
1156,3,3,1,3.91,5.72,6.27,14.35,10.23,1.61,11.73,4.93,23.46,0.2101,Pass,111.5,934.99,UB 356x171x45,UC 254x254x73,45.0,73.1,89.1,77.44,14878.7
1157,2,1,3,3.38,5.64,6.42,26.93,14.35,13.26,6.76,28.19,13.52,2.0849,Fail,274.81,1146.8,UB 406x178x54,UC 305x305x97,54.3,96.9,92.82,88.9,11873.64
1158,4,1,1,3.27,5.29,7.16,13.94,2.94,16.42,13.08,103.16,26.16,3.9436,Fail,600.41,822.26,UB 610x229x101,UC 305x305x118,101.2,118.0,75.81,113.83,16253.28
1159,3,1,2,3.18,5.27,4.04,13.22,8.05,19.88,9.54,68.0,19.08,3.5642,Fail,478.84,777.05,UB 533x210x82,UC 305x305x118,82.2,118.0,84.53,97.84,14638.12
1160,2,3,1,3.58,6.41,6.11,7.57,5.61,15.2,7.16,17.7,14.32,1.2361,Fail,125.67,360.09,UB 305x165x40,UC 203x203x60,40.5,60.0,95.72,98.61,8531.7
1161,1,3,3,3.63,7.02,5.27,13.0,4.56,20.07,3.63,7.13,7.26,0.9824,Pass,131.81,315.01,UB 406x178x54,UC 203x203x46,54.3,46.1,76.14,94.76,10685.65
1162,4,1,2,3.63,4.5,4.68,13.17,6.98,14.41,14.52,119.75,29.04,4.1236,Fail,656.08,1113.71,UB 610x229x101,UC 305x305x118,101.2,118.0,82.84,130.12,23322.82
1163,3,1,3,4.17,6.3,4.02,16.54,3.7,24.17,12.51,230.83,25.02,9.2259,Fail,977.42,898.01,UB 610x229x101,UC 305x305x118,101.2,118.0,123.41,184.52,26782.99
1164,1,3,3,3.06,6.58,4.28,7.38,12.43,18.08,3.06,3.44,6.12,0.5621,Pass,128.43,326.12,UB 406x178x54,UC 203x203x46,54.3,46.1,70.73,87.69,9333.43
1165,3,2,2,3.6,6.23,5.25,20.31,7.11,17.41,10.8,57.97,21.6,2.6836,Fail,337.45,1384.51,UB 457x191x67,UC 305x305x118,67.1,118.0,84.63,105.52,25335.14
1166,4,2,3,4.45,4.49,5.5,20.45,2.38,1.2,17.8,11.89,35.6,0.334,Pass,86.06,1270.95,UB 305x165x40,UC 254x254x73,40.5,73.1,56.98,92.89,29452.2
1167,1,1,1,4.49,7.45,6.9,10.66,3.14,18.1,4.49,32.0,8.98,3.5632,Fail,192.56,159.09,UB 406x178x54,UC 254x254x73,54.3,73.1,71.52,79.95,2871.29
1168,3,3,1,4.4,7.47,5.04,24.62,3.44,23.68,13.2,122.39,26.4,4.6361,Fail,488.21,1178.12,UB 533x210x82,UC 305x305x118,82.2,118.0,86.18,131.58,28484.87
1169,1,2,2,4.03,7.17,5.52,22.47,14.02,14.59,4.03,10.62,8.06,1.3176,Fail,287.86,733.89,UB 533x210x82,UC 254x254x73,82.2,73.1,66.37,98.96,8910.04
1170,1,1,2,4.29,7.01,7.55,29.15,7.37,11.17,4.29,16.4,8.58,1.911,Fail,309.92,627.11,UB 533x210x82,UC 254x254x89,82.2,89.0,62.07,87.16,6501.97
1171,1,3,3,3.36,5.91,5.96,12.01,12.04,12.07,3.36,3.08,6.72,0.4589,Pass,122.87,428.18,UB 356x171x45,UC 203x203x46,45.0,46.1,96.16,91.8,8888.14
1172,1,2,2,4.07,5.41,7.34,11.06,10.41,21.4,4.07,14.67,8.14,1.8024,Fail,177.07,437.02,UB 356x171x45,UC 254x254x73,45.0,73.1,83.08,69.25,6120.15
1173,1,1,2,3.09,4.05,4.86,25.46,4.44,2.61,3.09,0.96,6.18,0.1558,Pass,104.64,315.69,UB 305x165x40,UC 203x203x46,40.5,46.1,60.88,58.42,2134.09
1174,2,3,3,3.77,5.25,7.78,22.71,10.52,21.2,7.54,27.4,15.08,1.8167,Fail,265.86,1253.67,UB 406x178x54,UC 305x305x97,54.3,96.9,88.7,92.28,28670.71
1175,1,1,1,4.38,5.54,5.81,20.51,4.64,10.01,4.38,14.54,8.76,1.6596,Fail,120.66,212.23,UB 356x171x45,UC 203x203x60,45.0,60.0,82.83,85.03,2072.7
1176,1,2,2,3.25,5.23,7.48,21.21,3.91,21.9,3.25,6.52,6.5,1.0028,Fail,203.23,489.28,UB 356x171x45,UC 203x203x60,45.0,60.0,95.36,81.32,5186.7
1177,1,1,1,4.34,4.75,4.11,21.55,7.88,6.64,4.34,8.89,8.68,1.0244,Fail,86.13,193.09,UB 305x165x40,UC 203x203x46,40.5,46.1,86.97,84.54,1517.96
1178,5,1,2,3.65,4.6,6.01,17.7,2.69,6.81,18.25,87.31,36.5,2.3919,Fail,427.06,1421.82,UB 533x210x82,UC 305x305x118,82.2,118.0,75.39,102.25,28473.24
1179,1,1,3,3.57,7.71,4.78,9.74,4.3,6.9,3.57,5.49,7.14,0.769,Pass,95.03,180.61,UB 406x178x54,UC 203x203x46,54.3,46.1,80.65,86.43,4548.55
1180,5,2,3,3.65,6.72,6.59,28.97,4.85,1.33,18.25,11.84,36.5,0.3244,Pass,206.82,3153.2,UB 457x191x67,UC 305x305x118,67.1,118.0,81.82,118.52,63776.99
1181,1,3,2,3.36,6.13,5.1,27.07,11.09,10.11,3.36,2.66,6.72,0.3964,Pass,197.27,653.48,UB 457x191x67,UC 254x254x73,67.1,73.1,70.07,73.39,9386.98
1182,4,1,1,4.1,7.52,5.07,10.14,12.21,8.69,16.4,143.69,32.8,4.3806,Fail,560.17,945.72,UB 533x210x82,UC 305x305x118,82.2,118.0,98.88,109.08,16019.98
1183,3,3,3,3.43,4.01,4.74,27.69,10.09,18.48,10.29,30.12,20.58,1.4635,Fail,233.59,1420.03,UB 406x178x54,UC 305x305x118,54.3,118.0,77.93,85.08,36532.02
1184,2,1,2,4.02,4.67,5.33,16.38,14.51,16.65,8.04,59.96,16.08,3.729,Fail,373.15,823.48,UB 457x191x67,UC 305x305x118,67.1,118.0,93.58,88.54,10433.61
1185,4,2,1,3.27,5.06,4.31,21.98,13.09,14.85,13.08,52.24,26.16,1.997,Fail,342.31,1439.33,UB 457x191x67,UC 305x305x118,67.1,118.0,85.85,104.46,18163.47
1186,4,3,1,3.73,4.99,4.44,25.47,9.37,24.76,14.92,96.22,29.84,3.2245,Fail,498.06,1424.15,UB 533x210x82,UC 305x305x118,82.2,118.0,87.92,139.58,29768.24
1187,2,3,3,3.25,4.59,4.38,12.62,11.57,11.32,6.5,8.17,13.0,0.6282,Pass,93.89,639.2,UB 305x165x40,UC 203x203x60,40.5,60.0,64.5,87.35,14958.84
1188,3,3,2,4.0,5.01,5.84,25.69,5.91,8.34,12.0,25.78,24.0,1.0742,Fail,171.07,1495.33,UB 356x171x45,UC 305x305x97,45.0,96.9,80.27,89.74,26347.95
1189,5,3,3,3.73,5.08,6.08,21.0,3.92,10.26,18.65,58.83,37.3,1.5771,Fail,283.65,1945.28,UB 406x178x54,UC 305x305x118,54.3,118.0,94.63,109.57,71570.48
1190,2,3,1,3.54,4.12,6.31,22.4,7.6,5.16,7.08,4.89,14.16,0.3456,Pass,113.51,615.89,UB 305x165x40,UC 203x203x60,40.5,60.0,66.04,96.83,7445.16
1191,1,1,2,3.96,7.86,7.51,21.97,13.69,11.23,3.96,13.02,7.92,1.6433,Fail,303.34,638.78,UB 533x210x82,UC 254x254x89,82.2,89.0,85.44,97.83,6522.2
1192,5,1,2,4.37,5.4,5.32,19.73,14.29,6.91,21.85,176.91,43.7,4.0483,Fail,647.9,2256.45,UB 610x229x101,UC 305x305x118,101.2,118.0,81.81,161.63,34434.68
1193,2,1,3,3.78,5.37,6.45,15.84,7.92,24.2,7.56,74.33,15.12,4.9159,Fail,457.96,741.1,UB 533x210x82,UC 305x305x118,82.2,118.0,80.84,102.75,17030.23
1194,3,2,1,4.45,6.0,6.74,16.66,3.95,24.17,13.35,166.28,26.7,6.2277,Fail,631.29,818.01,UB 610x229x101,UC 305x305x118,101.2,118.0,79.71,163.28,22876.99
1195,5,3,3,3.24,5.95,4.26,12.37,7.9,5.43,16.2,20.74,32.4,0.6401,Pass,145.56,1472.98,UB 356x171x45,UC 254x254x89,45.0,89.0,82.7,92.19,50635.8
1196,5,1,1,3.73,4.02,5.41,25.85,2.65,3.44,18.65,45.23,37.3,1.2126,Fail,243.28,1050.36,UB 406x178x54,UC 254x254x89,54.3,89.0,81.16,97.21,11759.89
1197,3,3,3,4.44,6.24,7.81,22.83,3.85,18.33,13.32,90.03,26.64,3.3794,Fail,379.83,1597.16,UB 457x191x67,UC 305x305x118,67.1,118.0,95.25,125.12,59087.34
1198,4,3,1,3.44,4.13,7.73,11.22,10.82,9.66,13.76,26.01,27.52,0.945,Pass,174.17,1010.89,UB 356x171x45,UC 254x254x89,45.0,89.0,81.72,92.77,19823.12
1199,4,1,2,4.38,6.39,4.69,15.9,13.39,20.11,17.52,379.21,35.04,10.8221,Fail,1342.4,1787.2,UB 610x229x101,UC 305x305x118,101.2,118.0,169.5,256.83,27758.22
1200,2,3,1,3.38,5.67,4.8,12.62,5.87,23.18,6.76,20.87,13.52,1.5436,Fail,160.71,426.61,UB 305x165x40,UC 254x254x73,40.5,73.1,93.5,86.67,8264.07
1201,4,3,1,3.56,7.5,5.75,8.47,7.74,7.83,14.24,31.88,28.48,1.1195,Fail,189.03,969.61,UB 406x178x54,UC 254x254x89,54.3,89.0,85.71,85.75,24908.48
1202,3,2,2,3.64,5.68,5.64,5.69,9.27,23.94,10.92,79.1,21.84,3.622,Fail,411.35,772.99,UB 533x210x82,UC 305x305x118,82.2,118.0,72.61,113.78,28346.11
1203,4,1,1,3.92,5.21,4.97,17.81,3.65,13.58,15.68,157.57,31.36,5.0246,Fail,726.23,921.28,UB 610x229x101,UC 305x305x118,101.2,118.0,91.7,135.56,15642.69
1204,5,2,1,4.13,5.57,5.61,5.15,12.5,21.87,20.65,267.18,41.3,6.4693,Fail,921.12,1139.45,UB 610x229x101,UC 305x305x118,101.2,118.0,116.3,226.12,34409.86
1205,4,1,1,3.08,7.32,6.6,13.34,3.27,7.26,12.32,45.35,24.64,1.8405,Fail,280.65,705.67,UB 406x178x54,UC 254x254x89,54.3,89.0,93.63,90.11,10432.77
1206,4,3,2,4.3,4.49,6.34,17.77,11.32,17.54,17.2,108.24,34.4,3.1465,Fail,467.74,1869.27,UB 533x210x82,UC 305x305x118,82.2,118.0,82.57,150.16,54318.74
1207,5,1,3,4.11,5.98,4.89,21.89,13.08,7.52,20.55,164.02,41.1,3.9906,Fail,639.67,2198.25,UB 610x229x101,UC 305x305x118,101.2,118.0,80.77,155.9,46348.76
1208,3,3,1,4.21,6.49,4.8,6.68,3.99,22.0,12.63,91.03,25.26,3.6036,Fail,361.29,415.41,UB 457x191x67,UC 305x305x118,67.1,118.0,90.61,92.29,23626.3
1209,5,1,1,3.31,5.89,7.33,16.1,2.72,3.05,16.55,31.72,33.1,0.9583,Pass,190.11,917.01,UB 356x171x45,UC 254x254x73,45.0,73.1,89.2,94.01,10788.22
1210,4,2,1,4.23,7.37,6.19,25.54,10.86,21.48,16.92,223.6,33.84,6.6077,Fail,801.71,2174.13,UB 610x229x101,UC 305x305x118,101.2,118.0,101.23,222.45,31430.0
1211,5,1,2,3.22,4.09,4.57,23.61,5.13,12.79,16.1,101.42,32.2,3.1495,Fail,613.95,1696.01,UB 610x229x101,UC 305x305x118,101.2,118.0,77.52,135.35,26857.1
1212,5,1,2,3.72,5.16,4.4,19.72,6.78,6.88,18.6,99.15,37.2,2.6654,Fail,463.73,1508.18,UB 533x210x82,UC 305x305x118,82.2,118.0,81.86,109.38,26764.68
1213,4,3,1,3.7,7.25,4.59,12.09,3.56,9.74,14.8,44.36,29.6,1.4987,Fail,217.95,840.84,UB 406x178x54,UC 254x254x89,54.3,89.0,74.75,96.39,23973.59
1214,5,2,1,3.97,7.57,6.48,6.07,13.79,24.07,19.85,301.49,39.7,7.5942,Fail,942.25,1585.12,UB 610x229x101,UC 305x305x118,101.2,118.0,118.97,243.8,39212.12
1215,4,3,2,3.42,7.93,5.43,26.4,8.54,8.72,13.68,32.21,27.36,1.1773,Fail,333.62,2674.3,UB 533x210x82,UC 305x305x118,82.2,118.0,85.97,114.39,57120.41
1216,5,2,3,3.09,6.62,5.41,22.98,6.41,17.88,15.45,88.53,30.9,2.8651,Fail,474.04,2487.33,UB 533x210x82,UC 305x305x118,82.2,118.0,83.68,157.69,63655.35
1217,2,2,3,3.45,5.58,7.66,21.13,6.89,11.79,6.9,15.97,13.8,1.1573,Fail,215.32,1073.43,UB 406x178x54,UC 254x254x89,54.3,89.0,71.83,83.22,19703.99
1218,2,3,3,4.39,7.1,6.1,8.24,6.21,23.88,8.78,59.96,17.56,3.4146,Fail,259.06,561.59,UB 406x178x54,UC 305x305x97,54.3,96.9,86.43,92.93,30814.75
1219,3,3,3,4.24,4.27,4.12,23.32,5.01,16.63,12.72,59.54,25.44,2.3406,Fail,304.95,1018.29,UB 457x191x67,UC 305x305x118,67.1,118.0,76.48,92.34,44282.24
1220,4,3,2,3.49,4.93,7.09,27.93,12.34,2.64,13.96,8.18,27.92,0.2929,Pass,272.92,2811.02,UB 406x178x54,UC 305x305x118,54.3,118.0,91.05,107.9,41724.11
1221,2,3,2,4.13,5.68,4.26,20.3,3.49,21.17,8.26,39.12,16.52,2.3678,Fail,220.21,691.56,UB 406x178x54,UC 305x305x97,54.3,96.9,73.47,81.86,18857.45
1222,1,2,2,3.91,7.36,7.69,13.03,11.08,9.44,3.91,6.23,7.82,0.7965,Pass,216.12,576.7,UB 457x191x67,UC 254x254x73,67.1,73.1,76.63,71.78,8631.52
1223,5,3,1,3.29,5.96,6.72,10.64,11.65,10.85,16.45,43.61,32.9,1.3255,Fail,245.83,1496.76,UB 406x178x54,UC 305x305x118,54.3,118.0,82.01,85.46,32535.56
1224,5,1,1,3.87,6.52,6.67,10.09,12.53,22.33,19.35,416.3,38.7,10.7571,Fail,1498.35,1728.31,UB 610x229x101,UC 305x305x118,101.2,118.0,189.19,271.53,22481.48
1225,3,2,3,3.82,4.29,4.74,23.25,13.84,16.06,11.46,55.77,22.92,2.4331,Fail,338.04,1456.36,UB 457x191x67,UC 305x305x118,67.1,118.0,84.77,110.54,31723.43
1226,4,1,1,3.86,5.89,5.41,20.46,9.26,3.45,15.44,40.46,30.88,1.3104,Fail,241.99,1000.98,UB 406x178x54,UC 254x254x89,54.3,89.0,80.73,92.79,10405.36
1227,1,2,2,3.94,7.5,6.28,8.18,8.72,2.52,3.94,1.75,7.88,0.222,Pass,139.39,373.7,UB 406x178x54,UC 203x203x46,54.3,46.1,89.36,90.92,6124.23
1228,4,1,1,3.9,5.32,4.9,28.52,13.99,6.28,15.6,72.37,31.2,2.3194,Fail,399.45,1345.19,UB 533x210x82,UC 305x305x118,82.2,118.0,70.51,94.58,14083.87
1229,3,1,1,4.45,4.3,6.3,26.33,14.11,12.5,13.35,125.95,26.7,4.7172,Fail,616.29,1134.84,UB 610x229x101,UC 305x305x118,101.2,118.0,77.81,130.01,12737.52
1230,4,3,1,3.82,7.57,6.33,28.42,14.8,16.33,15.28,85.14,30.56,2.7859,Fail,480.07,2636.7,UB 533x210x82,UC 305x305x118,82.2,118.0,92.51,147.58,37683.63
1231,1,2,2,3.39,5.34,7.06,8.48,9.11,18.35,3.39,6.41,6.78,0.9451,Pass,132.93,347.91,UB 305x165x40,UC 203x203x46,40.5,46.1,77.34,85.83,4419.71
1232,1,1,2,3.11,7.79,7.62,22.58,11.95,0.88,3.11,0.52,6.22,0.0832,Pass,294.27,605.62,UB 533x210x82,UC 254x254x89,82.2,89.0,80.54,81.52,6087.21
1233,1,2,3,4.11,7.72,7.55,16.97,3.68,18.08,4.11,14.46,8.22,1.7588,Fail,198.59,466.95,UB 457x191x67,UC 254x254x73,67.1,73.1,75.74,74.59,12308.83
1234,1,1,2,3.76,6.6,5.73,12.59,13.05,24.29,3.76,21.65,7.52,2.8784,Fail,206.6,386.26,UB 406x178x54,UC 254x254x73,54.3,73.1,92.39,96.01,3968.83
1235,1,1,1,4.16,7.25,6.14,26.51,10.87,18.45,4.16,24.56,8.32,2.9521,Fail,247.96,368.58,UB 533x210x82,UC 254x254x89,82.2,89.0,70.29,90.12,3682.28
1236,5,2,1,3.58,5.51,4.5,22.53,9.14,2.89,17.9,21.46,35.8,0.5993,Pass,162.03,1720.47,UB 406x178x54,UC 305x305x97,54.3,96.9,66.4,85.2,20056.17
1237,1,3,2,3.53,5.37,7.67,10.95,3.2,0.25,3.53,0.09,7.06,0.0132,Pass,121.96,280.93,UB 305x165x40,UC 203x203x46,40.5,46.1,70.96,57.77,6395.24
1238,4,3,3,3.85,7.96,4.06,23.0,12.56,1.92,15.4,10.89,30.8,0.3535,Pass,297.78,2441.56,UB 533x210x82,UC 305x305x118,82.2,118.0,88.49,110.63,76501.31
1239,2,2,1,3.42,5.26,6.41,27.26,14.98,3.24,6.84,4.23,13.68,0.3089,Pass,168.27,1037.94,UB 406x178x54,UC 254x254x89,54.3,89.0,77.05,84.78,8025.88
1240,4,2,3,3.18,4.31,5.0,18.59,8.43,18.38,12.72,54.35,25.44,2.1364,Fail,367.97,1425.43,UB 457x191x67,UC 305x305x118,67.1,118.0,92.28,114.32,39343.95
1241,3,1,2,4.07,7.77,7.12,12.32,10.5,13.17,12.21,130.08,24.42,5.3268,Fail,567.77,1236.72,UB 610x229x101,UC 305x305x118,101.2,118.0,71.69,124.68,24368.12
1242,3,2,3,3.81,4.42,5.39,15.27,14.36,12.16,11.43,42.33,22.86,1.8518,Fail,258.14,1280.85,UB 406x178x54,UC 305x305x118,54.3,118.0,86.12,88.79,29847.3
1243,1,1,1,4.26,6.08,5.22,18.82,3.6,18.12,4.26,24.54,8.52,2.8805,Fail,180.45,198.4,UB 356x171x45,UC 254x254x73,45.0,73.1,97.61,77.39,2262.62
1244,2,1,1,4.05,6.6,5.82,7.86,8.49,0.84,8.1,3.66,16.2,0.2256,Pass,85.62,293.71,UB 356x171x45,UC 203x203x46,45.0,46.1,91.05,82.41,3729.24
1245,3,3,2,3.45,7.86,4.24,26.36,6.99,0.47,10.35,1.43,20.7,0.0689,Pass,258.46,1732.8,UB 533x210x82,UC 305x305x118,82.2,118.0,79.91,83.09,40464.76
1246,4,2,2,3.07,4.82,4.74,15.78,2.68,7.63,12.28,21.05,24.56,0.8571,Pass,156.26,997.93,UB 305x165x40,UC 254x254x89,40.5,89.0,90.91,84.96,19128.6
1247,5,2,1,4.37,7.02,5.34,25.7,5.41,18.83,21.85,314.4,43.7,7.1945,Fail,937.79,2106.29,UB 610x229x101,UC 305x305x118,101.2,118.0,118.41,251.97,37784.4
1248,2,1,2,4.09,6.49,7.46,24.57,14.07,18.81,8.18,83.31,16.36,5.0921,Fail,488.7,1322.36,UB 533x210x82,UC 305x305x118,82.2,118.0,86.27,118.33,13898.0
1249,1,3,2,4.43,7.73,5.15,29.77,8.95,10.6,4.43,8.09,8.86,0.9135,Pass,318.84,755.64,UB 533x210x82,UC 254x254x89,82.2,89.0,88.25,88.9,13836.53
1250,5,3,2,3.24,5.53,6.98,28.12,3.71,0.38,16.2,1.53,32.4,0.0473,Pass,198.95,2801.73,UB 406x178x54,UC 305x305x118,54.3,118.0,67.47,100.19,51612.32
1251,3,1,1,4.16,5.18,6.28,5.97,5.57,6.72,12.48,57.77,24.96,2.3146,Fail,281.7,373.09,UB 406x178x54,UC 254x254x89,54.3,89.0,93.98,86.67,8176.55
1252,3,3,3,3.02,5.23,6.64,25.9,13.02,11.1,9.06,13.03,18.12,0.7192,Pass,223.9,1991.07,UB 406x178x54,UC 305x305x97,54.3,96.9,74.69,95.5,37250.1
1253,1,2,1,3.7,7.86,5.92,26.11,4.83,1.46,3.7,0.91,7.4,0.1224,Pass,261.87,491.45,UB 533x210x82,UC 254x254x73,82.2,73.1,74.13,76.03,5667.06
1254,1,2,3,3.83,7.81,5.76,11.45,12.23,6.49,3.83,4.1,7.66,0.535,Pass,214.02,496.29,UB 457x191x67,UC 254x254x73,67.1,73.1,89.93,69.45,11030.55
1255,4,1,1,3.95,4.59,6.47,6.24,3.49,0.96,15.8,10.8,31.6,0.3417,Pass,64.15,325.63,UB 203x133x25,UC 203x203x46,25.1,46.1,94.24,66.58,5134.37
1256,5,2,3,3.48,6.21,4.91,28.79,14.9,24.38,17.4,174.32,34.8,5.0091,Fail,794.54,3456.19,UB 610x229x101,UC 305x305x118,101.2,118.0,100.32,252.3,72136.62
1257,1,3,2,3.81,4.18,4.94,7.73,8.59,2.83,3.81,1.03,7.62,0.1358,Pass,62.33,236.51,UB 254x146x31,UC 152x152x30,31.1,30.0,63.35,80.18,3770.65
1258,1,1,1,3.49,5.49,7.29,15.4,10.34,21.9,3.49,13.88,6.98,1.9892,Fail,153.61,253.82,UB 356x171x45,UC 254x254x73,45.0,73.1,82.5,69.13,2170.68
1259,2,1,2,3.91,5.44,7.9,27.43,6.87,23.56,7.82,82.02,15.64,5.2446,Fail,499.94,1188.6,UB 533x210x82,UC 305x305x118,82.2,118.0,88.25,121.19,13414.61
1260,3,3,1,3.24,4.18,7.72,27.8,2.33,15.23,9.72,20.59,19.44,1.0591,Fail,186.63,1002.26,UB 356x171x45,UC 254x254x89,45.0,89.0,87.57,91.89,14475.24
1261,3,3,3,4.17,6.03,6.33,13.6,4.79,20.77,12.51,80.4,25.02,3.2136,Fail,354.37,983.88,UB 457x191x67,UC 305x305x118,67.1,118.0,88.87,104.18,53475.7
1262,1,3,3,3.23,7.05,6.6,28.88,14.46,24.81,3.23,5.94,6.46,0.9189,Pass,302.07,868.69,UB 533x210x82,UC 254x254x89,82.2,89.0,74.93,89.73,18063.88
1263,5,3,3,3.95,6.94,6.16,8.03,13.42,19.96,19.75,163.12,39.5,4.1296,Fail,576.95,2079.72,UB 610x229x101,UC 305x305x118,101.2,118.0,72.85,176.59,116831.2
1264,5,2,3,3.79,5.76,5.08,25.9,5.81,6.1,18.95,56.28,37.9,1.4849,Fail,276.93,2401.33,UB 406x178x54,UC 305x305x118,54.3,118.0,92.39,116.96,51756.9
1265,2,2,1,3.68,6.99,4.46,11.03,11.53,22.01,7.36,41.34,14.72,2.8081,Fail,263.62,615.39,UB 406x178x54,UC 305x305x97,54.3,96.9,96.57,86.54,8768.63
1266,3,1,2,3.84,4.31,5.45,17.1,4.99,19.66,11.52,117.7,23.04,5.1084,Fail,682.4,1009.01,UB 610x229x101,UC 305x305x118,101.2,118.0,86.16,137.55,18700.19
1267,2,3,1,4.39,4.98,7.64,21.85,10.66,15.14,8.78,33.32,17.56,1.8978,Fail,194.45,817.5,UB 356x171x45,UC 254x254x89,45.0,89.0,91.24,96.44,11690.96
1268,3,2,2,3.18,5.63,6.02,8.71,8.42,22.04,9.54,45.24,19.08,2.3713,Fail,298.6,897.02,UB 406x178x54,UC 305x305x118,54.3,118.0,99.62,89.35,21518.19
1269,2,1,2,3.02,4.48,5.05,18.86,14.09,18.57,6.04,23.85,12.08,1.9739,Fail,248.15,789.3,UB 406x178x54,UC 254x254x89,54.3,89.0,82.79,95.69,6878.66
1270,2,1,2,3.04,4.67,4.29,17.87,8.88,9.7,6.08,13.0,12.16,1.0692,Fail,148.49,560.15,UB 305x165x40,UC 254x254x73,40.5,73.1,86.39,71.15,5191.46
1271,4,2,1,3.6,6.23,6.85,7.98,13.67,22.46,14.4,122.51,28.8,4.2538,Fail,564.04,1227.63,UB 533x210x82,UC 305x305x118,82.2,118.0,99.57,152.72,25145.74
1272,5,3,3,3.16,6.89,4.3,28.02,14.35,22.77,15.8,86.6,31.6,2.7407,Fail,502.31,3364.93,UB 533x210x82,UC 305x305x118,82.2,118.0,88.67,177.97,85019.48
1273,4,3,2,3.43,5.91,4.54,9.59,11.96,22.91,13.72,71.98,27.44,2.6233,Fail,383.62,1337.96,UB 457x191x67,UC 305x305x118,67.1,118.0,96.21,115.12,43452.0
1274,5,1,1,4.34,6.37,5.48,21.24,6.93,10.96,21.7,297.45,43.4,6.8537,Fail,973.55,1522.01,UB 610x229x101,UC 305x305x118,101.2,118.0,122.92,186.51,22234.6
1275,5,3,3,3.42,7.09,4.93,17.33,2.63,12.94,17.1,65.4,34.2,1.9122,Fail,309.9,1671.87,UB 457x191x67,UC 305x305x118,67.1,118.0,77.72,103.55,80677.32
1276,5,3,3,4.27,5.71,5.29,12.96,4.32,3.58,21.35,34.84,42.7,0.8159,Pass,148.13,1340.99,UB 305x165x40,UC 254x254x89,40.5,89.0,88.7,99.9,57132.4
1277,2,2,3,3.42,7.52,5.26,13.68,4.15,7.2,6.84,10.91,13.68,0.7977,Pass,151.07,659.67,UB 406x178x54,UC 203x203x60,54.3,60.0,95.03,98.79,16599.3
1278,4,2,1,4.33,5.15,7.67,29.72,11.8,23.11,17.32,219.26,34.64,6.3297,Fail,861.83,2098.42,UB 610x229x101,UC 305x305x118,101.2,118.0,108.82,238.95,29915.89
1279,3,1,1,3.31,7.36,7.02,5.68,13.73,24.0,9.93,113.96,19.86,5.7384,Fail,629.69,754.32,UB 610x229x101,UC 305x305x118,101.2,118.0,79.51,122.57,13418.5
1280,5,3,1,3.01,7.33,4.1,10.08,14.24,14.28,15.05,47.86,30.1,1.5901,Fail,300.16,1658.0,UB 457x191x67,UC 305x305x118,67.1,118.0,76.36,93.49,34464.69
1281,4,3,1,4.25,5.18,4.44,22.66,12.98,11.11,17.0,69.71,34.0,2.0502,Fail,323.76,1504.5,UB 457x191x67,UC 305x305x118,67.1,118.0,81.19,104.06,29156.66
1282,4,2,2,3.13,4.55,5.11,21.72,14.59,20.09,12.52,57.63,25.04,2.3016,Fail,402.22,2040.71,UB 533x210x82,UC 305x305x118,82.2,118.0,71.0,135.92,32353.49
1283,2,3,1,3.49,6.03,5.1,20.77,8.67,19.43,6.98,20.19,13.96,1.4464,Fail,189.7,718.72,UB 406x178x54,UC 254x254x73,54.3,73.1,80.9,94.87,10226.49
1284,3,1,2,3.15,6.82,6.09,9.76,9.26,20.94,9.45,80.32,18.9,4.25,Fail,502.43,929.49,UB 533x210x82,UC 305x305x118,82.2,118.0,88.69,106.21,17743.21
1285,1,3,3,3.01,4.55,5.5,28.58,10.75,6.63,3.01,1.07,6.02,0.1775,Pass,160.95,579.78,UB 356x171x45,UC 203x203x46,45.0,46.1,75.52,92.87,7647.18
1286,2,2,1,4.1,5.13,4.79,26.9,14.36,21.43,8.2,51.99,16.4,3.1702,Fail,311.62,903.51,UB 457x191x67,UC 305x305x118,67.1,118.0,78.15,90.7,10487.84
1287,2,1,2,3.1,6.23,4.83,9.45,7.44,6.58,6.2,10.9,12.4,0.8794,Pass,122.27,419.35,UB 356x171x45,UC 203x203x60,45.0,60.0,79.11,77.84,5652.9
1288,4,3,3,3.35,5.39,6.12,28.86,13.41,21.02,13.4,58.17,26.8,2.1706,Fail,377.96,2784.12,UB 457x191x67,UC 305x305x118,67.1,118.0,94.79,146.8,62370.61
1289,3,3,2,3.74,6.52,6.39,18.59,5.84,5.47,11.22,15.08,22.44,0.6721,Pass,161.41,1375.68,UB 406x178x54,UC 254x254x89,54.3,89.0,84.87,86.26,29869.38
1290,3,2,2,3.49,6.65,4.46,16.62,6.15,2.84,10.47,8.86,20.94,0.4232,Pass,146.91,1110.73,UB 406x178x54,UC 254x254x73,54.3,73.1,83.93,88.28,17747.13
1291,4,3,1,4.16,5.93,7.22,17.23,7.36,5.87,16.64,36.31,33.28,1.0911,Fail,189.32,1325.21,UB 356x171x45,UC 305x305x97,45.0,96.9,99.32,86.28,24502.13
1292,3,2,3,3.32,7.4,5.64,19.06,6.2,16.87,9.96,46.57,19.92,2.338,Fail,313.65,1418.8,UB 457x191x67,UC 305x305x118,67.1,118.0,81.6,94.12,36238.31
1293,4,2,2,3.64,5.04,4.22,17.14,4.85,15.91,14.56,81.15,29.12,2.7866,Fail,414.51,1157.09,UB 533x210x82,UC 305x305x118,82.2,118.0,73.17,118.24,33730.85
1294,1,2,2,3.61,6.29,4.67,10.16,10.13,23.7,3.61,11.0,7.22,1.5231,Fail,144.06,354.57,UB 356x171x45,UC 203x203x60,45.0,60.0,97.8,88.02,4908.6
1295,5,3,2,3.19,6.16,7.8,5.53,6.93,19.51,15.95,71.68,31.9,2.2471,Fail,350.58,1295.04,UB 457x191x67,UC 305x305x118,67.1,118.0,87.92,108.8,62120.52
1296,3,2,3,3.1,4.2,4.84,18.39,14.81,20.95,9.3,34.29,18.6,1.8438,Fail,285.32,1311.48,UB 406x178x54,UC 305x305x118,54.3,118.0,95.19,94.31,25738.16
1297,4,3,1,3.44,4.65,5.5,15.33,9.19,6.22,13.76,17.64,27.52,0.6412,Pass,130.48,1029.02,UB 305x165x40,UC 254x254x73,40.5,73.1,75.92,92.75,16130.65
1298,1,1,1,4.13,6.11,6.01,24.78,2.55,7.08,4.13,8.6,8.26,1.0411,Fail,109.79,234.8,UB 406x178x54,UC 203x203x60,54.3,60.0,78.13,79.45,2307.43
1299,1,1,3,4.16,4.99,5.09,8.09,12.19,16.38,4.16,19.03,8.32,2.2877,Fail,143.55,257.28,UB 305x165x40,UC 254x254x73,40.5,73.1,83.52,66.97,4478.02
1300,2,3,2,4.29,4.31,6.02,22.59,11.52,0.5,8.58,1.01,17.16,0.0588,Pass,175.62,1057.18,UB 356x171x45,UC 254x254x73,45.0,73.1,82.4,87.18,15351.88
1301,5,3,1,3.14,6.35,5.56,25.79,13.17,19.62,15.7,69.65,31.4,2.2183,Fail,419.15,2514.99,UB 533x210x82,UC 305x305x118,82.2,118.0,73.99,141.36,39620.54
1302,4,3,3,3.04,5.1,4.81,11.61,10.53,11.79,12.16,22.65,24.32,0.9313,Pass,175.02,1272.81,UB 356x171x45,UC 254x254x89,45.0,89.0,82.12,99.02,38721.44
1303,3,2,1,3.33,5.63,5.11,12.11,11.14,12.66,9.99,30.55,19.98,1.5291,Fail,216.34,832.03,UB 406x178x54,UC 254x254x89,54.3,89.0,72.17,97.94,11500.42
1304,4,1,2,4.09,7.81,7.05,22.86,7.88,14.45,16.36,242.46,32.72,7.4102,Fail,905.85,2172.85,UB 610x229x101,UC 305x305x118,101.2,118.0,114.37,198.1,32482.7
1305,1,2,1,3.67,5.91,4.44,12.77,3.87,15.75,3.67,7.6,7.34,1.0351,Fail,101.19,199.69,UB 305x165x40,UC 203x203x46,40.5,46.1,94.71,76.31,2512.0
1306,1,1,3,3.25,7.46,5.96,11.25,3.84,15.41,3.25,8.66,6.5,1.3322,Fail,119.22,220.37,UB 406x178x54,UC 203x203x60,54.3,60.0,78.52,80.83,5122.08
1307,4,3,3,4.26,7.04,4.24,17.34,7.35,18.51,17.04,135.04,34.08,3.9624,Fail,498.78,1595.71,UB 533x210x82,UC 305x305x118,82.2,118.0,88.05,145.69,76677.89
1308,2,1,2,4.03,6.39,7.49,11.7,4.72,14.06,8.06,58.66,16.12,3.6391,Fail,315.71,583.77,UB 457x191x67,UC 305x305x97,67.1,96.9,79.17,88.66,11279.33
1309,4,3,2,3.47,6.61,5.29,22.72,8.69,21.47,13.88,74.55,27.76,2.6856,Fail,408.53,2157.91,UB 533x210x82,UC 305x305x118,82.2,118.0,72.12,136.24,53129.21
1310,1,1,2,4.05,5.5,7.03,9.05,11.73,4.15,4.05,4.52,8.1,0.5585,Pass,158.97,328.45,UB 305x165x40,UC 203x203x46,40.5,46.1,95.33,83.17,2927.34
1311,4,1,1,4.33,5.98,6.5,18.11,3.82,21.86,17.32,382.72,34.64,11.0484,Fail,1396.0,1374.58,UB 610x229x101,UC 305x305x118,101.2,118.0,176.26,253.33,18278.85
1312,4,2,1,3.45,5.74,5.18,28.05,10.8,13.06,13.8,58.99,27.6,2.1374,Fail,359.89,1830.97,UB 457x191x67,UC 305x305x118,67.1,118.0,90.25,115.28,20103.8
1313,5,2,3,3.98,4.57,6.09,10.11,9.98,17.86,19.9,175.58,39.8,4.4115,Fail,711.72,1573.72,UB 610x229x101,UC 305x305x118,101.2,118.0,89.86,192.1,74411.62
1314,5,3,2,3.71,4.84,5.32,23.67,14.95,23.2,18.55,127.64,37.1,3.4405,Fail,601.53,2841.92,UB 610x229x101,UC 305x305x118,101.2,118.0,75.95,199.7,69843.52
1315,2,3,3,4.24,4.04,5.67,8.76,2.87,24.42,8.48,44.2,16.96,2.606,Fail,230.23,331.59,UB 406x178x54,UC 305x305x97,54.3,96.9,76.81,79.58,25801.46
1316,3,3,1,3.3,4.38,5.83,7.37,10.12,14.86,9.9,21.84,19.8,1.1031,Fail,163.61,560.32,UB 305x165x40,UC 254x254x73,40.5,73.1,95.19,92.49,11815.92
1317,1,2,3,3.84,4.9,6.52,28.2,5.57,20.52,3.84,11.04,7.68,1.4371,Fail,192.53,571.57,UB 356x171x45,UC 254x254x73,45.0,73.1,90.34,70.41,7773.05
1318,4,3,3,3.46,6.5,5.61,11.37,9.03,16.48,13.84,56.13,27.68,2.0276,Fail,299.67,1434.93,UB 406x178x54,UC 305x305x118,54.3,118.0,99.97,97.73,57693.42
1319,1,3,1,3.15,4.87,4.71,19.09,3.65,13.06,3.15,2.47,6.3,0.3916,Pass,79.2,232.56,UB 305x165x40,UC 203x203x46,40.5,46.1,72.42,55.39,3108.15
1320,4,2,3,4.16,6.37,5.11,25.18,13.33,16.71,16.64,152.21,33.28,4.5736,Fail,615.98,2551.17,UB 610x229x101,UC 305x305x118,101.2,118.0,77.77,195.29,62807.6
1321,4,1,1,3.0,4.93,4.87,28.24,9.99,3.58,12.0,16.19,24.0,0.6747,Pass,172.16,1087.99,UB 356x171x45,UC 254x254x73,45.0,73.1,88.73,92.63,7036.8
1322,4,1,2,3.12,7.88,4.55,25.18,7.53,11.79,12.48,80.74,24.96,3.2348,Fail,507.96,1680.98,UB 533x210x82,UC 305x305x118,82.2,118.0,89.67,115.37,22592.83
1323,3,3,1,3.36,5.57,7.1,22.66,6.61,20.97,10.08,36.6,20.16,1.8155,Fail,260.41,1126.57,UB 406x178x54,UC 305x305x97,54.3,96.9,86.88,99.25,17884.49
1324,3,3,1,4.32,7.37,7.82,28.64,12.84,17.78,12.96,85.75,25.92,3.3084,Fail,449.18,1993.93,UB 533x210x82,UC 305x305x118,82.2,118.0,81.93,131.79,30852.54
1325,4,3,2,3.74,7.16,6.74,18.95,7.66,8.7,14.96,40.93,29.92,1.368,Fail,253.96,2144.46,UB 457x191x67,UC 305x305x118,67.1,118.0,77.87,98.84,52951.18
1326,1,2,2,4.16,5.38,5.7,20.42,13.39,23.02,4.16,17.09,8.32,2.0543,Fail,178.0,596.86,UB 406x178x54,UC 254x254x73,54.3,73.1,65.99,84.82,6346.73
1327,2,2,2,3.27,6.99,4.04,16.05,8.84,0.14,6.54,0.32,13.08,0.0242,Pass,159.62,821.32,UB 457x191x67,UC 254x254x73,67.1,73.1,67.77,78.57,13184.02
1328,3,2,1,4.37,7.66,6.01,5.32,5.55,16.18,13.11,117.36,26.22,4.4759,Fail,405.84,510.37,UB 533x210x82,UC 305x305x118,82.2,118.0,71.64,105.08,21283.9
1329,4,2,1,4.49,6.82,5.1,6.43,9.44,0.76,17.96,9.4,35.92,0.2616,Pass,109.55,877.4,UB 356x171x45,UC 254x254x73,45.0,73.1,97.51,75.35,15541.66
1330,4,3,3,3.68,4.7,7.0,21.19,9.09,2.6,14.72,9.45,29.44,0.3209,Pass,190.74,2018.78,UB 356x171x45,UC 305x305x97,45.0,96.9,89.5,96.84,48093.89
1331,3,1,3,4.34,4.61,6.94,26.77,3.71,10.49,13.02,99.43,26.04,3.8185,Fail,491.93,1361.75,UB 533x210x82,UC 305x305x118,82.2,118.0,86.84,118.2,27106.61
1332,1,1,2,3.96,4.25,4.39,18.6,14.78,4.85,3.96,4.49,7.92,0.5664,Pass,100.27,351.11,UB 305x165x40,UC 203x203x46,40.5,46.1,70.66,81.82,2322.89
1333,5,3,1,3.5,6.69,7.6,27.44,4.2,24.66,17.5,130.42,35.0,3.7264,Fail,581.95,2302.64,UB 610x229x101,UC 305x305x118,101.2,118.0,73.48,177.04,52213.24
1334,3,3,1,4.41,5.61,7.35,21.74,2.84,20.63,13.23,94.49,26.46,3.5711,Fail,401.84,960.21,UB 533x210x82,UC 305x305x118,82.2,118.0,70.93,112.22,28039.72
1335,5,1,3,3.4,4.69,4.18,20.21,10.95,10.23,17.0,103.61,34.0,3.0472,Fail,562.96,1718.74,UB 533x210x82,UC 305x305x118,82.2,118.0,99.38,128.7,34066.24
1336,1,2,2,3.84,4.47,5.87,25.9,3.12,23.26,3.84,12.19,7.68,1.5878,Fail,148.5,461.7,UB 305x165x40,UC 254x254x73,40.5,73.1,86.4,68.01,5038.96
1337,1,1,1,3.27,4.35,5.27,20.67,2.26,4.23,3.27,1.95,6.54,0.2989,Pass,69.05,155.21,UB 305x165x40,UC 152x152x30,40.5,30.0,52.04,91.41,1171.62
1338,1,1,3,3.56,4.33,6.9,11.17,12.89,16.06,3.56,10.08,7.12,1.4156,Fail,159.4,347.28,UB 305x165x40,UC 203x203x60,40.5,60.0,92.74,84.54,4086.96
1339,2,3,3,3.2,4.21,6.82,9.45,3.83,7.89,6.4,5.2,12.8,0.4063,Pass,81.26,422.4,UB 254x146x31,UC 203x203x46,31.1,46.1,74.62,76.34,12953.43
1340,2,1,2,4.33,4.71,5.18,22.44,5.44,12.25,8.66,57.74,17.32,3.3337,Fail,322.56,709.02,UB 457x191x67,UC 305x305x97,67.1,96.9,80.89,94.35,9711.79
1341,5,2,2,4.16,6.09,7.32,22.18,4.22,23.74,20.8,310.64,41.6,7.4674,Fail,1029.48,2519.87,UB 610x229x101,UC 305x305x118,101.2,118.0,129.98,289.13,62802.36
1342,5,2,1,3.81,4.84,6.81,13.67,12.54,19.91,19.05,172.04,38.1,4.5155,Fail,731.9,1527.61,UB 610x229x101,UC 305x305x118,101.2,118.0,92.41,193.4,33621.14
1343,2,2,3,4.45,6.21,6.97,11.72,8.67,5.27,8.9,18.52,17.8,1.0405,Fail,134.84,798.45,UB 356x171x45,UC 254x254x73,45.0,73.1,94.58,82.64,17923.98
1344,2,2,2,3.05,4.46,6.63,9.66,3.82,14.67,6.1,11.63,12.2,0.9532,Pass,106.79,443.73,UB 254x146x31,UC 203x203x60,31.1,60.0,98.07,99.65,7432.79
1345,3,3,2,3.99,7.61,5.29,7.62,6.67,22.53,11.97,83.45,23.94,3.4857,Fail,351.16,826.45,UB 457x191x67,UC 305x305x118,67.1,118.0,88.06,98.64,39255.57
1346,2,2,2,3.5,6.59,4.4,27.83,5.98,11.67,7.0,17.97,14.0,1.2836,Fail,226.67,1094.19,UB 457x191x67,UC 254x254x89,67.1,89.0,77.14,85.9,14456.15
1347,2,1,2,4.21,5.83,6.3,15.87,7.19,20.85,8.42,97.21,16.84,5.7725,Fail,494.34,747.56,UB 533x210x82,UC 305x305x118,82.2,118.0,87.26,109.79,12979.6
1348,3,3,2,3.9,5.93,5.6,6.0,14.08,5.86,11.7,17.83,23.4,0.7619,Pass,131.19,1062.31,UB 356x171x45,UC 254x254x73,45.0,73.1,81.11,93.17,23516.19
1349,5,1,2,3.64,5.08,6.31,19.83,4.13,4.16,18.2,55.25,36.4,1.5178,Fail,283.31,1631.62,UB 406x178x54,UC 305x305x118,54.3,118.0,94.52,86.52,23875.92
1350,3,3,3,4.41,4.79,7.89,23.8,3.69,8.33,13.23,35.88,26.46,1.3559,Fail,220.55,1480.5,UB 406x178x54,UC 305x305x97,54.3,96.9,73.58,98.81,45298.66
1351,1,1,2,4.19,4.57,5.38,14.9,7.99,16.47,4.19,19.14,8.38,2.2836,Fail,143.77,302.86,UB 305x165x40,UC 254x254x73,40.5,73.1,83.65,69.68,3264.55
1352,2,1,2,3.46,4.74,7.43,15.91,11.41,3.85,6.92,8.21,13.84,0.593,Pass,211.77,821.15,UB 356x171x45,UC 254x254x73,45.0,73.1,99.37,79.8,6989.71
1353,5,2,1,3.72,5.38,5.88,22.17,11.08,22.82,18.6,190.57,37.2,5.1228,Fail,808.23,1939.91,UB 610x229x101,UC 305x305x118,101.2,118.0,102.05,219.47,32983.76
1354,4,2,3,3.36,7.67,5.55,12.96,14.16,10.0,13.44,48.59,26.88,1.8077,Fail,315.48,2106.42,UB 457x191x67,UC 305x305x118,67.1,118.0,97.55,105.88,48906.64
1355,3,2,3,4.1,5.7,5.58,6.79,8.35,18.51,12.3,93.15,24.6,3.7864,Fail,410.26,760.47,UB 533x210x82,UC 305x305x118,82.2,118.0,72.42,112.62,41046.01
1356,5,1,1,4.33,4.71,4.94,14.06,8.52,0.04,21.65,0.95,43.3,0.022,Pass,59.23,768.03,UB 305x165x40,UC 203x203x60,40.5,60.0,65.05,88.35,9104.25
1357,5,2,1,3.97,4.55,4.75,10.28,7.66,8.49,19.85,82.59,39.7,2.0803,Fail,348.66,868.26,UB 457x191x67,UC 305x305x118,67.1,118.0,87.44,94.62,24940.78
1358,2,2,1,3.43,5.55,7.29,5.87,14.46,10.54,6.86,13.94,13.72,1.0161,Fail,125.91,561.66,UB 305x165x40,UC 254x254x73,40.5,73.1,95.83,70.9,6578.47
1359,2,2,3,3.78,4.43,7.22,13.66,11.52,16.4,7.56,28.09,15.12,1.858,Fail,190.2,867.96,UB 356x171x45,UC 305x305x97,45.0,96.9,89.24,82.0,17828.57
1360,4,1,1,3.48,6.3,5.54,16.37,8.32,24.0,13.92,205.42,27.84,7.3785,Fail,998.99,1151.01,UB 610x229x101,UC 305x305x118,101.2,118.0,126.14,184.21,16155.9
1361,4,2,1,3.45,5.03,6.54,20.09,12.43,11.26,13.8,47.61,27.6,1.7248,Fail,294.86,1534.51,UB 406x178x54,UC 305x305x118,54.3,118.0,98.37,97.97,18401.93
1362,3,2,3,3.5,6.14,5.46,24.64,14.75,13.29,10.5,39.89,21.0,1.8994,Fail,302.92,1998.4,UB 457x191x67,UC 305x305x118,67.1,118.0,75.97,104.95,34647.74
1363,4,3,1,3.23,5.35,7.74,19.75,4.57,20.32,12.92,49.29,25.84,1.9077,Fail,309.85,1253.06,UB 457x191x67,UC 305x305x118,67.1,118.0,77.71,95.63,29121.78
1364,4,2,1,3.7,4.16,7.47,16.51,2.65,14.98,14.8,74.48,29.6,2.5161,Fail,398.47,826.77,UB 457x191x67,UC 305x305x118,67.1,118.0,99.93,105.89,20959.42
1365,3,2,2,3.51,5.18,7.28,18.57,4.32,8.92,10.53,24.88,21.06,1.1812,Fail,173.31,1245.89,UB 356x171x45,UC 305x305x97,45.0,96.9,81.32,83.23,19275.81
1366,1,2,2,3.45,4.14,4.45,23.3,8.91,9.91,3.45,3.43,6.9,0.4969,Pass,96.86,437.56,UB 305x165x40,UC 203x203x46,40.5,46.1,63.02,78.33,3518.77
1367,2,1,3,3.14,6.91,6.53,15.78,5.57,24.3,6.28,44.4,12.56,3.5353,Fail,345.68,669.12,UB 457x191x67,UC 305x305x97,67.1,96.9,86.69,94.55,13835.5
1368,5,1,3,4.23,6.28,4.16,13.16,2.5,15.23,21.15,375.86,42.3,8.8856,Fail,1219.42,1393.02,UB 610x229x101,UC 305x305x118,101.2,118.0,153.97,221.6,45306.08
1369,1,2,3,4.47,4.32,7.71,23.73,7.49,0.56,4.47,0.52,8.94,0.0586,Pass,251.1,566.22,UB 406x178x54,UC 203x203x60,54.3,60.0,83.77,99.92,8862.89
1370,3,3,3,4.11,4.32,7.65,29.13,12.32,14.27,12.33,45.87,24.66,1.86,Fail,317.63,2142.9,UB 457x191x67,UC 305x305x118,67.1,118.0,79.66,115.3,52193.77
1371,3,3,3,3.81,7.17,6.78,6.22,9.45,5.38,11.43,16.55,22.86,0.7241,Pass,137.29,971.46,UB 406x178x54,UC 254x254x73,54.3,73.1,72.39,83.71,40637.99
1372,4,2,3,4.03,4.74,6.01,6.14,7.18,4.53,16.12,32.18,32.24,0.9983,Pass,154.51,837.35,UB 305x165x40,UC 254x254x89,40.5,89.0,89.9,83.98,32121.78
1373,3,2,1,3.61,4.07,5.66,8.24,5.47,14.98,10.83,41.6,21.66,1.9208,Fail,259.0,403.62,UB 406x178x54,UC 305x305x97,54.3,96.9,86.4,83.04,11714.62
1374,3,1,1,3.34,6.84,4.88,20.28,11.47,15.23,10.02,71.39,20.04,3.5622,Fail,470.31,884.37,UB 533x210x82,UC 305x305x118,82.2,118.0,83.02,94.89,10509.74
1375,4,3,2,3.95,5.32,5.56,28.25,2.16,8.51,15.8,41.72,31.6,1.3201,Fail,226.96,1874.4,UB 406x178x54,UC 305x305x118,54.3,118.0,75.72,94.78,42433.39
1376,3,2,1,3.69,6.97,4.84,22.44,10.75,6.39,11.07,24.67,22.14,1.1142,Fail,256.36,1347.42,UB 457x191x67,UC 254x254x89,67.1,89.0,89.59,99.98,14446.5
1377,1,3,3,4.45,6.53,6.25,13.63,4.7,24.62,4.45,17.87,8.9,2.0081,Fail,136.34,342.59,UB 356x171x45,UC 203x203x60,45.0,60.0,98.86,96.9,11173.2
1378,3,2,2,4.13,5.81,5.87,8.9,9.6,15.61,12.39,81.32,24.78,3.2815,Fail,364.08,981.11,UB 457x191x67,UC 305x305x118,67.1,118.0,91.31,106.75,27265.28
1379,5,2,2,4.49,4.09,7.89,18.91,8.38,5.87,22.45,85.06,44.9,1.8944,Fail,324.35,2342.63,UB 457x191x67,UC 305x305x118,67.1,118.0,81.34,135.81,47957.64
1380,5,1,2,3.91,7.4,4.39,10.46,14.9,14.27,19.55,296.91,39.1,7.5936,Fail,1025.98,1822.95,UB 610x229x101,UC 305x305x118,101.2,118.0,129.54,202.4,33959.96
1381,2,1,3,4.47,6.2,5.41,10.44,13.71,6.97,8.94,41.31,17.88,2.3105,Fail,234.32,647.65,UB 406x178x54,UC 254x254x89,54.3,89.0,78.17,86.9,12583.72
1382,3,3,1,4.0,6.75,6.53,20.91,8.53,13.31,12.0,46.98,24.0,1.9576,Fail,278.47,1254.21,UB 457x191x67,UC 305x305x118,67.1,118.0,72.18,82.28,24738.61
1383,2,2,2,4.14,5.15,7.7,8.92,13.35,10.0,8.28,25.17,16.56,1.5198,Fail,191.14,887.0,UB 356x171x45,UC 254x254x89,45.0,89.0,89.69,87.83,13571.28
1384,1,3,2,4.14,6.62,6.73,7.46,9.54,10.45,4.14,5.87,8.28,0.7087,Pass,119.74,357.78,UB 356x171x45,UC 203x203x46,45.0,46.1,95.53,88.8,7394.15
1385,4,2,1,3.95,6.48,4.55,20.5,14.99,14.99,15.8,115.1,31.6,3.6424,Fail,511.35,1794.81,UB 533x210x82,UC 305x305x118,82.2,118.0,90.26,148.39,24197.02
1386,4,1,2,3.91,4.67,6.5,22.11,14.37,0.57,15.64,6.26,31.28,0.2,Pass,208.78,1916.15,UB 356x171x45,UC 305x305x97,45.0,96.9,97.96,94.87,16294.9
1387,5,3,2,3.83,7.45,7.4,9.03,6.8,21.87,19.15,167.11,38.3,4.3632,Fail,573.53,1731.94,UB 610x229x101,UC 305x305x118,101.2,118.0,72.42,168.86,90998.9
1388,2,2,3,4.38,5.29,5.17,27.36,4.69,11.53,8.76,35.94,17.52,2.0514,Fail,206.57,968.32,UB 356x171x45,UC 305x305x97,45.0,96.9,96.92,85.43,18182.63
1389,2,3,3,3.67,4.97,4.71,16.54,10.34,20.09,7.34,23.07,14.68,1.5713,Fail,172.1,761.21,UB 356x171x45,UC 254x254x89,45.0,89.0,80.75,86.04,20906.56
1390,3,1,1,3.69,7.85,4.03,5.81,10.8,21.68,11.07,154.5,22.14,6.9783,Fail,697.88,580.75,UB 610x229x101,UC 305x305x118,101.2,118.0,88.12,129.76,12438.58
1391,4,2,1,4.17,7.83,7.53,18.43,11.31,15.17,16.68,155.44,33.36,4.6596,Fail,579.4,1984.44,UB 610x229x101,UC 305x305x118,101.2,118.0,73.16,167.88,33632.21
1392,5,3,1,3.66,7.31,4.24,25.29,12.77,18.13,18.3,117.57,36.6,3.2122,Fail,529.98,2545.88,UB 533x210x82,UC 305x305x118,82.2,118.0,93.55,164.08,42272.22
1393,1,2,2,4.07,6.05,6.6,15.71,3.61,3.65,4.07,2.61,8.14,0.3204,Pass,125.74,381.38,UB 356x171x45,UC 203x203x46,45.0,46.1,82.87,78.15,5104.14
1394,3,3,1,4.08,5.47,6.63,8.55,5.16,12.06,12.24,41.42,24.48,1.692,Fail,201.66,520.46,UB 356x171x45,UC 254x254x89,45.0,89.0,94.62,88.38,16725.78
1395,3,1,2,3.96,4.3,7.6,17.29,5.18,6.5,11.88,43.34,23.76,1.8239,Fail,259.15,1059.32,UB 406x178x54,UC 305x305x97,54.3,96.9,86.46,87.66,13960.6
1396,3,3,2,3.5,5.8,5.03,11.88,2.46,3.5,10.5,7.23,21.0,0.344,Pass,77.6,670.68,UB 305x165x40,UC 203x203x46,40.5,46.1,77.15,97.8,17040.06
1397,5,2,1,3.33,5.48,5.45,12.28,14.28,3.96,16.65,22.82,33.3,0.6853,Pass,160.3,1565.55,UB 356x171x45,UC 254x254x89,45.0,89.0,84.66,99.37,17501.85
1398,3,2,3,3.66,5.18,6.97,22.38,3.9,7.31,10.98,23.64,21.96,1.0763,Fail,165.29,1360.39,UB 356x171x45,UC 305x305x97,45.0,96.9,77.55,83.81,26830.49
1399,4,2,3,3.34,7.4,6.33,8.71,2.16,9.1,13.36,42.32,26.72,1.5838,Fail,212.42,846.67,UB 356x171x45,UC 254x254x89,45.0,89.0,99.67,99.37,35179.08
1400,5,3,3,3.61,6.47,4.68,13.61,4.03,21.32,18.05,123.04,36.1,3.4084,Fail,499.67,1392.59,UB 533x210x82,UC 305x305x118,82.2,118.0,88.2,141.91,89070.2
1401,3,3,2,3.57,7.7,6.59,26.77,8.27,12.1,10.71,30.94,21.42,1.4445,Fail,321.6,2175.65,UB 533x210x82,UC 305x305x118,82.2,118.0,78.93,98.68,45255.49
1402,4,1,3,4.42,5.37,5.24,10.61,5.62,19.45,17.68,346.75,35.36,9.8064,Fail,1289.22,1382.78,UB 610x229x101,UC 305x305x118,101.2,118.0,162.78,237.56,38111.94
1403,1,3,1,3.53,5.84,7.65,27.66,12.92,21.14,3.53,6.41,7.06,0.9077,Pass,243.85,562.9,UB 457x191x67,UC 254x254x73,67.1,73.1,64.43,91.31,6468.79
1404,5,1,3,3.3,6.66,5.59,7.47,6.28,1.68,16.5,18.62,33.0,0.5643,Pass,123.13,911.95,UB 356x171x45,UC 254x254x73,45.0,73.1,78.68,74.33,23189.7
1405,5,3,3,3.81,4.32,7.19,16.17,8.8,6.12,19.05,35.28,38.1,0.926,Pass,185.27,2047.72,UB 356x171x45,UC 305x305x118,45.0,118.0,86.93,93.49,67043.4
1406,2,3,3,4.29,4.91,6.87,9.44,14.73,6.64,8.58,13.39,17.16,0.7805,Pass,156.08,852.52,UB 305x165x40,UC 254x254x73,40.5,73.1,90.81,78.65,21485.33
1407,3,1,3,3.29,7.32,4.25,27.58,8.79,1.52,9.87,7.17,19.74,0.3631,Pass,224.97,1226.13,UB 533x210x82,UC 305x305x97,82.2,96.9,70.39,86.29,21159.97
1408,2,1,3,4.14,5.91,4.39,27.04,2.66,19.75,8.28,87.34,16.56,5.2741,Fail,474.63,714.44,UB 533x210x82,UC 305x305x118,82.2,118.0,83.78,102.54,16033.03
1409,1,1,2,3.17,4.33,4.79,18.56,4.79,12.18,3.17,5.01,6.34,0.7895,Pass,80.08,260.83,UB 305x165x40,UC 203x203x46,40.5,46.1,52.27,76.89,2178.9
1410,5,1,3,3.64,7.62,6.88,16.07,10.35,14.72,18.2,245.76,36.4,6.7516,Fail,931.59,2308.24,UB 610x229x101,UC 305x305x118,101.2,118.0,117.62,201.11,53491.36
1411,5,2,1,3.38,5.63,5.08,20.78,6.27,12.08,16.9,74.15,33.8,2.1938,Fail,378.7,1538.31,UB 457x191x67,UC 305x305x118,67.1,118.0,94.97,115.16,24633.68
1412,3,3,2,3.4,6.13,5.36,21.95,8.54,15.65,10.2,29.88,20.4,1.4647,Fail,235.68,1532.03,UB 406x178x54,UC 305x305x97,54.3,96.9,88.03,99.89,27832.9
1413,1,1,2,3.01,7.57,6.04,17.39,4.32,19.01,3.01,8.25,6.02,1.3696,Fail,153.59,329.96,UB 457x191x67,UC 254x254x73,67.1,73.1,75.08,71.96,4465.16
1414,3,1,2,3.51,6.75,7.29,9.84,3.41,5.8,10.53,31.92,21.06,1.5158,Fail,196.9,660.15,UB 356x171x45,UC 254x254x73,45.0,73.1,92.39,90.92,11288.81
1415,3,3,2,3.48,6.12,4.41,12.5,9.92,14.28,10.44,29.51,20.88,1.4132,Fail,203.34,1047.81,UB 356x171x45,UC 254x254x89,45.0,89.0,99.54,99.83,23348.52
1416,2,2,1,3.29,5.58,4.69,8.95,10.61,8.14,6.58,9.32,13.16,0.7085,Pass,106.45,459.84,UB 305x165x40,UC 203x203x60,40.5,60.0,93.71,76.96,5316.39
1417,5,2,3,3.89,5.67,6.91,10.72,5.42,23.36,19.45,233.7,38.9,6.0078,Fail,864.88,1470.0,UB 610x229x101,UC 305x305x118,101.2,118.0,109.2,225.59,81961.5
1418,3,2,1,3.46,6.91,7.32,12.88,6.0,14.08,10.38,43.12,20.76,2.0769,Fail,256.37,857.48,UB 406x178x54,UC 305x305x97,54.3,96.9,85.53,90.19,14114.77
1419,4,1,2,3.08,5.64,6.58,8.5,7.94,6.86,12.32,36.48,24.64,1.4804,Fail,246.53,997.16,UB 406x178x54,UC 254x254x89,54.3,89.0,82.24,95.41,15970.61
1420,2,1,3,4.08,5.18,5.49,13.05,12.28,8.14,8.16,32.27,16.32,1.977,Fail,211.95,646.99,UB 356x171x45,UC 254x254x89,45.0,89.0,99.45,82.03,10639.32
1421,5,3,1,4.2,6.47,5.76,11.85,2.97,4.01,21.0,39.13,42.0,0.9316,Pass,159.12,966.91,UB 356x171x45,UC 254x254x89,45.0,89.0,77.75,85.37,28870.5
1422,4,3,3,3.7,7.88,4.18,21.49,10.94,22.72,14.8,108.39,29.6,3.662,Fail,514.98,2238.48,UB 533x210x82,UC 305x305x118,82.2,118.0,90.91,155.31,75526.34
1423,4,1,2,4.48,6.34,4.24,6.4,6.45,13.45,17.92,272.86,35.84,7.6133,Fail,918.17,911.19,UB 610x229x101,UC 305x305x118,101.2,118.0,115.93,167.61,27252.06
1424,4,2,1,3.71,7.52,4.3,29.43,11.52,20.61,14.84,138.42,29.68,4.6636,Fail,644.24,2257.94,UB 610x229x101,UC 305x305x118,101.2,118.0,81.34,181.07,27905.02
1425,2,3,2,3.86,6.25,5.75,13.2,9.11,16.52,7.72,24.91,15.44,1.6131,Fail,176.79,802.99,UB 406x178x54,UC 254x254x89,54.3,89.0,68.27,84.08,19349.31
1426,5,3,2,4.03,4.56,7.08,26.77,11.09,18.48,20.15,132.81,40.3,3.2955,Fail,570.27,3190.98,UB 610x229x101,UC 305x305x118,101.2,118.0,72.0,206.06,77958.48
1427,3,2,3,4.33,4.74,5.87,16.52,6.33,16.94,12.99,95.8,25.98,3.6873,Fail,431.36,1046.49,UB 533x210x82,UC 305x305x118,82.2,118.0,76.14,123.68,40772.79
1428,3,2,3,4.12,4.09,4.48,15.27,7.15,12.16,12.36,54.41,24.72,2.201,Fail,286.71,828.49,UB 406x178x54,UC 305x305x118,54.3,118.0,95.65,84.3,29399.98
1429,1,3,1,4.37,6.05,4.06,15.93,2.42,12.61,4.37,8.39,8.74,0.96,Pass,104.12,210.0,UB 356x171x45,UC 203x203x46,45.0,46.1,78.71,76.69,3975.96
1430,3,3,2,3.42,5.34,4.27,6.89,3.2,13.96,10.26,25.39,20.52,1.2371,Fail,157.76,427.42,UB 305x165x40,UC 254x254x73,40.5,73.1,91.79,87.07,18989.8
1431,1,3,1,4.2,7.39,4.35,28.06,9.93,24.82,4.2,15.24,8.4,1.8137,Fail,303.6,521.58,UB 533x210x82,UC 254x254x73,82.2,73.1,75.65,97.78,7531.19
1432,1,3,2,4.23,5.86,7.56,29.86,3.98,8.26,4.23,4.86,8.46,0.5749,Pass,284.92,686.09,UB 406x178x54,UC 254x254x73,54.3,73.1,95.05,71.4,9858.4
1433,2,3,3,3.51,6.11,6.77,25.51,7.62,0.54,7.02,0.74,14.04,0.0526,Pass,198.81,1220.06,UB 406x178x54,UC 254x254x73,54.3,73.1,94.71,99.41,24995.81
1434,5,2,1,3.94,5.56,4.03,13.06,3.96,21.39,19.7,221.58,39.4,5.6239,Fail,817.85,973.29,UB 610x229x101,UC 305x305x118,101.2,118.0,103.26,199.57,31318.58
1435,5,3,2,3.8,6.61,4.8,25.54,14.03,22.33,19.0,155.68,38.0,4.0969,Fail,643.53,3244.45,UB 610x229x101,UC 305x305x118,101.2,118.0,81.25,214.71,76436.34
1436,5,1,1,4.16,4.82,4.73,5.66,9.82,21.12,20.8,434.07,41.6,10.4344,Fail,1632.69,1803.1,UB 610x229x101,UC 305x305x118,101.2,118.0,206.15,292.43,19482.2
1437,2,3,2,4.43,5.31,5.26,10.75,4.71,7.57,8.86,17.61,17.72,0.9937,Pass,100.14,488.52,UB 305x165x40,UC 203x203x60,40.5,60.0,63.82,97.52,13658.67
1438,4,2,1,4.4,4.87,5.42,8.43,13.69,10.99,17.6,107.81,35.2,3.0627,Fail,426.07,975.42,UB 533x210x82,UC 305x305x118,82.2,118.0,75.21,115.66,24212.11
1439,4,1,2,4.3,7.42,4.83,6.23,7.7,4.97,17.2,95.75,34.4,2.7834,Fail,351.71,792.59,UB 457x191x67,UC 305x305x97,67.1,96.9,88.2,92.45,21160.15
1440,4,3,1,3.14,4.7,7.65,23.11,3.58,18.92,12.56,39.06,25.12,1.555,Fail,274.44,1261.05,UB 406x178x54,UC 305x305x118,54.3,118.0,91.56,88.21,24628.0
1441,1,2,3,3.91,7.0,5.27,9.77,14.81,19.99,3.91,12.88,7.82,1.6473,Fail,203.1,469.79,UB 457x191x67,UC 254x254x73,67.1,73.1,67.21,73.71,10370.0
1442,3,2,2,3.76,7.78,4.06,14.5,7.46,24.04,11.28,104.48,22.56,4.6311,Fail,481.02,1145.87,UB 533x210x82,UC 305x305x118,82.2,118.0,84.91,132.06,29497.82
1443,1,2,2,4.42,7.35,5.74,26.2,5.91,24.99,4.42,25.56,8.84,2.8913,Fail,287.47,651.36,UB 533x210x82,UC 254x254x89,82.2,89.0,62.91,89.74,9996.41
1444,1,3,3,4.22,7.5,4.06,29.11,11.49,22.43,4.22,14.1,8.44,1.6708,Fail,329.25,688.39,UB 533x210x82,UC 254x254x89,82.2,89.0,84.51,90.3,17412.06
1445,1,1,1,3.27,4.04,6.07,8.51,8.11,0.97,3.27,0.44,6.54,0.0673,Pass,66.72,120.72,UB 254x146x31,UC 152x152x30,31.1,30.0,61.27,83.05,1021.24
1446,5,1,3,3.99,5.49,5.66,8.94,4.24,23.41,19.95,441.81,39.9,11.0729,Fail,1645.83,1844.18,UB 610x229x101,UC 305x305x118,101.2,118.0,207.81,297.4,47128.32
1447,2,3,3,3.27,7.52,4.44,9.06,8.47,7.65,6.54,7.11,13.08,0.5436,Pass,143.41,614.83,UB 406x178x54,UC 203x203x60,54.3,60.0,93.43,93.39,21864.67
1448,3,2,3,3.48,7.13,5.33,27.22,2.44,21.8,10.44,69.26,20.88,3.3172,Fail,406.08,1565.18,UB 533x210x82,UC 305x305x118,82.2,118.0,71.68,121.44,40678.51
1449,4,1,3,3.57,6.39,6.1,8.95,2.19,22.43,14.28,210.99,28.56,7.3875,Fail,945.23,962.86,UB 610x229x101,UC 305x305x118,101.2,118.0,119.35,173.94,38642.69
1450,1,2,1,3.17,5.9,7.93,26.4,8.98,3.36,3.17,1.0,6.34,0.1585,Pass,218.37,513.56,UB 406x178x54,UC 254x254x73,54.3,73.1,91.07,86.32,3963.64
1451,5,3,1,3.47,5.88,7.61,8.2,10.53,9.14,17.35,43.8,34.7,1.2623,Fail,225.05,1312.65,UB 406x178x54,UC 305x305x97,54.3,96.9,75.08,95.93,31292.7
1452,5,3,3,3.14,5.97,7.32,19.28,3.64,12.87,15.7,44.11,31.4,1.4048,Fail,260.69,2131.55,UB 406x178x54,UC 305x305x118,54.3,118.0,86.97,106.18,72940.42
1453,2,1,3,3.12,4.38,5.62,27.17,3.37,5.66,6.24,8.09,12.48,0.6479,Pass,124.33,692.95,UB 305x165x40,UC 203x203x60,40.5,60.0,72.34,89.16,7145.64
1454,2,3,3,3.45,6.84,5.85,19.77,8.72,24.69,6.9,26.04,13.8,1.8873,Fail,234.29,1043.12,UB 457x191x67,UC 305x305x97,67.1,96.9,72.68,82.38,31133.74
1455,3,1,2,3.63,6.64,6.32,28.37,2.44,22.65,10.89,138.4,21.78,6.3544,Fail,738.25,1455.43,UB 610x229x101,UC 305x305x118,101.2,118.0,93.21,158.16,21432.84
1456,4,3,1,4.19,7.92,4.06,20.87,12.86,5.95,16.76,43.84,33.52,1.3078,Fail,331.81,1917.22,UB 533x210x82,UC 305x305x118,82.2,118.0,82.68,95.23,36785.73
1457,4,2,1,3.86,5.94,5.38,20.72,12.62,14.43,15.44,97.84,30.88,3.1683,Fail,459.46,1648.02,UB 533x210x82,UC 305x305x118,82.2,118.0,81.1,135.75,24050.64
1458,4,1,2,3.93,6.18,4.47,11.98,11.99,23.1,15.72,295.41,31.44,9.396,Fail,1220.28,1478.06,UB 610x229x101,UC 305x305x118,101.2,118.0,154.08,228.63,25872.58
1459,3,1,2,3.51,7.49,7.09,16.41,3.25,21.41,10.53,125.26,21.06,5.9476,Fail,635.88,1062.44,UB 610x229x101,UC 305x305x118,101.2,118.0,80.29,132.4,22887.23
1460,5,2,1,4.17,5.71,4.1,18.58,3.23,24.38,20.85,311.69,41.7,7.4746,Fail,1049.79,1234.87,UB 610x229x101,UC 305x305x118,101.2,118.0,132.55,255.36,32542.64
1461,1,1,3,4.07,4.51,5.39,16.31,9.19,23.49,4.07,24.42,8.14,3.0001,Fail,186.95,325.5,UB 356x171x45,UC 254x254x73,45.0,73.1,87.72,86.44,4647.24
1462,5,1,2,4.23,7.54,6.04,8.54,10.85,19.4,21.15,531.35,42.3,12.5614,Fail,1555.62,1924.06,UB 610x229x101,UC 305x305x118,101.2,118.0,196.42,288.74,38644.88
1463,2,3,3,3.53,6.4,4.61,26.5,8.83,20.01,7.06,22.26,14.12,1.5765,Fail,236.91,1116.55,UB 457x191x67,UC 254x254x89,67.1,89.0,73.83,96.27,27783.94
1464,3,3,1,4.04,7.99,4.67,8.97,10.85,15.87,12.12,63.03,24.24,2.6001,Fail,304.54,897.04,UB 457x191x67,UC 305x305x97,67.1,96.9,80.59,99.47,22806.03
1465,5,1,3,3.23,7.77,6.44,26.46,5.62,23.98,16.15,273.01,32.3,8.4524,Fail,1178.07,2673.13,UB 610x229x101,UC 305x305x118,101.2,118.0,148.75,246.2,50523.92
1466,4,2,2,4.35,7.89,7.57,16.7,3.77,23.45,17.4,278.82,34.8,8.0122,Fail,851.95,1831.04,UB 610x229x101,UC 305x305x118,101.2,118.0,107.57,236.36,56028.05
1467,1,1,2,4.06,6.67,4.84,23.34,9.72,1.67,4.06,2.0,8.12,0.2466,Pass,134.46,415.82,UB 457x191x67,UC 254x254x73,67.1,73.1,78.21,69.79,4422.44
1468,4,1,1,3.72,4.64,7.89,29.41,14.72,9.78,14.88,89.71,29.76,3.0146,Fail,514.25,1758.3,UB 533x210x82,UC 305x305x118,82.2,118.0,90.78,124.82,15263.09
1469,2,3,2,3.59,4.77,7.34,6.76,14.52,6.91,7.18,7.24,14.36,0.5044,Pass,166.04,795.88,UB 305x165x40,UC 254x254x73,40.5,73.1,96.6,70.36,14531.95
1470,4,1,3,4.11,7.78,4.61,16.08,10.74,19.01,16.44,323.44,32.88,9.837,Fail,1140.02,1601.1,UB 610x229x101,UC 305x305x118,101.2,118.0,143.94,219.11,39313.5
1471,1,3,1,3.78,6.1,7.09,19.96,5.02,10.96,3.78,4.32,7.56,0.5717,Pass,132.73,342.01,UB 406x178x54,UC 203x203x46,54.3,46.1,71.06,95.21,4921.39
1472,1,3,3,3.92,4.61,7.52,23.86,11.36,21.88,3.92,9.05,7.84,1.1545,Fail,271.14,630.13,UB 406x178x54,UC 254x254x73,54.3,73.1,90.45,72.09,12488.74
1473,1,2,2,3.17,5.87,6.34,26.91,10.99,19.86,3.17,5.66,6.34,0.8921,Pass,225.97,721.34,UB 406x178x54,UC 254x254x73,54.3,73.1,96.08,77.92,6063.56
1474,3,1,3,3.15,7.99,6.41,19.98,6.71,21.73,9.45,92.03,18.9,4.8693,Fail,571.89,1287.91,UB 610x229x101,UC 305x305x118,101.2,118.0,72.21,123.67,30300.31
1475,4,3,2,3.63,6.55,7.46,12.01,11.41,6.9,14.52,27.93,29.04,0.9618,Pass,189.5,1944.87,UB 406x178x54,UC 305x305x118,54.3,118.0,82.49,83.38,46326.76
1476,3,3,3,3.49,6.67,5.0,13.92,2.17,17.83,10.47,38.79,20.94,1.8526,Fail,226.87,795.72,UB 406x178x54,UC 305x305x97,54.3,96.9,75.69,83.14,39045.2
1477,4,1,3,3.74,6.36,6.66,7.6,12.15,17.71,14.96,194.49,29.92,6.5003,Fail,854.14,1423.64,UB 610x229x101,UC 305x305x118,101.2,118.0,107.85,170.84,40596.16
1478,5,3,3,3.56,6.08,7.7,14.56,9.82,14.76,17.8,78.61,35.6,2.2081,Fail,367.33,2419.97,UB 457x191x67,UC 305x305x118,67.1,118.0,92.12,138.86,89084.68
1479,1,3,1,3.18,7.06,5.44,21.82,13.75,10.55,3.18,2.47,6.36,0.3879,Pass,242.51,503.96,UB 457x191x67,UC 254x254x73,67.1,73.1,99.78,77.28,6162.12
1480,4,3,3,3.06,6.59,5.76,16.52,13.22,0.93,12.24,2.31,24.48,0.0943,Pass,165.99,2121.64,UB 457x191x67,UC 305x305x97,67.1,96.9,67.85,99.11,58753.78
1481,4,3,3,4.17,6.68,4.1,19.17,2.31,23.65,16.68,155.94,33.36,4.6745,Fail,575.21,1304.47,UB 610x229x101,UC 305x305x118,101.2,118.0,72.63,157.19,83856.77
1482,1,2,2,4.2,6.92,7.4,11.34,12.64,8.6,4.2,7.18,8.4,0.8546,Pass,202.34,552.81,UB 406x178x54,UC 203x203x60,54.3,60.0,99.59,99.75,6933.46
1483,2,2,2,4.18,5.3,6.8,20.87,11.99,4.01,8.36,10.61,16.72,0.6343,Pass,215.77,1206.53,UB 406x178x54,UC 254x254x89,54.3,89.0,71.98,83.41,14580.72
1484,5,3,3,3.48,5.61,5.39,25.39,12.98,21.42,17.4,101.16,34.8,2.907,Fail,509.55,3009.07,UB 533x210x82,UC 305x305x118,82.2,118.0,89.95,181.56,87103.2
1485,3,2,3,3.81,7.22,7.86,12.91,5.98,22.85,11.43,99.85,22.86,4.3681,Fail,451.99,1236.47,UB 533x210x82,UC 305x305x118,82.2,118.0,79.79,132.53,47872.98
1486,1,3,2,3.47,5.99,4.74,14.57,5.44,17.68,3.47,5.06,6.94,0.7287,Pass,109.26,326.72,UB 356x171x45,UC 203x203x46,45.0,46.1,83.3,82.37,6051.95
1487,3,2,2,4.34,7.02,7.84,13.07,3.45,14.55,13.02,98.66,26.04,3.7889,Fail,379.39,1079.48,UB 457x191x67,UC 305x305x118,67.1,118.0,95.15,113.06,31775.15
1488,5,3,3,3.84,7.03,6.15,14.95,11.04,4.97,19.2,37.27,38.4,0.9705,Pass,222.69,2465.8,UB 457x191x67,UC 305x305x118,67.1,118.0,71.98,101.3,89312.28
1489,1,3,3,4.37,6.65,7.41,8.64,6.42,8.84,4.37,6.06,8.74,0.6928,Pass,114.16,315.69,UB 356x171x45,UC 203x203x46,45.0,46.1,85.79,80.47,10815.71
1490,2,2,1,4.27,6.95,7.51,24.96,9.97,24.27,8.54,76.99,17.08,4.5074,Fail,397.81,1077.91,UB 457x191x67,UC 305x305x118,67.1,118.0,99.77,111.38,12800.61
1491,3,1,2,4.24,4.98,4.62,29.82,2.34,5.61,12.72,50.65,25.44,1.9911,Fail,281.48,1062.94,UB 406x178x54,UC 305x305x97,54.3,96.9,93.9,90.9,12839.53
1492,2,1,1,3.66,7.25,4.58,12.42,14.54,21.44,7.32,68.21,14.64,4.6591,Fail,434.76,527.67,UB 533x210x82,UC 305x305x118,82.2,118.0,76.74,86.05,7344.74
1493,4,2,2,3.83,7.99,4.77,9.65,8.74,9.99,15.32,77.43,30.64,2.5272,Fail,331.18,1386.96,UB 457x191x67,UC 305x305x118,67.1,118.0,83.06,100.64,36818.54
1494,5,2,3,3.39,7.19,5.46,25.04,7.61,9.11,16.95,64.92,33.9,1.915,Fail,361.53,2918.08,UB 457x191x67,UC 305x305x118,67.1,118.0,96.75,138.04,59785.63
1495,2,2,3,3.54,7.83,4.54,26.5,14.82,6.17,7.08,10.95,14.16,0.7735,Pass,340.37,1502.03,UB 533x210x82,UC 305x305x118,82.2,118.0,97.87,86.21,27040.68
1496,5,3,1,3.14,7.67,7.94,22.71,8.96,2.62,15.7,10.73,31.4,0.3416,Pass,248.79,2585.53,UB 533x210x82,UC 305x305x118,82.2,118.0,70.51,104.68,46788.38
1497,5,1,3,3.52,6.81,7.91,25.53,4.91,6.73,17.6,93.71,35.2,2.6622,Fail,456.52,2544.04,UB 533x210x82,UC 305x305x118,82.2,118.0,80.59,134.84,47316.1
1498,1,2,3,3.66,6.36,4.26,29.89,2.29,11.21,3.66,5.53,7.32,0.755,Pass,192.32,505.72,UB 457x191x67,UC 203x203x60,67.1,60.0,66.0,95.43,8621.86
1499,1,2,2,4.3,4.59,6.73,6.64,11.35,14.24,4.3,11.46,8.6,1.3326,Fail,128.03,331.68,UB 305x165x40,UC 203x203x60,40.5,60.0,74.49,78.13,5072.76
1500,1,3,3,3.74,6.82,7.77,29.66,4.8,11.3,3.74,4.5,7.48,0.601,Pass,277.09,724.65,UB 457x191x67,UC 254x254x73,67.1,73.1,87.14,84.13,16122.17
1501,5,3,3,3.46,4.93,7.19,17.7,7.29,19.16,17.3,83.22,34.6,2.4053,Fail,424.47,2156.01,UB 533x210x82,UC 305x305x118,82.2,118.0,74.93,145.42,92438.24
1502,5,2,1,4.46,4.21,7.02,19.69,12.07,1.78,22.3,25.45,44.6,0.5707,Pass,157.61,1696.59,UB 305x165x40,UC 305x305x97,40.5,96.9,91.7,94.72,20639.97
1503,1,3,2,4.1,6.93,5.0,20.04,11.86,4.48,4.1,2.54,8.2,0.3092,Pass,210.1,586.44,UB 457x191x67,UC 254x254x73,67.1,73.1,84.64,73.7,10465.55
1504,2,1,3,4.39,6.91,5.33,7.35,7.25,17.52,8.78,102.43,17.56,5.8334,Fail,445.41,463.57,UB 533x210x82,UC 305x305x118,82.2,118.0,78.63,93.7,18089.85
1505,4,2,2,4.04,4.55,5.37,7.4,6.62,17.68,16.16,124.53,32.32,3.853,Fail,548.47,863.47,UB 533x210x82,UC 305x305x118,82.2,118.0,96.82,141.04,36732.1
1506,3,2,1,3.28,5.61,4.91,29.64,10.23,8.49,9.84,19.47,19.68,0.9893,Pass,211.94,1374.2,UB 406x178x54,UC 254x254x89,54.3,89.0,88.23,97.12,11309.55
1507,1,3,2,3.03,6.42,7.93,6.48,6.85,4.21,3.03,0.79,6.06,0.1311,Pass,124.5,296.9,UB 305x165x40,UC 203x203x46,40.5,46.1,97.26,61.13,6585.61
1508,5,1,1,3.49,5.23,7.2,19.2,6.87,1.73,17.45,20.2,34.9,0.5789,Pass,142.69,1171.02,UB 356x171x45,UC 254x254x73,45.0,73.1,72.24,99.71,10695.88
1509,2,1,3,3.93,4.73,4.87,13.63,13.34,22.82,7.86,76.19,15.72,4.8466,Fail,466.99,706.7,UB 533x210x82,UC 305x305x118,82.2,118.0,82.43,103.24,15334.06
1510,5,2,3,3.27,5.76,7.38,24.3,8.6,20.36,16.35,112.9,32.7,3.4525,Fail,576.18,3053.55,UB 610x229x101,UC 305x305x118,101.2,118.0,72.75,198.89,80076.6
1511,4,1,3,3.06,6.15,7.83,28.52,12.49,7.79,12.24,42.7,24.48,1.7444,Fail,346.94,2627.63,UB 457x191x67,UC 305x305x118,67.1,118.0,87.01,117.86,30766.63
1512,3,1,2,4.02,6.36,4.67,7.49,4.51,3.88,12.06,32.84,24.12,1.3616,Fail,171.99,455.56,UB 356x171x45,UC 254x254x73,45.0,73.1,80.7,74.74,10387.12
1513,5,2,2,4.39,6.19,5.56,16.2,3.51,13.86,21.95,220.42,43.9,5.0209,Fail,679.8,1640.33,UB 610x229x101,UC 305x305x118,101.2,118.0,85.83,189.31,58983.9
1514,3,1,2,3.21,7.84,5.96,24.85,2.54,1.47,9.63,6.66,19.26,0.3459,Pass,192.73,1162.66,UB 533x210x82,UC 254x254x89,82.2,89.0,65.13,95.01,16821.4
1515,4,3,3,4.13,6.36,7.39,7.27,10.51,22.8,16.52,141.87,33.04,4.2939,Fail,535.14,1455.95,UB 533x210x82,UC 305x305x118,82.2,118.0,94.46,155.26,85441.76
1516,5,3,3,3.8,5.58,6.19,10.02,6.16,11.2,19.0,71.6,38.0,1.8842,Fail,303.35,1370.46,UB 457x191x67,UC 305x305x118,67.1,118.0,76.08,99.66,83258.02
1517,2,2,3,3.64,5.74,4.33,5.6,3.36,14.03,7.28,23.2,14.56,1.5935,Fail,139.09,265.13,UB 305x165x40,UC 254x254x73,40.5,73.1,80.92,77.77,13262.11
1518,5,2,2,3.75,7.15,5.15,22.1,2.72,20.78,18.75,207.47,37.5,5.5326,Fail,751.59,2143.12,UB 610x229x101,UC 305x305x118,101.2,118.0,94.9,214.49,57255.3
1519,2,1,2,4.34,6.99,6.29,9.33,6.08,1.2,8.68,6.81,17.36,0.3924,Pass,94.97,458.04,UB 406x178x54,UC 203x203x60,54.3,60.0,65.96,80.68,8134.52
1520,1,1,2,3.58,5.41,6.15,25.59,10.89,10.85,3.58,7.51,7.16,1.0495,Fail,207.43,508.87,UB 406x178x54,UC 254x254x73,54.3,73.1,72.4,69.89,3787.26
1521,5,3,1,3.76,6.72,4.18,10.36,7.94,4.64,18.8,31.54,37.6,0.8388,Pass,168.57,1152.9,UB 406x178x54,UC 254x254x89,54.3,89.0,69.6,87.77,28871.96
1522,2,3,2,3.11,4.81,4.83,21.01,2.2,23.05,6.22,14.42,12.44,1.1593,Fail,138.79,648.13,UB 305x165x40,UC 254x254x73,40.5,73.1,80.75,86.17,12092.51
1523,2,3,1,4.39,4.02,4.96,25.34,12.81,24.61,8.78,50.59,17.56,2.8809,Fail,277.39,714.21,UB 406x178x54,UC 305x305x118,54.3,118.0,92.54,81.43,13062.38
1524,4,1,2,4.38,5.61,4.62,19.97,10.08,6.45,17.52,113.81,35.04,3.2479,Fail,474.78,1449.47,UB 533x210x82,UC 305x305x118,82.2,118.0,83.81,113.1,24014.09
1525,4,3,3,4.07,7.61,5.24,28.51,10.49,22.84,16.28,148.26,32.56,4.5535,Fail,615.51,2858.52,UB 610x229x101,UC 305x305x118,101.2,118.0,77.72,196.19,93156.8
1526,4,3,1,3.62,5.65,5.11,27.53,12.62,12.21,14.48,45.36,28.96,1.5665,Fail,289.51,1863.99,UB 406x178x54,UC 305x305x118,54.3,118.0,96.58,100.42,25471.77
1527,5,1,3,4.04,4.17,7.07,8.22,10.96,1.76,20.2,30.98,40.4,0.7667,Pass,150.61,1362.97,UB 305x165x40,UC 254x254x89,40.5,89.0,87.63,92.86,26350.15
1528,1,1,1,4.35,5.95,4.73,13.18,14.27,6.41,4.35,9.31,8.7,1.07,Fail,107.2,218.49,UB 406x178x54,UC 203x203x60,54.3,60.0,72.47,77.98,2203.85
1529,4,2,3,3.43,7.42,5.05,24.02,7.13,22.14,13.72,112.89,27.44,4.1142,Fail,559.58,2210.64,UB 533x210x82,UC 305x305x118,82.2,118.0,98.78,168.59,53889.05
1530,2,1,3,4.27,4.8,6.07,5.89,8.22,2.79,8.54,12.61,17.08,0.7382,Pass,85.27,373.45,UB 254x146x31,UC 203x203x46,31.1,46.1,82.93,91.13,6609.12
1531,1,2,1,3.13,6.77,4.27,15.9,6.82,18.46,3.13,5.3,6.26,0.8473,Pass,160.85,300.78,UB 406x178x54,UC 203x203x46,54.3,46.1,88.36,99.13,3031.78
1532,4,3,1,3.99,6.01,7.9,24.21,11.42,1.09,15.96,6.0,31.92,0.1879,Pass,229.39,2002.32,UB 406x178x54,UC 305x305x118,54.3,118.0,96.94,95.06,29761.99
1533,1,1,2,4.29,5.0,4.7,16.55,13.72,1.41,4.29,1.85,8.58,0.2152,Pass,104.74,345.73,UB 356x171x45,UC 203x203x46,45.0,46.1,73.29,84.33,2707.61
1534,4,1,2,3.76,4.9,6.51,13.4,11.38,0.63,15.04,6.17,30.08,0.205,Pass,143.15,1331.01,UB 305x165x40,UC 254x254x73,40.5,73.1,83.29,96.12,13196.42
1535,4,1,1,3.9,5.15,4.64,18.68,6.13,2.78,15.6,31.53,31.2,1.0107,Fail,185.86,732.92,UB 356x171x45,UC 254x254x73,45.0,73.1,87.21,87.42,8085.84
1536,1,2,3,3.8,6.47,4.68,28.32,6.81,3.59,3.8,2.08,7.6,0.2737,Pass,209.36,588.69,UB 457x191x67,UC 254x254x73,67.1,73.1,75.85,68.9,9632.71
1537,1,3,1,3.01,4.01,4.23,14.69,9.37,21.43,3.01,3.22,6.02,0.5348,Pass,64.78,213.43,UB 254x146x31,UC 203x203x46,31.1,46.1,82.45,55.61,2384.57
1538,1,3,3,3.11,6.6,7.64,28.43,10.38,7.06,3.11,1.53,6.22,0.2461,Pass,304.43,805.35,UB 457x191x67,UC 254x254x73,67.1,73.1,88.95,87.4,15103.5
1539,5,2,2,4.37,4.95,5.96,11.25,14.74,15.92,21.85,225.03,43.7,5.1495,Fail,778.17,2082.9,UB 610x229x101,UC 305x305x118,101.2,118.0,98.25,221.26,56327.46
1540,4,1,2,3.8,5.44,4.58,20.93,4.27,24.18,15.2,257.59,30.4,8.4732,Fail,1191.77,1535.48,UB 610x229x101,UC 305x305x118,101.2,118.0,150.48,224.97,24783.87
1541,3,1,2,4.11,5.73,5.2,6.06,7.33,22.0,12.33,190.36,24.66,7.7193,Fail,852.16,787.86,UB 610x229x101,UC 305x305x118,101.2,118.0,107.6,161.44,20263.4
1542,2,2,1,4.26,5.41,7.77,15.53,7.43,18.34,8.52,52.1,17.04,3.0574,Fail,264.82,615.31,UB 406x178x54,UC 305x305x97,54.3,96.9,88.35,95.21,9835.1
1543,4,2,2,3.55,5.3,5.6,23.08,4.68,5.42,14.2,25.99,28.4,0.9152,Pass,174.22,1731.44,UB 356x171x45,UC 305x305x97,45.0,96.9,81.75,95.62,24155.82
1544,2,3,1,4.42,6.92,7.14,14.09,8.02,21.56,8.84,54.94,17.68,3.1076,Fail,265.2,666.25,UB 406x178x54,UC 305x305x97,54.3,96.9,91.83,91.18,14463.46
1545,4,2,3,3.46,5.57,5.88,18.57,7.88,22.62,13.84,101.5,27.68,3.667,Fail,531.01,1730.49,UB 533x210x82,UC 305x305x118,82.2,118.0,93.74,158.54,51648.86
1546,5,2,1,3.3,5.35,7.56,21.49,14.18,10.79,16.5,59.42,33.0,1.8007,Fail,344.53,2300.84,UB 457x191x67,UC 305x305x118,67.1,118.0,86.4,126.02,26470.84
1547,4,1,3,3.31,6.27,4.69,29.59,10.85,19.23,13.24,138.67,26.48,5.2367,Fail,786.97,2027.31,UB 610x229x101,UC 305x305x118,101.2,118.0,99.37,171.66,34042.02
1548,4,3,1,3.23,5.27,4.98,23.46,11.91,12.17,12.92,29.38,25.84,1.1369,Fail,225.92,1554.19,UB 406x178x54,UC 305x305x97,54.3,96.9,75.37,98.38,21210.07
1549,5,3,3,4.1,7.5,6.7,24.67,3.11,0.22,20.5,2.36,41.0,0.0576,Pass,191.26,2745.59,UB 457x191x67,UC 305x305x118,67.1,118.0,93.43,110.25,95873.2
1550,1,2,1,3.47,7.61,4.81,8.77,4.77,21.02,3.47,9.1,6.94,1.3105,Fail,132.99,201.72,UB 406x178x54,UC 203x203x46,54.3,46.1,74.79,91.64,3396.24
1551,3,3,2,3.88,7.31,5.9,22.59,5.77,2.54,11.64,8.56,23.28,0.3679,Pass,202.52,1624.04,UB 457x191x67,UC 305x305x97,67.1,96.9,88.31,89.57,36279.88
1552,5,1,1,3.24,4.47,7.64,15.24,9.3,15.72,16.2,132.06,32.4,4.0759,Fail,752.2,1460.54,UB 610x229x101,UC 305x305x118,101.2,118.0,94.97,149.62,19901.72
1553,3,3,1,4.46,6.66,4.59,16.12,11.82,3.39,13.38,17.53,26.76,0.655,Pass,186.38,1079.91,UB 457x191x67,UC 254x254x89,67.1,89.0,65.8,82.71,21266.38
1554,4,2,2,3.72,7.07,6.34,29.69,6.71,11.02,14.88,72.2,29.76,2.4261,Fail,395.44,2812.73,UB 533x210x82,UC 305x305x118,82.2,118.0,69.8,144.95,42257.81
1555,5,1,2,4.34,7.88,7.79,19.17,13.51,24.7,21.7,757.37,43.4,17.451,Fail,2122.32,3475.2,UB 610x229x101,UC 305x305x118,101.2,118.0,267.97,419.43,43092.4
1556,3,1,1,3.2,5.2,5.57,8.74,14.91,19.77,9.6,68.62,19.2,3.5737,Fail,486.97,709.59,UB 533x210x82,UC 305x305x118,82.2,118.0,85.96,96.77,9842.96
1557,2,3,2,3.44,7.17,7.15,13.87,14.79,12.37,6.88,13.33,13.76,0.969,Pass,220.26,1235.38,UB 457x191x67,UC 254x254x89,67.1,89.0,84.22,92.08,23684.01
1558,5,3,2,4.49,5.46,5.01,17.84,14.77,22.61,22.45,257.07,44.9,5.7253,Fail,842.91,2503.06,UB 610x229x101,UC 305x305x118,101.2,118.0,106.43,245.31,76934.52
1559,1,2,2,4.36,4.21,4.96,12.67,7.84,10.82,4.36,8.99,8.72,1.0308,Fail,78.44,300.6,UB 254x146x31,UC 203x203x46,31.1,46.1,81.34,85.29,3520.09
1560,1,2,3,4.49,6.63,6.64,13.32,2.41,21.8,4.49,22.81,8.98,2.54,Fail,138.56,307.36,UB 356x171x45,UC 254x254x73,45.0,73.1,88.8,74.41,9014.63
1561,5,1,3,3.86,5.21,4.8,16.75,7.05,17.38,19.3,285.54,38.6,7.3975,Fail,1171.98,1836.1,UB 610x229x101,UC 305x305x118,101.2,118.0,147.98,224.64,43337.04
1562,3,3,2,3.5,7.21,7.41,24.6,7.29,8.55,10.5,19.76,21.0,0.941,Pass,248.65,2025.35,UB 457x191x67,UC 305x305x118,67.1,118.0,95.28,86.36,39863.42
1563,3,3,2,3.83,5.96,5.07,27.83,13.94,2.12,11.49,6.21,22.98,0.2702,Pass,197.76,2025.91,UB 457x191x67,UC 305x305x118,67.1,118.0,70.5,84.04,35232.3
1564,3,3,1,3.03,4.51,7.05,11.07,4.3,1.62,9.09,1.81,18.18,0.0998,Pass,80.95,520.67,UB 254x146x31,UC 203x203x46,31.1,46.1,74.93,90.82,8508.15
1565,5,1,1,4.3,4.04,4.05,25.17,13.31,15.44,21.5,335.14,43.0,7.794,Fail,1316.37,2116.68,UB 610x229x101,UC 305x305x118,101.2,118.0,166.21,253.17,18335.08
1566,2,3,3,4.45,7.88,6.52,13.27,10.64,15.31,8.9,42.29,17.8,2.376,Fail,259.14,1010.55,UB 457x191x67,UC 305x305x97,67.1,96.9,93.27,86.91,36988.32
1567,1,3,1,3.3,6.98,4.32,7.29,14.37,0.1,3.3,0.11,6.6,0.0165,Pass,144.46,296.08,UB 406x178x54,UC 203x203x46,54.3,46.1,92.32,85.35,4429.43
1568,2,1,1,4.08,5.55,6.5,9.82,12.63,17.71,8.16,72.3,16.32,4.4303,Fail,400.55,483.65,UB 533x210x82,UC 305x305x118,82.2,118.0,70.71,84.1,7813.56
1569,4,3,3,3.28,5.15,6.7,26.63,2.8,4.62,13.12,11.68,26.24,0.4453,Pass,165.58,1942.92,UB 356x171x45,UC 305x305x97,45.0,96.9,77.86,88.74,45937.25
1570,1,1,1,4.46,5.05,7.51,19.39,4.46,3.1,4.46,4.68,8.92,0.5245,Pass,145.55,211.9,UB 305x165x40,UC 203x203x46,40.5,46.1,84.69,87.35,1839.78
1571,1,1,1,4.27,7.03,4.91,14.87,12.87,7.42,4.27,10.73,8.54,1.2561,Fail,147.95,243.76,UB 457x191x67,UC 254x254x73,67.1,73.1,76.83,68.08,2850.9
1572,4,3,3,3.43,5.71,7.3,23.39,8.9,16.37,13.72,50.62,27.44,1.8446,Fail,310.71,2394.77,UB 457x191x67,UC 305x305x118,67.1,118.0,77.92,123.94,67805.97
1573,3,2,1,3.1,4.25,5.38,23.32,10.06,20.44,9.3,33.63,18.6,1.8083,Fail,279.85,983.85,UB 406x178x54,UC 305x305x118,54.3,118.0,93.36,83.75,11982.91
1574,1,3,3,3.67,7.91,6.7,12.96,12.03,22.86,3.67,8.88,7.34,1.2094,Fail,230.85,544.79,UB 457x191x67,UC 254x254x73,67.1,73.1,98.6,82.55,16056.4
1575,5,3,1,3.85,6.91,5.28,13.95,12.54,9.26,19.25,69.24,38.5,1.7983,Fail,311.55,1818.4,UB 457x191x67,UC 305x305x118,67.1,118.0,78.13,105.0,39167.59
1576,3,2,2,3.82,6.98,4.91,9.26,10.98,10.24,11.46,44.42,22.92,1.9381,Fail,244.44,1090.92,UB 406x178x54,UC 305x305x97,54.3,96.9,86.27,93.12,21615.55
1577,4,2,2,3.7,7.6,5.81,8.55,11.76,10.49,14.8,70.23,29.6,2.3726,Fail,327.09,1634.04,UB 457x191x67,UC 305x305x118,67.1,118.0,82.03,106.23,37313.06
1578,1,1,2,3.57,7.48,4.6,14.14,7.65,20.44,3.57,16.0,7.14,2.2407,Fail,181.79,293.39,UB 457x191x67,UC 254x254x73,67.1,73.1,72.7,81.63,4306.17
1579,2,1,3,4.42,4.87,4.07,16.81,5.52,4.94,8.84,25.4,17.68,1.4367,Fail,154.87,450.63,UB 305x165x40,UC 254x254x73,40.5,73.1,90.11,73.18,8725.53
1580,4,2,1,3.46,7.82,6.2,10.69,8.32,18.09,13.84,97.97,27.68,3.5393,Fail,445.55,1199.99,UB 533x210x82,UC 305x305x118,82.2,118.0,78.65,121.86,26199.26
1581,4,2,1,3.73,6.66,5.41,7.65,14.39,17.65,14.92,112.77,29.84,3.7791,Fail,493.11,1219.47,UB 533x210x82,UC 305x305x118,82.2,118.0,87.04,134.78,24659.02
1582,5,2,1,3.35,7.77,7.21,15.41,2.17,7.7,16.75,55.22,33.5,1.6485,Fail,267.63,1388.74,UB 457x191x67,UC 305x305x118,67.1,118.0,67.12,84.46,29543.2
1583,2,2,3,3.47,6.47,6.45,19.98,8.89,8.53,6.94,12.65,13.88,0.9115,Pass,183.78,1088.8,UB 406x178x54,UC 254x254x73,54.3,73.1,98.0,95.98,18013.13
1584,3,3,1,3.55,7.88,4.25,16.18,7.42,5.24,10.65,13.41,21.3,0.6294,Pass,209.64,1005.24,UB 457x191x67,UC 254x254x73,67.1,73.1,92.06,99.33,19167.68
1585,3,3,1,4.37,7.61,6.54,27.55,8.19,7.01,13.11,35.9,26.22,1.3692,Fail,314.7,1641.53,UB 533x210x82,UC 305x305x118,82.2,118.0,77.72,85.55,30086.65
1586,3,3,2,4.05,7.61,7.86,24.54,9.44,22.78,12.15,89.03,24.3,3.6638,Fail,451.32,2307.08,UB 533x210x82,UC 305x305x118,82.2,118.0,79.67,147.99,49600.24
1587,5,3,1,4.22,5.0,6.25,27.26,6.07,22.02,21.1,193.57,42.2,4.587,Fail,726.81,1895.52,UB 610x229x101,UC 305x305x118,101.2,118.0,91.77,200.63,47748.4
1588,4,1,3,3.48,6.12,5.85,27.51,14.31,18.2,13.92,153.22,27.84,5.5037,Fail,820.97,2385.98,UB 610x229x101,UC 305x305x118,101.2,118.0,103.66,187.78,37258.46
1589,1,2,2,4.17,7.17,5.1,8.58,13.02,1.48,4.17,1.26,8.34,0.1506,Pass,163.79,431.75,UB 406x178x54,UC 203x203x60,54.3,60.0,99.79,79.16,6249.37
1590,2,1,3,3.0,5.42,6.48,19.05,12.19,23.92,6.0,32.86,12.0,2.7385,Fail,316.41,901.17,UB 457x191x67,UC 305x305x97,67.1,96.9,79.35,94.85,12778.35
1591,4,2,3,4.32,4.8,7.24,9.7,14.01,15.13,17.28,138.22,34.56,3.9993,Fail,555.14,1679.97,UB 533x210x82,UC 305x305x118,82.2,118.0,97.99,165.39,58519.01
1592,3,3,1,4.1,4.78,7.2,12.06,12.28,10.57,12.3,34.99,24.6,1.4222,Fail,194.67,887.85,UB 356x171x45,UC 254x254x89,45.0,89.0,91.34,97.5,16517.4
1593,1,2,2,3.31,5.18,4.12,21.1,7.48,9.22,3.31,2.94,6.62,0.4442,Pass,117.12,417.12,UB 356x171x45,UC 203x203x46,45.0,46.1,76.94,83.42,3884.32
1594,2,2,3,3.57,4.63,5.78,12.85,14.18,11.4,7.14,16.16,14.28,1.1317,Fail,135.72,841.26,UB 305x165x40,UC 254x254x73,40.5,73.1,78.97,92.92,13477.07
1595,2,3,3,3.68,4.65,4.51,28.9,3.61,21.69,7.36,24.54,14.72,1.6674,Fail,186.35,846.29,UB 356x171x45,UC 254x254x89,45.0,89.0,87.44,94.2,20373.44
1596,5,2,2,3.21,7.33,5.5,5.64,7.65,8.1,16.05,48.51,32.1,1.5112,Fail,237.29,1259.45,UB 406x178x54,UC 305x305x97,54.3,96.9,79.16,96.71,34897.27
1597,2,2,3,4.25,4.14,5.13,19.14,9.39,22.08,8.5,56.65,17.0,3.3321,Fail,306.19,773.11,UB 457x191x67,UC 305x305x118,67.1,118.0,76.79,93.36,22676.72
1598,1,3,3,4.07,5.99,7.71,8.5,3.33,4.08,4.07,2.09,8.14,0.2573,Pass,95.35,237.93,UB 305x165x40,UC 203x203x46,40.5,46.1,70.11,51.53,9660.23
1599,2,1,2,4.46,5.35,5.65,23.77,8.4,13.63,8.92,75.15,17.84,4.2126,Fail,392.2,887.97,UB 457x191x67,UC 305x305x118,67.1,118.0,98.36,93.37,11502.19
1600,5,2,3,4.18,6.78,6.19,7.24,4.69,3.98,20.9,56.0,41.8,1.3396,Fail,198.89,1114.42,UB 356x171x45,UC 305x305x97,45.0,96.9,93.32,86.75,49041.27
1601,3,1,1,3.08,6.73,4.1,21.07,11.06,11.97,9.24,42.28,18.48,2.288,Fail,347.83,799.92,UB 457x191x67,UC 305x305x97,67.1,96.9,87.23,87.78,7941.58
1602,1,1,1,4.42,7.82,4.55,12.99,7.04,15.86,4.42,27.04,8.84,3.0587,Fail,199.43,191.61,UB 457x191x67,UC 254x254x73,67.1,73.1,76.36,84.26,2952.46
1603,4,1,3,4.15,5.97,6.68,22.43,9.15,1.0,16.6,15.16,33.2,0.4567,Pass,180.38,1758.0,UB 406x178x54,UC 305x305x97,54.3,96.9,84.22,90.83,26760.43
1604,5,1,1,3.34,5.97,5.4,7.02,13.46,12.73,16.7,137.43,33.4,4.1146,Fail,657.99,1110.89,UB 610x229x101,UC 305x305x118,101.2,118.0,83.08,126.6,19388.84
1605,2,2,1,3.23,4.03,6.51,20.57,5.45,9.36,6.46,8.79,12.92,0.68,Pass,106.59,537.77,UB 254x146x31,UC 203x203x60,31.1,60.0,97.88,86.56,4543.03
1606,4,1,1,4.13,5.03,4.78,27.45,7.1,16.26,16.52,222.28,33.04,6.7275,Fail,978.37,1346.49,UB 610x229x101,UC 305x305x118,101.2,118.0,123.53,185.29,15739.62
1607,4,1,2,3.91,6.61,6.05,15.14,4.4,1.04,15.64,13.61,31.28,0.4352,Pass,116.86,1070.67,UB 406x178x54,UC 254x254x73,54.3,73.1,70.73,87.16,16423.02
1608,1,3,1,3.3,6.28,6.99,25.82,10.76,22.17,3.3,5.43,6.6,0.8221,Pass,206.91,511.93,UB 457x191x67,UC 254x254x73,67.1,73.1,72.22,71.87,6334.28
1609,3,2,2,3.08,6.5,6.27,27.11,5.28,12.78,9.24,25.44,18.48,1.3768,Fail,246.38,1794.87,UB 457x191x67,UC 305x305x118,67.1,118.0,70.91,85.08,25236.49
1610,3,1,1,4.24,7.44,4.83,28.67,7.05,8.18,12.72,90.65,25.44,3.5632,Fail,461.48,987.04,UB 533x210x82,UC 305x305x118,82.2,118.0,81.46,94.76,12055.4
1611,4,3,1,4.38,5.92,6.39,24.88,10.67,23.45,17.52,173.48,35.04,4.9509,Fail,656.49,1846.94,UB 610x229x101,UC 305x305x118,101.2,118.0,82.89,186.11,41264.06
1612,1,3,1,4.33,7.41,6.48,26.43,14.31,23.25,4.33,15.96,8.66,1.8434,Fail,328.04,627.15,UB 533x210x82,UC 254x254x89,82.2,89.0,81.79,87.89,8868.2
1613,3,2,2,4.09,7.84,4.39,14.2,10.4,24.27,12.27,141.62,24.54,5.771,Fail,573.93,1342.94,UB 610x229x101,UC 305x305x118,101.2,118.0,72.47,158.36,35308.91
1614,3,1,2,3.63,4.09,7.08,27.46,5.93,6.57,10.89,31.59,21.78,1.4504,Fail,233.72,1415.5,UB 406x178x54,UC 305x305x97,54.3,96.9,77.97,93.12,12943.56
1615,2,1,3,4.12,6.73,4.12,28.28,8.19,0.36,8.24,1.74,16.48,0.1058,Pass,175.22,776.37,UB 457x191x67,UC 254x254x73,67.1,73.1,88.62,99.47,11748.84
1616,1,3,1,3.68,7.55,6.78,11.83,2.29,14.08,3.68,5.41,7.36,0.7351,Pass,117.55,218.12,UB 406x178x54,UC 203x203x46,54.3,46.1,76.16,76.93,5289.59
1617,1,3,3,3.23,4.26,6.71,5.75,8.47,20.76,3.23,4.1,6.46,0.635,Pass,89.47,235.92,UB 254x146x31,UC 203x203x46,31.1,46.1,82.16,59.17,6476.45
1618,4,1,1,3.87,4.18,4.25,24.24,5.65,7.04,15.48,70.95,30.96,2.2918,Fail,388.12,876.23,UB 457x191x67,UC 305x305x118,67.1,118.0,97.33,81.86,11831.78
1619,4,1,2,3.04,5.09,7.49,10.87,7.82,0.05,12.16,0.26,24.32,0.0108,Pass,142.57,1104.25,UB 305x165x40,UC 254x254x73,40.5,73.1,82.95,81.04,12660.64
1620,1,3,2,3.84,6.81,7.17,22.89,11.65,7.16,3.84,3.16,7.68,0.4116,Pass,266.72,741.38,UB 457x191x67,UC 254x254x73,67.1,73.1,86.96,84.11,11329.86
1621,1,3,2,3.68,5.89,4.66,21.47,6.83,13.78,3.68,4.87,7.36,0.6616,Pass,142.17,454.11,UB 406x178x54,UC 203x203x60,54.3,60.0,72.48,79.83,7552.35
1622,2,2,3,3.96,5.63,6.32,14.3,14.79,19.18,7.92,42.57,15.84,2.6874,Fail,258.78,1038.67,UB 406x178x54,UC 305x305x118,54.3,118.0,86.33,84.17,22283.23
1623,2,3,2,4.01,5.63,7.85,7.16,5.29,3.44,8.02,5.73,16.04,0.3569,Pass,108.68,504.65,UB 305x165x40,UC 203x203x46,40.5,46.1,63.23,89.91,13627.73
1624,3,3,2,3.68,6.16,6.72,27.24,6.46,22.96,11.04,57.84,22.08,2.6197,Fail,347.04,1889.5,UB 457x191x67,UC 305x305x118,67.1,118.0,87.03,119.68,37614.6
1625,2,3,2,3.81,7.33,4.64,24.97,3.81,20.41,7.62,31.54,15.24,2.0696,Fail,257.5,996.63,UB 457x191x67,UC 305x305x97,67.1,96.9,90.36,82.48,22695.21
1626,2,3,2,3.12,5.68,4.45,17.53,2.55,2.6,6.24,1.85,12.48,0.148,Pass,84.42,587.57,UB 356x171x45,UC 203x203x46,45.0,46.1,71.27,90.26,11256.77
1627,1,2,3,4.0,4.66,4.91,22.74,6.35,2.92,4.0,1.81,8.0,0.2268,Pass,94.81,421.17,UB 305x165x40,UC 203x203x46,40.5,46.1,81.17,74.24,5512.34
1628,3,3,2,3.78,7.28,4.88,13.78,7.3,18.79,11.34,56.45,22.68,2.4888,Fail,297.23,1128.63,UB 457x191x67,UC 305x305x118,67.1,118.0,74.54,88.9,37105.37
1629,1,1,3,3.97,4.62,6.78,23.83,11.31,22.33,3.97,21.34,7.94,2.6875,Fail,220.38,501.69,UB 406x178x54,UC 254x254x73,54.3,73.1,73.52,94.7,5534.04
1630,5,1,2,3.22,4.29,7.8,11.05,7.28,20.63,16.1,166.7,32.2,5.1771,Fail,956.09,1900.02,UB 610x229x101,UC 305x305x118,101.2,118.0,120.72,192.57,33698.22
1631,5,3,1,4.43,4.76,4.06,12.39,4.69,20.69,22.15,211.77,44.3,4.7804,Fail,729.53,939.45,UB 610x229x101,UC 305x305x118,101.2,118.0,92.11,175.81,43578.4
1632,1,1,2,3.68,4.48,7.78,21.54,2.14,14.94,3.68,10.7,7.36,1.4542,Fail,207.45,378.57,UB 356x171x45,UC 203x203x60,45.0,60.0,97.34,87.61,3330.0
1633,3,2,2,3.31,5.71,6.36,16.96,9.99,1.05,9.93,2.57,19.86,0.1295,Pass,150.59,1448.34,UB 356x171x45,UC 254x254x73,45.0,73.1,97.18,98.95,16309.65
1634,4,1,2,3.48,4.12,6.8,26.53,6.99,13.48,13.92,93.19,27.84,3.3474,Fail,581.26,2002.47,UB 610x229x101,UC 305x305x118,101.2,118.0,73.39,142.81,25869.25
1635,1,2,3,3.88,7.52,7.8,22.12,14.93,9.5,3.88,6.19,7.76,0.7971,Pass,309.17,862.78,UB 533x210x82,UC 254x254x89,82.2,89.0,77.74,87.05,14859.43
1636,4,1,2,3.38,4.37,4.98,25.77,10.21,2.35,13.52,15.08,27.04,0.5575,Pass,137.4,1533.19,UB 305x165x40,UC 254x254x89,40.5,89.0,82.79,89.22,12570.54
1637,4,3,2,3.36,7.94,4.14,12.75,12.1,21.37,13.44,73.74,26.88,2.7433,Fail,398.24,1754.26,UB 457x191x67,UC 305x305x118,67.1,118.0,99.87,119.32,47100.31
1638,2,3,2,3.14,6.74,6.37,21.88,2.37,12.66,6.28,9.63,12.56,0.7666,Pass,161.84,914.21,UB 406x178x54,UC 254x254x73,54.3,73.1,93.06,81.43,17630.75
1639,1,3,1,3.69,6.79,5.55,28.12,10.5,1.22,3.69,0.57,7.38,0.0769,Pass,236.09,529.97,UB 457x191x67,UC 254x254x73,67.1,73.1,96.38,73.82,6381.19
1640,5,1,3,3.78,4.7,5.81,26.34,2.52,15.03,18.9,219.41,37.8,5.8045,Fail,984.44,2144.82,UB 610x229x101,UC 305x305x118,101.2,118.0,124.3,204.98,44993.56
1641,4,1,3,3.23,7.35,4.8,17.16,2.07,19.39,12.92,142.13,25.84,5.5004,Fail,706.59,1101.13,UB 610x229x101,UC 305x305x118,101.2,118.0,89.22,138.01,35755.84
1642,2,2,1,3.45,4.89,7.46,19.59,8.41,17.85,6.9,22.85,13.8,1.6555,Fail,184.11,692.69,UB 356x171x45,UC 254x254x89,45.0,89.0,86.38,87.51,7459.2
1643,1,1,1,3.21,6.96,7.79,19.07,7.7,9.17,3.21,4.8,6.42,0.7481,Pass,161.33,281.16,UB 457x191x67,UC 203x203x60,67.1,60.0,71.95,94.85,2749.85
1644,4,1,3,3.79,6.78,6.54,7.66,8.16,6.97,15.16,83.1,30.32,2.7409,Fail,374.03,1020.51,UB 457x191x67,UC 305x305x118,67.1,118.0,93.8,84.54,32122.06
1645,5,3,2,3.1,4.35,7.51,21.62,8.17,12.68,15.5,35.43,31.0,1.1428,Fail,243.46,2533.86,UB 406x178x54,UC 305x305x118,54.3,118.0,81.22,115.01,48888.94
1646,2,1,1,3.04,4.35,4.75,9.91,10.58,13.65,6.08,17.7,12.16,1.4557,Fail,177.56,318.36,UB 356x171x45,UC 254x254x73,45.0,73.1,83.31,74.3,3415.79
1647,5,2,2,3.1,7.16,4.74,15.33,9.28,5.81,15.5,30.6,31.0,0.9872,Pass,225.17,2106.86,UB 457x191x67,UC 305x305x118,67.1,118.0,72.01,87.85,40415.7
1648,2,2,1,4.12,5.56,5.49,17.75,2.16,13.11,8.24,33.37,16.48,2.0252,Fail,186.84,468.21,UB 356x171x45,UC 254x254x89,45.0,89.0,87.67,82.98,7884.06
1649,3,3,3,3.01,7.52,4.55,28.02,13.19,20.03,9.03,28.24,18.06,1.5637,Fail,364.14,2135.99,UB 533x210x82,UC 305x305x118,82.2,118.0,86.47,99.97,52766.18
1650,2,3,2,3.72,4.86,4.69,18.83,10.15,21.47,7.44,25.67,14.88,1.7251,Fail,186.52,828.23,UB 356x171x45,UC 254x254x89,45.0,89.0,87.52,94.35,15259.32
1651,1,1,3,3.19,6.04,7.44,6.7,8.67,24.68,3.19,11.78,6.38,1.8462,Fail,135.65,258.48,UB 305x165x40,UC 203x203x60,40.5,60.0,93.38,92.28,4317.6
1652,5,1,1,3.94,5.65,6.5,28.44,12.76,10.16,19.7,186.35,39.4,4.7296,Fail,777.37,2061.64,UB 610x229x101,UC 305x305x118,101.2,118.0,98.15,170.41,21594.2
1653,4,1,2,4.17,4.11,6.69,28.27,7.08,15.16,16.68,197.4,33.36,5.9173,Fail,926.79,2255.56,UB 610x229x101,UC 305x305x118,101.2,118.0,117.02,205.66,27633.07
1654,2,3,1,3.72,7.8,6.04,15.16,13.33,15.88,7.44,23.31,14.88,1.5667,Fail,269.2,891.76,UB 533x210x82,UC 254x254x89,82.2,89.0,66.71,87.64,16963.1
1655,2,3,3,3.43,7.09,5.73,5.77,2.86,2.12,6.86,2.28,13.72,0.1662,Pass,59.58,319.6,UB 305x165x40,UC 203x203x46,40.5,46.1,84.81,57.53,17520.98
1656,2,3,1,3.55,5.57,5.86,25.17,13.92,7.59,7.1,8.2,14.2,0.5776,Pass,173.83,949.63,UB 406x178x54,UC 254x254x73,54.3,73.1,84.66,87.43,10327.08
1657,5,3,2,4.38,7.42,5.88,17.19,11.85,20.99,21.9,253.94,43.8,5.7978,Fail,766.04,2825.33,UB 610x229x101,UC 305x305x118,101.2,118.0,96.72,236.8,88603.32
1658,5,3,3,4.39,6.42,6.64,19.35,8.1,2.27,21.95,25.83,43.9,0.5883,Pass,176.52,2547.29,UB 406x178x54,UC 305x305x118,54.3,118.0,91.04,100.55,83991.08
1659,4,2,3,3.78,6.53,5.01,11.71,5.53,7.22,15.12,47.82,30.24,1.5814,Fail,229.84,1143.9,UB 406x178x54,UC 305x305x97,54.3,96.9,76.68,92.9,38721.61
1660,5,1,2,4.39,5.3,4.96,9.78,14.64,4.8,21.95,123.8,43.9,2.82,Fail,454.47,1565.09,UB 533x210x82,UC 305x305x118,82.2,118.0,80.22,112.86,30229.74
1661,3,3,3,3.62,5.06,5.7,21.48,11.99,22.26,10.86,48.36,21.72,2.2264,Fail,309.28,1566.08,UB 457x191x67,UC 305x305x118,67.1,118.0,77.56,105.52,46495.54
1662,2,3,2,3.28,6.74,6.85,18.82,4.66,11.57,6.56,10.23,13.12,0.78,Pass,159.24,928.61,UB 406x178x54,UC 254x254x73,54.3,73.1,90.1,81.95,18293.39
1663,5,1,1,4.09,7.5,6.55,10.14,12.27,20.76,20.45,506.28,40.9,12.3784,Fail,1564.68,1676.89,UB 610x229x101,UC 305x305x118,101.2,118.0,197.56,281.04,23871.0
1664,2,3,2,3.56,5.57,6.87,28.31,7.97,8.53,7.12,9.28,14.24,0.6517,Pass,236.65,1323.88,UB 406x178x54,UC 254x254x89,54.3,89.0,78.95,88.64,19016.93
1665,3,3,1,3.38,7.87,7.25,29.6,2.04,4.72,10.14,10.35,20.28,0.5104,Pass,258.41,1502.8,UB 533x210x82,UC 305x305x97,82.2,96.9,76.1,91.77,26656.38
1666,3,2,2,4.4,6.2,7.28,17.78,7.47,6.64,13.2,44.6,26.4,1.6893,Fail,222.3,1515.26,UB 406x178x54,UC 305x305x118,54.3,118.0,75.42,85.49,27193.75
1667,4,3,2,3.89,5.91,5.55,7.99,4.35,9.03,15.56,44.0,31.12,1.4139,Fail,200.47,828.68,UB 356x171x45,UC 254x254x89,45.0,89.0,94.06,97.89,34184.28
1668,1,1,1,3.42,6.19,5.07,24.6,14.03,17.17,3.42,10.64,6.84,1.5557,Fail,174.61,320.06,UB 457x191x67,UC 254x254x73,67.1,73.1,73.04,80.02,2511.1
1669,2,1,3,3.85,4.04,5.35,20.61,5.6,10.75,7.7,31.37,15.4,2.0371,Fail,224.29,621.8,UB 406x178x54,UC 254x254x89,54.3,89.0,74.83,86.83,10723.44
1670,2,1,3,3.91,7.01,7.71,13.84,5.07,0.57,7.82,2.29,15.64,0.1464,Pass,147.95,607.49,UB 406x178x54,UC 203x203x60,54.3,60.0,81.64,96.32,11822.58
1671,5,2,1,3.26,7.87,5.53,18.54,2.23,4.01,16.3,26.56,32.6,0.8147,Pass,206.37,1533.33,UB 457x191x67,UC 254x254x89,67.1,89.0,80.71,97.65,24831.68
1672,5,3,3,4.47,5.08,5.95,7.39,12.99,5.52,22.35,59.94,44.7,1.3409,Fail,225.86,1655.99,UB 406x178x54,UC 305x305x118,54.3,118.0,75.35,93.34,78132.54
1673,4,3,1,4.34,7.67,5.12,5.08,10.73,10.88,17.36,88.51,34.72,2.5493,Fail,315.91,957.94,UB 457x191x67,UC 305x305x118,67.1,118.0,79.23,88.81,34236.44
1674,5,2,2,3.32,4.4,4.33,22.81,7.75,18.48,16.6,94.55,33.2,2.8479,Fail,525.13,1850.83,UB 533x210x82,UC 305x305x118,82.2,118.0,92.7,157.02,39157.38
1675,4,3,2,3.03,7.06,4.82,21.83,7.68,21.88,12.12,49.65,24.24,2.0483,Fail,344.98,2008.04,UB 457x191x67,UC 305x305x118,67.1,118.0,86.52,113.31,44565.56
1676,3,2,1,3.75,6.46,7.35,20.16,6.85,17.59,11.25,68.75,22.5,3.0555,Fail,367.2,1168.7,UB 457x191x67,UC 305x305x118,67.1,118.0,92.09,105.95,17605.26
1677,5,3,3,3.57,7.15,4.83,12.86,7.27,6.22,17.85,36.65,35.7,1.0265,Fail,205.36,1719.18,UB 406x178x54,UC 305x305x97,54.3,96.9,92.22,97.49,66705.48
1678,3,1,2,3.9,5.88,4.1,28.38,5.17,17.44,11.7,127.57,23.4,5.4515,Fail,663.96,1195.19,UB 610x229x101,UC 305x305x118,101.2,118.0,83.83,138.33,18618.14
1679,4,3,1,3.58,5.38,5.52,17.27,11.41,22.73,14.32,79.16,28.64,2.764,Fail,422.25,1339.86,UB 533x210x82,UC 305x305x118,82.2,118.0,74.54,121.71,31391.65
1680,1,2,2,3.52,5.08,7.65,11.5,4.06,5.48,3.52,2.17,7.04,0.3081,Pass,133.91,309.32,UB 305x165x40,UC 203x203x46,40.5,46.1,77.91,63.45,4553.84
1681,5,3,3,3.9,7.24,7.38,29.48,6.74,19.02,19.5,152.37,39.0,3.9069,Fail,596.75,3729.91,UB 610x229x101,UC 305x305x118,101.2,118.0,75.35,218.67,125588.64
1682,1,3,1,3.14,6.78,4.2,6.98,14.12,11.33,3.14,2.42,6.28,0.3855,Pass,140.32,280.08,UB 406x178x54,UC 203x203x46,54.3,46.1,82.42,86.67,4279.2
1683,3,1,2,3.42,7.66,4.92,12.79,8.77,5.8,10.26,31.58,20.52,1.5388,Fail,237.86,867.29,UB 457x191x67,UC 254x254x89,67.1,89.0,77.25,85.74,14066.3
1684,1,3,1,3.86,7.13,7.49,26.67,11.63,7.21,3.86,3.32,7.72,0.4298,Pass,265.13,597.99,UB 533x210x82,UC 254x254x73,82.2,73.1,68.5,86.1,8236.56
1685,4,2,1,3.35,7.23,4.78,22.81,2.88,2.54,13.4,11.91,26.8,0.4443,Pass,188.83,1380.96,UB 457x191x67,UC 254x254x89,67.1,89.0,77.4,91.16,18766.58
1686,2,3,1,4.17,6.21,5.48,9.47,8.94,4.67,8.34,9.31,16.68,0.5579,Pass,109.58,478.59,UB 356x171x45,UC 203x203x46,45.0,46.1,85.4,97.64,8401.99
1687,1,2,1,4.15,6.05,4.08,17.61,2.74,3.37,4.15,2.59,8.3,0.3117,Pass,109.57,244.37,UB 356x171x45,UC 203x203x46,45.0,46.1,87.29,65.27,2787.69
1688,1,2,1,4.27,4.97,6.44,14.18,12.18,11.56,4.27,9.26,8.54,1.0839,Fail,125.37,326.29,UB 305x165x40,UC 203x203x46,40.5,46.1,89.23,93.99,2768.68
1689,4,1,3,3.16,4.99,6.56,23.86,2.87,9.44,12.64,51.19,25.28,2.025,Fail,352.97,1484.15,UB 457x191x67,UC 305x305x118,67.1,118.0,88.52,92.36,27853.65
1690,1,2,2,3.79,5.96,7.02,18.76,11.44,22.22,3.79,12.09,7.58,1.5956,Fail,224.65,619.12,UB 406x178x54,UC 254x254x73,54.3,73.1,80.13,79.2,6722.32
1691,4,3,3,3.53,6.42,6.87,23.73,11.77,13.09,14.12,47.57,28.24,1.6844,Fail,308.1,2703.88,UB 457x191x67,UC 305x305x118,67.1,118.0,77.27,125.52,69462.99
1692,4,1,3,4.29,4.5,4.15,6.84,14.93,21.05,17.16,313.31,34.32,9.1291,Fail,1327.04,1617.95,UB 610x229x101,UC 305x305x118,101.2,118.0,167.56,247.95,33564.96
1693,1,3,2,3.57,5.2,4.1,17.18,11.75,5.39,3.57,1.66,7.14,0.2326,Pass,109.87,417.58,UB 356x171x45,UC 203x203x46,45.0,46.1,78.79,81.6,5556.92
1694,2,2,3,4.19,7.0,6.6,12.55,5.18,0.41,8.38,1.29,16.76,0.0772,Pass,115.32,705.82,UB 406x178x54,UC 203x203x60,54.3,60.0,76.22,97.11,18566.04
1695,2,2,2,3.73,5.87,5.86,27.06,8.02,10.4,7.46,19.02,14.92,1.275,Fail,197.3,1224.44,UB 406x178x54,UC 254x254x89,54.3,89.0,88.93,92.62,13618.73
1696,1,1,1,4.35,7.69,5.18,6.33,8.05,9.66,4.35,15.45,8.7,1.7759,Fail,126.04,143.39,UB 406x178x54,UC 203x203x60,54.3,60.0,81.96,82.05,2441.68
1697,4,1,3,3.44,7.28,6.21,6.01,14.76,21.18,13.76,190.39,27.52,6.9181,Fail,869.84,1460.76,UB 610x229x101,UC 305x305x118,101.2,118.0,109.83,173.76,39860.06
1698,1,2,2,3.29,7.69,4.66,29.8,3.9,17.78,3.29,6.48,6.58,0.9849,Pass,286.14,633.37,UB 533x210x82,UC 254x254x73,82.2,73.1,75.62,93.95,8255.51
1699,3,1,1,3.76,6.52,5.49,16.21,6.34,15.32,11.28,104.48,22.56,4.6313,Fail,537.03,700.09,UB 533x210x82,UC 305x305x118,82.2,118.0,94.8,104.43,11247.49
1700,3,3,2,3.43,4.2,6.07,8.08,7.7,12.19,10.29,20.22,20.58,0.9824,Pass,145.11,731.17,UB 305x165x40,UC 254x254x73,40.5,73.1,84.43,94.03,19519.13
1701,5,1,3,4.17,6.91,6.27,6.68,14.59,23.32,20.85,578.22,41.7,13.8661,Fail,1808.05,2187.22,UB 610x229x101,UC 305x305x118,101.2,118.0,228.29,333.53,52703.96
1702,4,2,3,4.07,6.93,6.54,8.6,11.91,4.91,16.28,43.35,32.56,1.3314,Fail,214.72,1637.65,UB 406x178x54,UC 305x305x118,54.3,118.0,85.55,83.23,47878.44
1703,5,2,2,3.59,4.17,5.21,28.84,4.53,14.23,17.95,93.69,35.9,2.6098,Fail,482.46,2162.75,UB 533x210x82,UC 305x305x118,82.2,118.0,85.16,156.88,42193.98
1704,4,1,2,3.82,5.02,7.66,5.01,2.86,21.47,15.28,223.81,30.56,7.3236,Fail,1043.38,1090.39,UB 610x229x101,UC 305x305x118,101.2,118.0,131.74,191.05,29317.6
1705,3,3,2,4.18,4.88,7.66,9.14,10.74,2.86,12.54,10.26,25.08,0.4089,Pass,166.64,1130.55,UB 305x165x40,UC 254x254x73,40.5,73.1,96.95,91.53,23781.89
1706,4,2,3,4.09,5.49,5.88,28.91,9.5,13.7,16.36,109.45,32.72,3.3451,Fail,488.67,2487.29,UB 533x210x82,UC 305x305x118,82.2,118.0,86.26,168.43,55006.75
1707,3,3,3,3.49,4.62,6.73,22.91,8.76,6.97,10.47,12.84,20.94,0.613,Pass,186.37,1542.76,UB 356x171x45,UC 254x254x89,45.0,89.0,87.45,92.56,33296.28
1708,5,1,1,4.22,5.74,5.09,28.5,5.91,24.32,21.1,568.43,42.2,13.4699,Fail,1961.59,2354.4,UB 610x229x101,UC 305x305x118,101.2,118.0,247.68,357.22,20919.16
1709,4,1,3,3.45,7.45,4.43,8.7,4.91,19.59,13.8,180.41,27.6,6.5365,Fail,785.81,856.59,UB 610x229x101,UC 305x305x118,101.2,118.0,99.22,145.67,35849.82
1710,2,2,1,4.39,6.79,6.02,15.32,7.2,14.16,8.78,49.09,17.56,2.7956,Fail,246.15,640.63,UB 406x178x54,UC 305x305x97,54.3,96.9,88.36,83.9,10015.58
1711,3,1,1,3.24,5.92,7.71,6.66,6.08,22.23,9.72,86.37,19.44,4.443,Fail,532.8,532.76,UB 533x210x82,UC 305x305x118,82.2,118.0,94.05,102.01,11310.16
1712,4,2,2,3.23,5.89,4.12,28.44,3.54,5.89,12.92,21.55,25.84,0.834,Pass,192.01,1802.82,UB 406x178x54,UC 305x305x97,54.3,96.9,81.9,92.89,24312.56
1713,4,2,3,3.32,5.72,4.94,11.08,12.46,8.4,13.28,33.17,26.56,1.2489,Fail,215.12,1469.44,UB 406x178x54,UC 305x305x97,54.3,96.9,71.77,97.13,35037.77
1714,5,2,3,3.57,4.33,4.33,24.9,2.11,13.51,17.85,88.56,35.7,2.4807,Fail,447.99,1583.98,UB 533x210x82,UC 305x305x118,82.2,118.0,79.08,134.19,55529.31
1715,4,1,3,3.97,7.97,4.01,9.44,3.74,24.59,15.88,377.93,31.76,11.8996,Fail,1283.38,1015.43,UB 610x229x101,UC 305x305x118,101.2,118.0,162.04,229.78,37635.23
1716,3,3,3,4.38,6.8,6.66,7.19,4.15,7.74,13.14,37.67,26.28,1.4332,Fail,161.2,665.42,UB 305x165x40,UC 254x254x73,40.5,73.1,98.32,98.37,34993.22
1717,1,1,3,3.12,4.16,4.0,28.06,12.26,22.43,3.12,8.58,6.24,1.3752,Fail,127.88,380.79,UB 305x165x40,UC 203x203x60,40.5,60.0,80.04,95.73,3143.52
1718,4,1,2,3.89,6.46,6.1,25.8,5.7,1.62,15.56,20.57,31.12,0.6609,Pass,179.15,1713.47,UB 457x191x67,UC 305x305x97,67.1,96.9,67.7,91.9,20797.14
1719,5,2,1,3.97,6.8,4.38,20.16,10.96,0.8,19.85,9.57,39.7,0.241,Pass,194.57,1992.83,UB 457x191x67,UC 305x305x118,67.1,118.0,78.01,84.94,27587.87
1720,3,3,1,4.04,7.24,5.44,17.72,5.82,17.64,12.12,66.63,24.24,2.7489,Fail,323.02,995.69,UB 457x191x67,UC 305x305x118,67.1,118.0,81.01,89.71,24566.04
1721,4,2,1,4.19,7.39,6.67,10.26,8.0,17.58,16.76,177.31,33.52,5.2898,Fail,602.95,1133.13,UB 610x229x101,UC 305x305x118,101.2,118.0,76.13,159.19,31932.02
1722,1,1,1,3.88,4.47,4.43,16.22,3.94,1.84,3.88,1.61,7.76,0.2068,Pass,47.25,126.53,UB 254x146x31,UC 152x152x30,31.1,30.0,95.69,79.92,1019.18
1723,3,3,2,3.87,6.87,5.74,8.07,10.38,23.56,11.61,74.55,23.22,3.2106,Fail,352.8,1055.06,UB 457x191x67,UC 305x305x118,67.1,118.0,88.48,103.99,38129.83
1724,5,3,3,3.45,6.84,7.58,21.4,6.73,9.77,17.25,49.93,34.5,1.4472,Fail,283.13,2864.73,UB 457x191x67,UC 305x305x118,67.1,118.0,71.76,125.55,90622.92
1725,3,1,1,3.05,7.41,5.01,9.66,8.47,16.46,9.15,59.64,18.3,3.2589,Fail,392.16,563.34,UB 457x191x67,UC 305x305x97,67.1,96.9,98.35,94.31,8546.83
1726,4,3,2,3.67,7.26,6.98,22.68,10.56,23.95,14.68,106.11,29.36,3.6142,Fail,510.67,2757.77,UB 533x210x82,UC 305x305x118,82.2,118.0,90.14,173.61,60630.86
1727,5,3,1,3.01,7.13,7.82,15.4,8.33,24.71,15.05,81.23,30.1,2.6987,Fail,434.0,1858.16,UB 533x210x82,UC 305x305x118,82.2,118.0,76.61,133.46,44645.86
1728,2,1,1,3.36,6.42,7.83,27.68,11.37,10.45,6.72,23.26,13.44,1.7307,Fail,257.7,808.61,UB 457x191x67,UC 254x254x89,67.1,89.0,82.37,94.08,6217.02
1729,1,3,2,4.07,7.2,5.49,5.07,8.28,20.61,4.07,11.13,8.14,1.3679,Fail,117.96,267.08,UB 356x171x45,UC 203x203x46,45.0,46.1,96.52,95.87,7143.92
1730,5,1,1,3.22,6.72,7.43,23.6,5.55,9.77,16.1,100.24,32.2,3.1129,Fail,522.65,1591.13,UB 533x210x82,UC 305x305x118,82.2,118.0,92.26,116.76,19230.5
1731,5,3,3,4.39,4.79,7.08,23.28,2.51,24.1,21.95,239.44,43.9,5.4543,Fail,842.62,2157.76,UB 610x229x101,UC 305x305x118,101.2,118.0,106.39,235.81,113516.24
1732,5,3,2,3.81,7.02,4.18,13.32,7.3,15.68,19.05,113.92,38.1,2.9901,Fail,437.15,1650.68,UB 533x210x82,UC 305x305x118,82.2,118.0,77.17,132.44,66685.62
1733,1,2,2,4.39,7.66,6.44,10.77,6.1,14.77,4.39,14.95,8.78,1.7023,Fail,166.86,374.88,UB 406x178x54,UC 203x203x60,54.3,60.0,95.03,96.34,6964.38
1734,4,2,2,4.34,7.41,7.27,21.71,9.53,9.87,17.36,112.66,34.72,3.2447,Fail,440.41,2691.09,UB 533x210x82,UC 305x305x118,82.2,118.0,77.74,160.32,47397.02
1735,1,3,1,3.06,7.81,5.8,14.92,7.59,23.97,3.06,4.93,6.12,0.8047,Pass,195.75,346.63,UB 457x191x67,UC 203x203x60,67.1,60.0,85.49,93.79,6169.83
1736,3,3,3,4.41,4.07,7.47,23.32,11.97,19.7,13.23,80.03,26.46,3.0247,Fail,390.47,1776.46,UB 457x191x67,UC 305x305x118,67.1,118.0,97.92,134.13,52854.26
1737,5,3,1,3.74,6.32,6.14,18.81,12.14,21.38,18.7,137.74,37.4,3.6829,Fail,573.13,2076.38,UB 610x229x101,UC 305x305x118,101.2,118.0,72.36,170.56,49267.68
1738,4,3,3,3.49,6.18,4.8,22.13,3.04,16.17,13.96,55.27,27.92,1.9794,Fail,307.1,1548.26,UB 457x191x67,UC 305x305x118,67.1,118.0,77.01,101.01,61720.86
1739,4,1,1,3.19,7.0,5.03,21.44,10.73,10.39,12.76,70.88,25.52,2.7776,Fail,449.96,1192.39,UB 533x210x82,UC 305x305x118,82.2,118.0,79.43,94.87,13933.65
1740,4,1,3,3.25,4.39,7.73,12.74,9.05,13.72,13.0,76.91,26.0,2.958,Fail,505.54,1484.48,UB 533x210x82,UC 305x305x118,82.2,118.0,89.24,116.94,33295.47
1741,1,1,1,4.31,7.41,4.01,10.99,12.12,19.86,4.31,30.26,8.62,3.5101,Fail,226.03,210.93,UB 457x191x67,UC 254x254x73,67.1,73.1,74.96,94.91,2792.81
1742,3,1,1,4.15,5.35,6.0,25.88,8.95,12.77,12.45,110.54,24.9,4.4395,Fail,559.83,989.87,UB 533x210x82,UC 305x305x118,82.2,118.0,98.82,115.6,11474.22
1743,4,3,3,3.42,4.33,7.16,13.83,7.04,4.73,13.68,12.74,27.36,0.4658,Pass,138.25,1371.62,UB 305x165x40,UC 254x254x73,40.5,73.1,80.44,99.46,38336.69
1744,3,3,1,4.37,6.48,7.88,24.16,14.9,4.06,13.11,19.32,26.22,0.7368,Pass,252.32,1743.39,UB 457x191x67,UC 305x305x118,67.1,118.0,84.73,91.62,26547.36
1745,3,1,3,4.22,6.14,5.91,28.12,10.21,0.74,12.66,7.32,25.32,0.2892,Pass,172.81,1478.83,UB 457x191x67,UC 305x305x97,67.1,96.9,70.73,86.89,21896.06
1746,4,2,1,4.21,7.1,5.61,9.19,10.07,12.09,16.84,121.37,33.68,3.6035,Fail,440.08,1114.94,UB 533x210x82,UC 305x305x118,82.2,118.0,77.68,120.84,26794.34
1747,5,3,3,3.1,7.97,4.91,21.43,13.87,12.36,15.5,48.39,31.0,1.5608,Fail,376.53,3248.99,UB 533x210x82,UC 305x305x118,82.2,118.0,88.18,135.35,92788.16
1748,4,2,2,3.96,4.8,4.17,16.32,2.05,8.89,15.84,59.67,31.68,1.8836,Fail,281.48,923.71,UB 406x178x54,UC 305x305x118,54.3,118.0,93.91,83.62,28511.78
1749,3,3,2,3.62,7.35,7.88,26.55,3.11,21.08,10.86,54.84,21.72,2.5248,Fail,343.77,1939.95,UB 457x191x67,UC 305x305x118,67.1,118.0,93.89,114.05,41383.71
1750,5,3,3,4.15,6.37,5.89,18.84,9.17,19.04,20.75,176.6,41.5,4.2555,Fail,619.17,2461.58,UB 610x229x101,UC 305x305x118,101.2,118.0,78.18,195.61,113618.72
1751,1,3,1,4.18,6.55,4.98,18.43,7.53,0.97,4.18,0.62,8.36,0.0738,Pass,149.23,338.37,UB 406x178x54,UC 203x203x46,54.3,46.1,91.43,91.38,4757.23
1752,1,1,2,4.0,7.99,6.78,25.39,14.99,7.02,4.0,8.53,8.0,1.0661,Fail,281.96,675.89,UB 610x229x101,UC 305x305x97,101.2,96.9,63.77,83.27,7495.91
1753,4,1,3,3.55,5.99,6.95,15.17,2.34,7.13,14.2,63.44,28.4,2.2337,Fail,334.43,1081.1,UB 457x191x67,UC 305x305x97,67.1,96.9,83.87,98.11,28630.98
1754,2,3,1,4.3,7.73,6.41,26.29,6.71,2.38,8.6,6.02,17.2,0.35,Pass,252.97,1014.86,UB 533x210x82,UC 254x254x89,82.2,89.0,75.21,96.11,17963.29
1755,3,2,2,4.33,4.73,4.85,25.01,5.01,6.91,12.99,39.07,25.98,1.5038,Fail,205.56,1255.66,UB 356x171x45,UC 305x305x97,45.0,96.9,96.45,94.44,19088.38
1756,5,3,1,4.22,6.2,6.31,22.26,5.86,13.81,21.1,134.0,42.2,3.1754,Fail,481.96,1843.07,UB 533x210x82,UC 305x305x118,82.2,118.0,85.08,147.04,45581.24
1757,3,1,2,4.13,4.16,7.68,15.5,10.55,6.73,12.39,51.38,24.78,2.0735,Fail,292.26,1252.75,UB 406x178x54,UC 305x305x118,54.3,118.0,97.5,82.8,15809.4
1758,1,1,1,3.14,7.78,4.02,27.29,2.55,20.24,3.14,10.32,6.28,1.644,Fail,208.58,251.47,UB 533x210x82,UC 254x254x73,82.2,73.1,69.34,88.59,2858.06
1759,4,3,1,3.4,6.36,6.24,24.85,3.07,4.21,13.6,13.48,27.2,0.4955,Pass,167.17,1461.83,UB 406x178x54,UC 254x254x89,54.3,89.0,90.02,89.2,23392.86
1760,5,3,1,3.95,4.07,4.87,22.7,4.2,23.93,19.75,153.15,39.5,3.8773,Fail,680.4,1220.71,UB 610x229x101,UC 305x305x118,101.2,118.0,85.91,170.96,40857.4
1761,5,1,2,3.01,6.09,5.09,24.87,12.09,4.69,15.05,36.22,30.1,1.2034,Fail,281.87,2226.56,UB 457x191x67,UC 305x305x118,67.1,118.0,70.69,96.18,23615.76
1762,5,1,1,3.64,6.45,5.55,25.63,5.81,3.41,18.2,51.46,36.4,1.4137,Fail,288.62,1378.27,UB 457x191x67,UC 305x305x97,67.1,96.9,72.38,93.61,15106.32
1763,5,2,3,3.43,5.0,7.42,8.12,7.46,16.21,17.15,98.54,34.3,2.873,Fail,474.92,1392.32,UB 533x210x82,UC 305x305x118,82.2,118.0,83.83,137.94,68170.98
1764,4,1,1,3.61,4.76,5.01,8.2,4.4,16.02,14.44,133.98,28.88,4.639,Fail,706.24,776.82,UB 610x229x101,UC 305x305x118,101.2,118.0,89.17,129.04,14725.47
1765,1,3,1,3.2,4.16,7.99,23.62,11.51,17.1,3.2,3.26,6.4,0.5094,Pass,221.99,410.38,UB 406x178x54,UC 254x254x73,54.3,73.1,74.06,82.35,4962.12
1766,2,1,2,4.44,6.3,6.61,22.93,12.79,0.34,8.88,2.04,17.76,0.1148,Pass,222.52,1046.37,UB 457x191x67,UC 254x254x89,67.1,89.0,71.2,88.54,10826.55
1767,1,2,1,3.67,4.59,6.59,8.08,6.79,24.43,3.67,10.9,7.34,1.4847,Fail,95.05,172.12,UB 254x146x31,UC 203x203x46,31.1,46.1,87.28,99.99,2200.96
1768,4,3,3,4.02,5.77,4.81,20.88,4.69,8.83,16.08,47.78,32.16,1.4858,Fail,237.66,1526.49,UB 406x178x54,UC 305x305x118,54.3,118.0,79.29,87.38,57934.75
1769,2,2,2,4.42,5.75,5.01,15.83,4.06,19.53,8.84,64.85,17.68,3.668,Fail,294.77,636.54,UB 406x178x54,UC 305x305x118,54.3,118.0,98.34,86.92,16399.3
1770,1,3,2,3.79,4.82,4.44,12.18,5.68,4.43,3.79,1.65,7.58,0.2172,Pass,59.68,255.56,UB 305x165x40,UC 152x152x30,40.5,30.0,55.15,99.76,4559.85
1771,1,2,3,3.1,5.82,5.21,10.61,4.61,21.6,3.1,5.62,6.2,0.9067,Pass,91.48,251.3,UB 305x165x40,UC 203x203x46,40.5,46.1,82.73,75.98,5499.65
1772,4,2,2,3.24,4.88,7.62,5.43,5.05,12.15,12.96,40.63,25.92,1.5675,Fail,242.82,774.46,UB 406x178x54,UC 305x305x97,54.3,96.9,81.01,89.71,27592.42
1773,2,3,3,3.96,4.58,5.07,14.27,5.31,2.47,7.92,3.66,15.84,0.2308,Pass,65.93,545.44,UB 254x146x31,UC 203x203x46,31.1,46.1,99.97,80.46,13044.55
1774,5,2,3,3.61,4.25,7.83,7.68,13.68,6.3,18.05,42.63,36.1,1.181,Fail,225.08,1878.81,UB 406x178x54,UC 305x305x118,54.3,118.0,75.09,97.12,53922.4
1775,2,3,3,4.28,6.3,7.7,28.05,10.16,24.44,8.56,53.5,17.12,3.1248,Fail,316.35,1542.2,UB 457x191x67,UC 305x305x118,67.1,118.0,79.34,104.82,38706.88
1776,1,1,1,3.49,6.76,6.22,19.2,2.02,4.84,3.49,3.36,6.98,0.4818,Pass,96.01,191.81,UB 406x178x54,UC 203x203x46,54.3,46.1,82.16,87.9,2053.18
1777,1,3,2,4.08,5.7,6.78,11.8,4.59,10.05,4.08,5.11,8.16,0.626,Pass,113.52,314.17,UB 305x165x40,UC 203x203x46,40.5,46.1,83.69,72.2,6531.43
1778,5,3,3,3.54,5.52,6.5,27.26,6.22,21.44,17.7,106.55,35.4,3.0098,Fail,512.86,2830.54,UB 533x210x82,UC 305x305x118,82.2,118.0,90.53,180.12,92700.24
1779,3,2,1,3.8,5.97,5.72,19.06,10.97,2.58,11.4,10.23,22.8,0.4488,Pass,158.44,1149.15,UB 406x178x54,UC 254x254x73,54.3,73.1,80.08,94.16,11685.46
1780,2,1,2,4.3,4.82,5.65,29.9,2.94,17.02,8.6,78.96,17.2,4.5904,Fail,434.7,891.17,UB 533x210x82,UC 305x305x118,82.2,118.0,76.73,102.08,12181.46
1781,5,2,3,3.2,6.95,4.87,7.42,5.33,22.96,16.0,131.58,32.0,4.1118,Fail,569.4,1082.23,UB 610x229x101,UC 305x305x118,101.2,118.0,71.89,151.92,72967.58
1782,4,1,2,3.96,7.56,7.57,7.34,14.01,15.29,15.84,225.58,31.68,7.1207,Fail,852.41,1692.8,UB 610x229x101,UC 305x305x118,101.2,118.0,107.63,178.31,32652.93
1783,1,2,3,3.81,6.52,7.04,6.1,10.96,13.53,3.81,7.74,7.62,1.0157,Fail,124.14,360.2,UB 356x171x45,UC 203x203x46,45.0,46.1,91.59,95.74,7306.09
1784,1,2,1,4.19,7.55,4.4,17.59,4.98,14.39,4.19,12.25,8.38,1.4618,Fail,202.65,326.69,UB 457x191x67,UC 203x203x60,67.1,60.0,77.43,94.74,4420.54
1785,1,2,3,3.52,5.43,5.81,22.4,2.35,2.44,3.52,1.01,7.04,0.1429,Pass,111.15,411.93,UB 356x171x45,UC 203x203x46,45.0,46.1,76.75,74.49,6255.11
1786,5,1,3,3.41,4.69,4.63,23.44,11.52,4.9,17.05,50.14,34.1,1.4705,Fail,302.88,1859.85,UB 457x191x67,UC 305x305x118,67.1,118.0,75.96,93.94,31709.37
1787,2,1,1,3.44,4.25,5.8,20.47,2.41,18.14,6.88,36.09,13.76,2.6225,Fail,286.62,404.97,UB 406x178x54,UC 254x254x89,54.3,89.0,95.62,96.17,4632.14
1788,2,2,3,4.13,7.04,7.34,15.8,10.94,20.84,8.26,59.05,16.52,3.5743,Fail,317.02,1135.47,UB 457x191x67,UC 305x305x118,67.1,118.0,79.5,97.46,28119.56
1789,2,2,2,3.01,5.5,6.13,22.11,13.61,2.71,6.02,2.34,12.04,0.1946,Pass,187.37,1248.75,UB 406x178x54,UC 254x254x73,54.3,73.1,74.49,93.5,11538.67
1790,2,1,1,3.23,4.43,4.92,25.31,5.46,13.01,6.46,21.07,12.92,1.6311,Fail,204.95,451.2,UB 356x171x45,UC 254x254x73,45.0,73.1,96.17,87.05,3571.9
1791,5,3,3,4.42,7.73,7.6,27.93,14.8,22.16,22.1,282.87,44.2,6.3998,Fail,878.3,4705.52,UB 610x229x101,UC 305x305x118,101.2,118.0,110.9,309.14,134808.56
1792,2,3,3,3.99,4.86,5.8,9.3,12.88,11.13,7.98,17.16,15.96,1.0754,Fail,120.24,706.38,UB 305x165x40,UC 254x254x73,40.5,73.1,70.2,81.95,19694.93
1793,3,2,3,3.32,6.93,7.09,5.5,7.28,9.39,9.96,24.99,19.92,1.2543,Fail,161.82,798.02,UB 356x171x45,UC 254x254x73,45.0,73.1,82.39,98.25,24835.66
1794,5,2,1,4.31,4.46,6.78,27.52,4.99,17.51,21.55,226.08,43.1,5.2456,Fail,837.93,1728.99,UB 610x229x101,UC 305x305x118,101.2,118.0,105.8,219.84,34576.48
1795,1,3,2,3.59,6.6,6.85,25.42,2.69,4.49,3.59,1.57,7.18,0.2184,Pass,192.53,564.76,UB 457x191x67,UC 203x203x60,67.1,60.0,64.43,90.26,10247.62
1796,2,1,1,4.36,6.03,6.43,27.11,5.14,13.81,8.72,74.0,17.44,4.2432,Fail,396.44,630.45,UB 457x191x67,UC 305x305x118,67.1,118.0,99.42,83.86,7460.1
1797,3,3,3,3.14,5.04,6.2,25.7,2.57,12.26,9.42,16.13,18.84,0.8563,Pass,152.85,1335.96,UB 305x165x40,UC 254x254x89,40.5,89.0,99.8,92.32,29802.0
1798,2,1,1,4.05,4.36,4.59,16.06,7.49,15.85,8.1,57.07,16.2,3.5227,Fail,347.56,401.93,UB 457x191x67,UC 305x305x97,67.1,96.9,87.16,89.46,5541.74
1799,1,3,2,3.69,6.73,7.97,13.44,2.43,0.29,3.69,0.15,7.38,0.0208,Pass,146.65,350.64,UB 356x171x45,UC 203x203x46,45.0,46.1,93.7,71.62,7636.16
1800,1,3,3,3.04,7.24,4.12,13.06,11.85,20.2,3.04,3.94,6.08,0.6481,Pass,187.26,421.56,UB 457x191x67,UC 203x203x60,67.1,60.0,75.36,93.37,12065.47
1801,5,1,1,4.03,5.92,7.22,15.97,13.63,16.19,20.15,328.45,40.3,8.1502,Fail,1210.72,1879.52,UB 610x229x101,UC 305x305x118,101.2,118.0,152.87,231.58,22808.48
1802,1,3,3,4.45,4.1,4.6,13.83,6.93,2.88,4.45,1.87,8.9,0.2103,Pass,60.14,268.93,UB 254x146x31,UC 203x203x46,31.1,46.1,76.04,49.02,6529.16
1803,5,3,2,4.13,5.04,4.34,25.32,9.8,14.41,20.65,117.81,41.3,2.8526,Fail,479.46,2331.31,UB 533x210x82,UC 305x305x118,82.2,118.0,84.64,161.12,62153.28
1804,4,2,2,3.78,7.07,4.6,25.61,5.76,15.54,15.12,107.45,30.24,3.5532,Fail,489.7,2094.14,UB 533x210x82,UC 305x305x118,82.2,118.0,86.44,151.82,39080.02
1805,1,2,2,3.7,6.03,5.87,6.1,2.64,16.55,3.7,8.27,7.4,1.1173,Fail,69.4,161.42,UB 305x165x40,UC 203x203x46,40.5,46.1,52.84,73.71,4426.83
1806,2,2,2,3.96,4.35,6.9,11.88,3.95,9.44,7.92,19.02,15.84,1.2011,Fail,119.88,531.43,UB 305x165x40,UC 254x254x73,40.5,73.1,69.75,79.46,10678.07
1807,1,1,2,3.22,5.08,4.91,13.04,10.6,9.16,3.22,4.23,6.44,0.6562,Pass,87.44,283.4,UB 305x165x40,UC 203x203x46,40.5,46.1,85.45,79.34,2303.29
1808,2,3,2,4.09,6.21,4.16,16.74,7.29,6.01,8.18,11.18,16.36,0.6835,Pass,139.35,736.59,UB 406x178x54,UC 254x254x73,54.3,73.1,72.13,70.45,16859.36
1809,5,3,3,3.69,5.42,7.99,24.31,12.12,23.83,18.45,135.59,36.9,3.6746,Fail,612.75,3496.81,UB 610x229x101,UC 305x305x118,101.2,118.0,77.37,221.2,116259.12
1810,5,1,1,3.1,5.07,4.19,8.06,7.09,20.87,15.5,160.17,31.0,5.1667,Fail,887.39,1100.65,UB 610x229x101,UC 305x305x118,101.2,118.0,112.04,161.31,16687.12
1811,1,3,3,4.11,5.05,6.93,29.05,10.37,13.69,4.11,6.93,8.22,0.8428,Pass,256.76,693.57,UB 406x178x54,UC 254x254x73,54.3,73.1,85.66,72.12,12613.22
1812,4,2,1,3.77,5.51,7.06,18.21,2.83,6.69,15.08,40.27,30.16,1.3353,Fail,211.93,1056.77,UB 356x171x45,UC 305x305x97,45.0,96.9,99.44,85.52,16547.11
1813,2,3,1,3.21,5.6,6.71,23.15,8.78,16.13,6.42,12.11,12.84,0.9431,Pass,162.59,809.42,UB 406x178x54,UC 254x254x73,54.3,73.1,70.28,83.63,10318.2
1814,3,2,2,3.24,4.97,5.68,22.92,6.79,18.13,9.72,37.42,19.44,1.9248,Fail,277.37,1384.17,UB 406x178x54,UC 305x305x118,54.3,118.0,92.53,93.85,20731.95
1815,5,2,1,3.16,7.84,5.01,16.55,2.53,9.75,15.8,57.81,31.6,1.8295,Fail,298.7,1373.68,UB 457x191x67,UC 305x305x118,67.1,118.0,74.91,89.0,26750.24
1816,4,1,2,4.42,5.49,5.16,26.84,4.43,19.72,17.68,355.27,35.36,10.0471,Fail,1337.48,1914.99,UB 610x229x101,UC 305x305x118,101.2,118.0,168.87,259.56,27539.57
1817,3,2,3,4.02,5.18,7.84,27.79,2.3,2.12,12.06,9.59,24.12,0.3975,Pass,236.41,1658.19,UB 406x178x54,UC 305x305x97,54.3,96.9,78.87,90.35,32268.17
1818,4,2,2,4.19,7.45,6.05,29.0,8.89,22.91,16.76,232.16,33.52,6.926,Fail,839.38,2968.64,UB 610x229x101,UC 305x305x118,101.2,118.0,105.98,254.27,50587.92
1819,1,1,3,3.16,4.97,6.79,17.97,12.8,6.89,3.16,2.95,6.32,0.4673,Pass,194.38,426.25,UB 356x171x45,UC 203x203x46,45.0,46.1,91.2,94.81,3893.31
1820,2,2,3,4.25,4.25,6.75,5.94,10.93,1.44,8.5,3.74,17.0,0.2199,Pass,105.57,563.47,UB 254x146x31,UC 203x203x46,31.1,46.1,96.94,98.71,10595.65
1821,3,1,1,4.37,4.84,7.06,13.88,12.77,6.44,13.11,63.84,26.22,2.435,Fail,321.2,779.3,UB 457x191x67,UC 305x305x97,67.1,96.9,80.55,89.31,9872.38
1822,3,3,1,3.59,4.89,4.57,7.55,3.23,15.0,10.77,31.15,21.54,1.4459,Fail,184.62,333.52,UB 356x171x45,UC 254x254x73,45.0,73.1,86.63,94.57,12727.0
1823,5,2,3,4.32,4.5,4.19,29.39,5.13,2.29,21.6,29.95,43.2,0.6934,Pass,151.48,2048.93,UB 305x165x40,UC 305x305x118,40.5,118.0,88.13,86.9,45511.88
1824,2,2,1,3.2,6.58,8.0,5.98,7.29,0.87,6.4,1.03,12.8,0.0807,Pass,88.0,414.7,UB 356x171x45,UC 203x203x46,45.0,46.1,73.23,92.08,6299.04
1825,1,1,3,4.14,5.99,7.85,29.79,3.24,24.02,4.14,29.17,8.28,3.5234,Fail,270.55,541.08,UB 406x178x54,UC 254x254x89,54.3,89.0,90.26,93.87,6806.24
1826,4,3,3,4.3,7.57,4.04,9.62,12.66,24.93,17.2,194.96,34.4,5.6674,Fail,653.0,1527.83,UB 610x229x101,UC 305x305x118,101.2,118.0,82.45,179.25,88870.34
1827,1,3,1,3.5,5.66,6.2,25.94,8.81,0.33,3.5,0.16,7.0,0.0223,Pass,147.33,435.38,UB 406x178x54,UC 203x203x60,54.3,60.0,78.97,79.43,4870.67
1828,4,2,2,3.96,5.99,6.92,25.58,9.75,24.01,15.84,178.62,31.68,5.6382,Fail,750.87,2657.23,UB 610x229x101,UC 305x305x118,101.2,118.0,94.81,231.64,48177.89
1829,4,1,3,4.02,5.57,6.44,13.64,13.52,1.91,16.08,25.01,32.16,0.7778,Pass,162.3,1497.71,UB 356x171x45,UC 254x254x89,45.0,89.0,90.91,98.08,22414.56
1830,5,1,1,4.31,6.56,6.3,7.72,5.8,5.78,21.55,155.66,43.1,3.6117,Fail,504.62,798.91,UB 533x210x82,UC 305x305x118,82.2,118.0,89.08,97.12,20742.52
1831,5,2,2,4.26,6.35,7.03,15.18,4.22,18.07,21.3,262.21,42.6,6.1551,Fail,820.16,1859.97,UB 610x229x101,UC 305x305x118,101.2,118.0,103.56,226.79,63242.28
1832,2,3,3,3.76,4.29,5.81,13.38,7.44,2.31,7.52,2.77,15.04,0.1845,Pass,93.29,611.97,UB 254x146x31,UC 203x203x46,31.1,46.1,87.36,92.54,13085.39
1833,1,3,3,4.29,5.18,6.08,15.18,11.71,20.74,4.29,12.35,8.58,1.4396,Fail,137.66,452.73,UB 356x171x45,UC 203x203x60,45.0,60.0,72.39,93.09,10198.8
1834,1,2,1,3.74,5.58,5.74,24.77,2.6,17.34,3.74,8.8,7.48,1.177,Fail,140.65,335.92,UB 356x171x45,UC 203x203x60,45.0,60.0,92.11,78.76,3125.7
1835,1,3,1,3.64,7.39,7.76,28.6,13.37,1.38,3.64,0.67,7.28,0.0923,Pass,304.21,679.55,UB 533x210x82,UC 254x254x89,82.2,89.0,83.58,82.2,8787.92
1836,2,2,2,3.6,6.43,7.27,24.07,7.02,17.12,7.2,28.69,14.4,1.9921,Fail,237.33,1260.45,UB 457x191x67,UC 305x305x97,67.1,96.9,65.89,93.14,17310.36
1837,1,2,3,3.32,7.81,7.07,11.35,6.43,1.3,3.32,0.55,6.64,0.083,Pass,150.78,399.05,UB 457x191x67,UC 203x203x46,67.1,46.1,67.52,96.27,10298.6
1838,4,3,3,3.28,6.29,5.94,26.19,7.52,14.03,13.12,39.16,26.24,1.4923,Fail,281.76,2332.46,UB 457x191x67,UC 305x305x118,67.1,118.0,70.66,109.55,64160.94
1839,2,3,1,4.48,7.33,5.16,29.08,3.51,7.6,8.96,20.98,17.92,1.1708,Fail,249.91,901.16,UB 533x210x82,UC 254x254x89,82.2,89.0,63.33,87.66,17003.05
1840,5,1,3,4.48,7.12,5.37,10.94,13.22,22.82,22.4,733.38,44.8,16.37,Fail,2053.69,2329.18,UB 610x229x101,UC 305x305x118,101.2,118.0,259.3,375.34,51859.8
1841,5,1,2,3.07,4.93,5.5,23.1,2.69,16.68,15.35,122.11,30.7,3.9774,Fail,719.68,1799.37,UB 610x229x101,UC 305x305x118,101.2,118.0,90.87,154.1,29483.54
1842,4,3,3,3.03,7.29,6.03,29.83,9.55,1.62,12.12,4.12,24.24,0.1701,Pass,264.09,2965.36,UB 533x210x82,UC 305x305x118,82.2,118.0,75.28,117.18,75437.95
1843,3,2,3,3.27,4.06,7.98,29.8,9.58,4.14,9.81,8.11,19.62,0.4133,Pass,325.2,2027.72,UB 457x191x67,UC 305x305x118,67.1,118.0,81.55,91.17,34886.55
1844,5,3,3,3.94,6.5,7.07,19.32,6.89,19.51,19.7,152.7,39.4,3.8756,Fail,571.11,2532.33,UB 610x229x101,UC 305x305x118,101.2,118.0,72.11,187.1,119590.64
1845,3,3,3,3.91,6.4,6.92,21.96,14.76,11.41,11.73,36.31,23.46,1.5475,Fail,265.8,2130.68,UB 457x191x67,UC 305x305x118,67.1,118.0,76.74,100.76,54322.03
1846,5,2,1,3.8,5.46,5.54,28.8,5.23,8.26,19.0,74.86,38.0,1.97,Fail,349.87,1929.75,UB 457x191x67,UC 305x305x118,67.1,118.0,87.74,119.02,26355.33
1847,1,2,1,4.16,7.55,6.28,24.81,13.14,23.83,4.16,19.77,8.32,2.376,Fail,343.5,606.82,UB 533x210x82,UC 254x254x89,82.2,89.0,80.59,88.38,6252.53
1848,2,1,1,4.26,7.23,4.89,24.51,12.09,10.75,8.52,57.92,17.04,3.3991,Fail,370.55,669.4,UB 533x210x82,UC 305x305x97,82.2,96.9,68.25,89.49,7287.41
1849,5,3,1,3.61,6.8,7.96,16.82,7.17,2.94,18.05,17.59,36.1,0.4872,Pass,168.48,1816.89,UB 406x178x54,UC 305x305x97,54.3,96.9,94.54,94.54,33714.12
1850,4,1,3,3.66,7.0,5.24,28.58,11.42,13.0,14.64,140.49,29.28,4.798,Fail,698.51,2158.8,UB 610x229x101,UC 305x305x118,101.2,118.0,88.2,161.17,37881.47
1851,2,2,3,3.99,7.63,6.6,27.46,8.76,16.43,7.98,42.85,15.96,2.6849,Fail,346.5,1495.85,UB 533x210x82,UC 305x305x118,82.2,118.0,79.39,91.58,31100.02
1852,5,1,2,4.24,7.59,7.84,27.18,3.53,3.56,21.2,98.75,42.4,2.3291,Fail,401.99,2632.12,UB 533x210x82,UC 305x305x118,82.2,118.0,70.96,132.9,37257.03
1853,5,3,2,3.51,6.2,7.4,8.68,9.68,8.97,17.55,46.0,35.1,1.3104,Fail,228.86,1846.57,UB 406x178x54,UC 305x305x118,54.3,118.0,76.35,94.05,56073.3
1854,2,2,3,3.4,7.13,5.53,14.46,7.29,1.82,6.8,2.73,13.6,0.2008,Pass,146.97,806.57,UB 406x178x54,UC 254x254x73,54.3,73.1,98.81,75.72,17564.53
1855,2,1,3,3.72,5.7,6.69,22.14,3.89,4.76,7.44,14.24,14.88,0.9567,Pass,151.36,721.47,UB 356x171x45,UC 254x254x73,45.0,73.1,93.37,73.55,10015.51
1856,5,2,3,3.51,7.7,4.48,26.08,12.1,9.97,17.55,83.29,35.1,2.3731,Fail,450.47,3311.97,UB 533x210x82,UC 305x305x118,82.2,118.0,86.01,159.91,66739.92
1857,2,1,3,4.19,5.24,6.04,20.65,2.53,0.74,8.38,3.26,16.76,0.1945,Pass,109.51,569.71,UB 305x165x40,UC 203x203x60,40.5,60.0,91.96,78.48,8655.6
1858,2,2,1,3.0,6.67,6.06,20.01,13.8,9.73,6.0,8.88,12.0,0.7397,Pass,215.94,955.67,UB 457x191x67,UC 254x254x73,67.1,73.1,79.98,97.06,8651.81
1859,1,1,2,3.76,4.3,6.67,25.36,6.35,24.24,3.76,18.56,7.52,2.4674,Fail,209.53,465.02,UB 356x171x45,UC 254x254x73,45.0,73.1,98.31,87.22,3430.24
1860,1,1,1,3.56,4.22,6.59,7.0,10.19,1.83,3.56,1.14,7.12,0.1606,Pass,82.29,136.17,UB 254x146x31,UC 203x203x46,31.1,46.1,75.56,50.75,1328.85
1861,3,1,2,3.61,4.71,6.52,9.9,9.57,11.08,10.83,55.57,21.66,2.5654,Fail,351.95,902.66,UB 457x191x67,UC 305x305x97,67.1,96.9,88.26,99.73,14390.83
1862,4,3,1,3.08,5.47,6.55,11.75,13.64,11.02,12.32,22.98,24.64,0.9327,Pass,181.82,1283.62,UB 356x171x45,UC 254x254x89,45.0,89.0,85.31,97.81,19395.44
1863,5,2,2,3.24,6.86,5.8,8.49,7.24,21.58,16.2,128.0,32.4,3.9505,Fail,560.85,1453.65,UB 533x210x82,UC 305x305x118,82.2,118.0,99.0,158.11,48423.96
1864,2,3,1,3.52,6.22,4.37,26.81,11.42,20.65,7.04,22.46,14.08,1.5953,Fail,243.5,915.06,UB 457x191x67,UC 254x254x89,67.1,89.0,73.34,89.13,12366.64
1865,4,1,1,3.85,7.73,4.27,24.44,2.3,23.41,15.4,318.53,30.8,10.342,Fail,1211.96,1197.86,UB 610x229x101,UC 305x305x118,101.2,118.0,153.02,218.3,16984.0
1866,5,2,1,4.46,4.79,5.82,7.23,3.72,23.28,22.3,348.92,44.6,7.8234,Fail,1142.73,1207.22,UB 610x229x101,UC 305x305x118,101.2,118.0,144.28,274.08,34318.12
1867,3,3,1,3.3,7.66,5.61,16.68,14.05,11.61,9.9,22.64,19.8,1.1435,Fail,280.15,1388.58,UB 533x210x82,UC 305x305x97,82.2,96.9,68.15,87.04,24541.92
1868,2,1,3,3.15,6.41,4.0,7.82,11.75,5.95,6.3,10.59,12.6,0.8405,Pass,129.58,432.19,UB 356x171x45,UC 203x203x60,45.0,60.0,99.84,80.41,7491.6
1869,5,3,2,3.2,5.98,6.29,13.62,3.58,5.46,16.0,20.03,32.0,0.6258,Pass,134.35,1499.56,UB 356x171x45,UC 254x254x89,45.0,89.0,71.25,92.29,40519.5
1870,1,3,3,3.45,5.06,4.2,29.03,13.24,8.08,3.45,2.18,6.9,0.3162,Pass,150.55,577.95,UB 406x178x54,UC 203x203x60,54.3,60.0,68.64,84.6,9345.82
1871,2,2,2,3.77,7.89,4.38,11.88,14.93,5.91,7.54,12.95,15.08,0.8588,Pass,240.05,1007.23,UB 533x210x82,UC 254x254x89,82.2,89.0,64.97,89.3,18142.67
1872,2,3,2,4.25,5.59,6.14,28.19,13.77,18.52,8.5,37.78,17.0,2.2226,Fail,253.88,1471.27,UB 406x178x54,UC 305x305x118,54.3,118.0,91.86,88.21,22834.1
1873,4,3,3,3.26,4.75,4.06,9.04,3.2,12.29,13.04,29.06,26.08,1.1145,Fail,183.34,613.66,UB 356x171x45,UC 254x254x89,45.0,89.0,86.03,83.43,37598.56
1874,5,3,1,3.15,4.77,6.08,29.34,4.23,13.65,15.75,42.12,31.5,1.3371,Fail,277.41,1801.81,UB 406x178x54,UC 305x305x118,54.3,118.0,92.55,99.78,29241.21
1875,4,3,3,3.91,4.94,5.7,25.66,13.37,13.48,15.64,61.66,31.28,1.9712,Fail,329.7,2385.58,UB 457x191x67,UC 305x305x118,67.1,118.0,82.68,130.61,63797.63
1876,1,3,1,3.82,7.98,5.63,13.46,9.44,11.24,3.82,5.1,7.64,0.6673,Pass,205.69,359.52,UB 457x191x67,UC 203x203x60,67.1,60.0,92.77,95.98,6557.44
1877,1,2,3,3.88,6.88,5.71,22.02,14.93,11.34,3.88,7.11,7.76,0.9161,Pass,264.14,711.6,UB 457x191x67,UC 254x254x73,67.1,73.1,95.93,90.32,10544.99
1878,1,2,2,3.35,5.62,7.12,8.66,12.3,9.13,3.35,3.12,6.7,0.466,Pass,161.98,430.41,UB 356x171x45,UC 203x203x46,45.0,46.1,76.0,82.02,4829.72
1879,1,2,3,3.22,6.64,4.68,10.6,6.54,16.85,3.22,5.3,6.44,0.8229,Pass,122.17,294.18,UB 356x171x45,UC 203x203x46,45.0,46.1,97.19,84.05,6067.1
1880,1,2,3,4.31,5.46,7.11,18.48,7.81,2.62,4.31,2.24,8.62,0.2604,Pass,181.03,501.2,UB 356x171x45,UC 203x203x60,45.0,60.0,84.94,77.67,7948.35
1881,3,2,3,3.23,4.29,6.61,28.43,2.95,14.27,9.69,27.27,19.38,1.4073,Fail,220.52,1440.81,UB 406x178x54,UC 305x305x118,54.3,118.0,73.57,83.41,29002.69
1882,3,3,2,4.45,7.02,7.82,18.94,8.95,17.05,13.35,89.06,26.7,3.3357,Fail,377.95,1834.03,UB 457x191x67,UC 305x305x118,67.1,118.0,94.78,128.34,44215.06
1883,2,2,3,3.91,5.16,6.19,5.4,4.06,22.3,7.82,45.64,15.64,2.9182,Fail,240.69,315.31,UB 406x178x54,UC 305x305x97,54.3,96.9,80.3,84.89,19626.21
1884,1,2,1,4.43,6.77,4.92,26.04,7.63,17.98,4.43,18.06,8.86,2.0381,Fail,250.25,462.02,UB 457x191x67,UC 254x254x73,67.1,73.1,83.29,84.06,4750.46
1885,3,3,2,3.97,5.19,6.42,26.15,9.93,13.84,11.91,42.23,23.82,1.7729,Fail,254.62,1846.55,UB 406x178x54,UC 305x305x118,54.3,118.0,84.94,100.93,32840.16
1886,1,3,1,3.43,5.81,6.18,16.45,12.53,22.82,3.43,6.2,6.86,0.9039,Pass,149.68,375.15,UB 406x178x54,UC 203x203x60,54.3,60.0,71.24,78.58,4881.59
1887,4,1,2,4.39,4.94,6.18,16.19,8.21,13.48,17.56,226.05,35.12,6.4364,Fail,905.85,1618.08,UB 610x229x101,UC 305x305x118,101.2,118.0,114.38,185.17,28438.27
1888,2,1,3,3.68,5.52,4.31,20.35,11.35,16.59,7.36,46.97,14.72,3.1911,Fail,335.36,719.5,UB 457x191x67,UC 305x305x97,67.1,96.9,84.1,93.19,12139.02
1889,4,2,3,3.8,5.54,4.6,20.59,13.9,12.65,15.2,78.48,30.4,2.5816,Fail,396.67,2020.15,UB 457x191x67,UC 305x305x118,67.1,118.0,99.48,133.61,44530.45
1890,2,1,2,3.77,4.78,7.98,5.95,10.36,7.96,7.54,23.03,15.08,1.5271,Fail,162.71,562.88,UB 305x165x40,UC 254x254x73,40.5,73.1,94.67,82.83,7054.1
1891,5,1,2,3.97,6.73,7.17,14.22,11.04,22.08,19.85,456.86,39.7,11.5078,Fail,1568.51,2535.03,UB 610x229x101,UC 305x305x118,101.2,118.0,198.04,306.38,38782.02
1892,3,2,2,4.09,5.33,5.83,5.96,10.75,4.2,12.27,20.36,24.54,0.8298,Pass,117.7,858.95,UB 305x165x40,UC 254x254x73,40.5,73.1,69.77,87.05,16208.07
1893,5,1,3,3.51,5.5,5.0,28.36,7.11,14.84,17.55,181.13,35.1,5.1603,Fail,863.35,2292.87,UB 610x229x101,UC 305x305x118,101.2,118.0,109.01,189.32,42879.2
1894,2,1,2,4.24,6.45,4.74,11.17,14.37,17.09,8.48,85.61,16.96,5.0475,Fail,439.45,705.79,UB 533x210x82,UC 305x305x118,82.2,118.0,77.57,95.7,12302.0
1895,5,2,2,4.25,4.89,7.76,18.65,13.72,14.31,21.25,182.42,42.5,4.2923,Fail,676.3,2986.68,UB 610x229x101,UC 305x305x118,101.2,118.0,85.39,225.79,60972.9
1896,1,2,2,3.25,4.32,6.72,13.2,8.93,8.45,3.25,2.37,6.5,0.3652,Pass,149.71,387.98,UB 305x165x40,UC 203x203x46,40.5,46.1,87.11,71.82,4031.15
1897,4,1,2,3.58,7.87,4.69,28.65,4.88,17.36,14.32,187.41,28.64,6.5435,Fail,850.48,1834.16,UB 610x229x101,UC 305x305x118,101.2,118.0,107.38,176.06,27289.94
1898,3,3,3,4.17,5.48,4.89,29.79,8.56,14.0,12.51,52.07,25.02,2.0812,Fail,287.96,1704.26,UB 406x178x54,UC 305x305x118,54.3,118.0,96.07,102.96,43890.16
1899,4,2,2,3.04,6.58,6.08,28.91,14.34,13.97,12.16,44.19,24.32,1.8169,Fail,363.34,3189.5,UB 457x191x67,UC 305x305x118,67.1,118.0,98.23,140.74,33301.58
1900,1,3,2,4.13,7.09,5.15,11.54,2.1,7.67,4.13,4.37,8.26,0.5294,Pass,98.4,250.98,UB 356x171x45,UC 203x203x46,45.0,46.1,94.16,70.11,7010.17
1901,5,1,3,4.34,7.3,4.3,25.81,13.88,14.98,21.7,438.83,43.4,10.1113,Fail,1359.97,2661.82,UB 610x229x101,UC 305x305x118,101.2,118.0,171.71,276.42,48314.8
1902,2,1,1,3.78,6.82,6.33,11.73,2.49,20.96,7.56,72.2,15.12,4.7754,Fail,392.31,336.4,UB 457x191x67,UC 305x305x97,67.1,96.9,98.38,98.67,6459.72
1903,2,2,2,3.13,5.17,4.43,25.69,4.63,5.41,6.26,5.06,12.52,0.4044,Pass,116.01,855.87,UB 356x171x45,UC 203x203x60,45.0,60.0,81.16,95.34,8564.4
1904,2,2,3,4.33,7.27,5.9,26.15,8.82,5.95,8.66,20.35,17.32,1.175,Fail,267.03,1343.82,UB 533x210x82,UC 305x305x97,82.2,96.9,66.3,89.29,28360.99
1905,4,2,2,3.07,7.84,5.06,26.17,11.06,16.08,12.28,58.44,24.56,2.3794,Fail,432.28,2778.53,UB 533x210x82,UC 305x305x118,82.2,118.0,88.52,138.6,38490.48
1906,1,2,1,3.05,5.42,5.83,20.39,14.32,3.05,3.05,0.77,6.1,0.1263,Pass,146.83,435.68,UB 406x178x54,UC 203x203x46,54.3,46.1,69.27,96.49,2970.56
1907,5,3,2,3.84,6.42,7.34,23.94,2.09,9.02,19.2,64.26,38.4,1.6733,Fail,290.69,2527.29,UB 406x178x54,UC 305x305x118,54.3,118.0,96.98,124.65,58816.95
1908,2,3,3,3.84,7.07,5.61,27.25,14.16,13.94,7.68,21.94,15.36,1.4282,Fail,306.15,1521.62,UB 533x210x82,UC 305x305x97,82.2,96.9,72.21,99.26,36922.18
1909,4,2,1,4.43,7.46,6.33,15.39,11.81,13.47,17.72,165.55,35.44,4.6712,Fail,564.06,1674.96,UB 533x210x82,UC 305x305x118,82.2,118.0,99.57,159.85,28601.06
1910,3,2,1,3.21,6.82,6.04,29.58,13.61,6.99,9.63,16.6,19.26,0.8617,Pass,294.78,1828.17,UB 533x210x82,UC 305x305x118,82.2,118.0,67.6,85.12,18013.68
1911,3,3,3,3.63,5.45,7.47,24.69,12.94,7.2,10.89,16.41,21.78,0.7537,Pass,275.62,2101.62,UB 406x178x54,UC 305x305x118,54.3,118.0,91.95,88.98,45816.34
1912,5,1,2,4.44,7.64,7.87,25.31,7.57,8.31,22.2,270.04,44.4,6.0819,Fail,838.93,3007.82,UB 610x229x101,UC 305x305x118,101.2,118.0,105.92,211.75,43244.0
1913,2,1,1,3.06,7.21,5.49,10.74,10.42,5.8,6.12,10.0,12.24,0.8167,Pass,156.89,396.2,UB 406x178x54,UC 203x203x60,54.3,60.0,99.4,94.33,4227.24
1914,2,1,3,4.32,7.53,7.31,24.98,13.29,1.73,8.64,10.09,17.28,0.5837,Pass,272.18,1228.6,UB 533x210x82,UC 305x305x97,82.2,96.9,80.62,96.58,18860.04
1915,1,2,2,3.72,6.09,6.53,15.64,11.6,17.05,3.72,8.74,7.44,1.1749,Fail,176.85,546.17,UB 406x178x54,UC 203x203x60,54.3,60.0,77.11,98.22,6120.4
1916,3,2,2,4.28,6.1,5.53,19.66,14.94,12.27,12.84,74.17,25.68,2.8884,Fail,357.07,1813.66,UB 457x191x67,UC 305x305x118,67.1,118.0,89.55,121.8,27682.79
1917,4,3,1,3.63,7.6,7.16,22.98,5.8,10.33,14.52,45.36,29.04,1.5621,Fail,294.59,1798.72,UB 533x210x82,UC 305x305x118,82.2,118.0,62.34,92.12,38116.99
1918,1,1,2,4.27,7.94,6.81,27.98,5.74,23.74,4.27,36.02,8.54,4.2173,Fail,304.29,573.21,UB 533x210x82,UC 305x305x97,82.2,96.9,83.28,91.81,6679.71
1919,1,3,1,4.21,4.69,6.17,25.41,11.58,4.76,4.21,2.6,8.42,0.3088,Pass,160.11,414.58,UB 356x171x45,UC 203x203x60,45.0,60.0,75.12,81.63,4397.7
1920,1,1,1,3.91,7.51,6.58,20.67,10.11,1.47,3.91,1.64,7.82,0.2097,Pass,155.5,304.77,UB 533x210x82,UC 254x254x73,82.2,73.1,64.33,73.36,3459.68
1921,1,1,3,3.37,5.05,4.64,22.94,8.02,0.61,3.37,0.35,6.74,0.0515,Pass,90.28,321.88,UB 356x171x45,UC 203x203x46,45.0,46.1,77.23,76.34,3404.66
1922,2,2,2,3.78,4.35,5.82,24.67,13.7,12.0,7.56,20.44,15.12,1.3522,Fail,183.63,1180.47,UB 356x171x45,UC 254x254x89,45.0,89.0,86.16,98.3,11547.36
1923,3,2,3,4.46,6.25,5.06,8.39,4.01,14.28,13.38,100.86,26.76,3.7692,Fail,375.95,611.06,UB 457x191x67,UC 305x305x118,67.1,118.0,94.28,101.05,38178.28
1924,1,2,1,3.93,6.04,7.1,21.74,7.9,22.49,3.93,14.03,7.86,1.7855,Fail,184.91,418.81,UB 406x178x54,UC 254x254x73,54.3,73.1,81.86,71.56,4192.18
1925,5,1,3,3.15,4.21,7.48,22.96,14.48,16.14,15.75,119.99,31.5,3.8093,Fail,745.34,2998.9,UB 610x229x101,UC 305x305x118,101.2,118.0,94.11,190.27,46098.32
1926,2,1,2,4.03,4.79,7.15,23.21,14.04,16.38,8.06,60.13,16.12,3.7303,Fail,381.88,1168.51,UB 457x191x67,UC 305x305x118,67.1,118.0,95.77,99.21,11473.05
1927,2,1,2,3.27,4.62,7.82,27.74,4.78,10.3,6.54,17.76,13.08,1.3576,Fail,269.41,1001.1,UB 406x178x54,UC 254x254x89,54.3,89.0,89.88,84.1,8394.56
1928,2,1,3,3.64,5.31,7.42,6.88,5.94,13.83,7.28,37.0,14.56,2.541,Fail,242.15,439.02,UB 406x178x54,UC 254x254x89,54.3,89.0,80.79,86.56,12324.9
1929,2,1,1,3.49,5.45,7.86,24.73,13.12,13.5,6.98,31.56,13.96,2.2609,Fail,276.31,760.61,UB 406x178x54,UC 254x254x89,54.3,89.0,92.18,97.62,5375.81
1930,3,3,2,3.4,4.49,6.9,16.58,11.67,12.33,10.2,20.39,20.4,0.9996,Pass,187.22,1434.96,UB 356x171x45,UC 305x305x97,45.0,96.9,87.85,86.35,24767.91
1931,2,2,2,3.37,4.08,5.33,26.64,9.51,23.83,6.74,26.15,13.48,1.94,Fail,221.15,1013.4,UB 406x178x54,UC 305x305x97,54.3,96.9,73.78,93.6,12009.51
1932,4,3,3,4.09,4.72,5.79,25.62,13.19,10.97,16.36,57.77,32.72,1.7655,Fail,297.42,2342.24,UB 406x178x54,UC 305x305x118,54.3,118.0,99.22,124.23,58280.94
1933,2,3,1,3.66,4.65,5.32,21.67,9.75,18.99,7.32,21.08,14.64,1.4396,Fail,166.55,655.52,UB 305x165x40,UC 254x254x73,40.5,73.1,96.9,96.49,8264.32
1934,4,3,1,3.32,6.83,7.27,8.46,14.37,23.65,13.28,71.78,26.56,2.7024,Fail,387.63,1401.34,UB 457x191x67,UC 305x305x118,67.1,118.0,97.21,114.31,31340.42
1935,5,1,1,3.22,7.25,7.01,7.46,12.31,9.93,16.1,106.91,32.2,3.3203,Fail,507.59,1177.07,UB 533x210x82,UC 305x305x118,82.2,118.0,89.6,104.83,19320.92
1936,1,3,1,3.26,7.53,5.06,18.86,9.89,23.49,3.26,5.93,6.52,0.9088,Pass,232.12,417.03,UB 457x191x67,UC 254x254x73,67.1,73.1,97.86,74.72,6296.13
1937,4,3,3,3.76,6.28,5.4,10.26,11.62,17.62,15.04,78.58,30.08,2.6124,Fail,367.39,1501.54,UB 457x191x67,UC 305x305x118,67.1,118.0,92.13,115.55,66014.46
1938,3,3,3,3.54,4.95,6.14,28.11,12.38,23.06,10.62,45.86,21.24,2.1589,Fail,316.0,1939.23,UB 457x191x67,UC 305x305x118,67.1,118.0,79.25,115.54,46839.56
1939,1,1,1,3.42,5.21,7.69,21.14,12.59,21.38,3.42,12.36,6.84,1.8067,Fail,204.01,327.48,UB 356x171x45,UC 254x254x73,45.0,73.1,95.72,73.13,2161.01
1940,5,2,1,3.69,5.39,7.49,28.85,13.34,14.26,18.45,115.94,36.9,3.142,Fail,540.49,2699.47,UB 533x210x82,UC 305x305x118,82.2,118.0,95.41,179.59,31158.93
1941,1,1,1,3.96,4.67,7.71,28.55,11.74,16.6,3.96,15.77,7.92,1.9916,Fail,252.27,372.67,UB 406x178x54,UC 254x254x73,54.3,73.1,84.16,80.63,2502.37
1942,1,2,1,3.72,6.62,6.94,9.82,9.96,4.91,3.72,2.62,7.44,0.3516,Pass,130.54,303.36,UB 406x178x54,UC 203x203x46,54.3,46.1,71.92,79.86,3597.34
1943,1,3,2,4.49,4.33,6.75,17.5,9.91,2.88,4.49,1.96,8.98,0.2185,Pass,191.37,476.54,UB 356x171x45,UC 203x203x46,45.0,46.1,89.79,94.15,6667.52
1944,4,1,3,3.23,4.61,4.83,7.95,10.93,17.51,12.92,98.32,25.84,3.8049,Fail,625.43,1072.46,UB 610x229x101,UC 305x305x118,101.2,118.0,78.97,124.06,31392.1
1945,4,2,2,4.13,4.56,4.46,24.28,10.75,2.9,16.52,22.15,33.04,0.6704,Pass,139.88,1815.1,UB 305x165x40,UC 305x305x97,40.5,96.9,91.59,93.39,23174.53
1946,4,2,1,3.19,4.72,4.48,23.04,7.8,18.07,12.76,56.36,25.52,2.2083,Fail,373.46,1200.18,UB 457x191x67,UC 305x305x118,67.1,118.0,93.66,107.36,17708.77
1947,5,2,1,3.3,6.49,6.92,5.93,9.43,10.79,16.5,65.97,33.0,1.9991,Fail,312.4,1113.28,UB 457x191x67,UC 305x305x118,67.1,118.0,78.35,92.33,27356.56
1948,3,1,3,3.02,4.72,6.6,21.63,5.92,13.02,9.06,35.23,18.12,1.9442,Fail,303.44,1148.61,UB 457x191x67,UC 305x305x97,67.1,96.9,76.1,95.96,18795.34
1949,2,2,1,3.15,5.14,7.16,22.08,10.13,3.52,6.3,3.39,12.6,0.2689,Pass,164.57,809.33,UB 356x171x45,UC 254x254x73,45.0,73.1,84.72,91.19,6546.78
1950,3,1,3,4.0,7.93,4.6,12.17,3.67,21.0,12.0,197.85,24.0,8.2435,Fail,785.81,745.96,UB 610x229x101,UC 305x305x118,101.2,118.0,99.22,149.91,29337.55
1951,5,1,3,4.27,7.98,5.4,14.51,12.28,20.26,21.35,592.89,42.7,13.885,Fail,1688.74,2327.79,UB 610x229x101,UC 305x305x118,101.2,118.0,213.22,319.17,52700.32
1952,1,1,3,4.0,6.38,4.51,22.36,8.46,0.43,4.0,0.5,8.0,0.0626,Pass,115.57,344.1,UB 457x191x67,UC 203x203x60,67.1,60.0,63.81,84.68,5448.12
1953,1,1,2,3.18,5.1,5.7,13.98,6.25,9.17,3.18,4.05,6.36,0.6366,Pass,98.45,264.83,UB 305x165x40,UC 203x203x46,40.5,46.1,73.99,73.14,2422.64
1954,3,1,1,4.27,5.04,4.3,23.57,4.03,3.52,12.81,32.76,25.62,1.2787,Fail,192.6,582.05,UB 356x171x45,UC 254x254x73,45.0,73.1,90.37,85.77,6267.44
1955,4,1,2,3.18,6.46,5.92,18.94,5.61,4.16,12.72,26.74,25.44,1.051,Fail,209.54,1336.43,UB 406x178x54,UC 254x254x89,54.3,89.0,82.95,95.07,16145.11
1956,5,1,2,4.08,7.86,5.72,26.55,2.29,5.71,20.4,142.24,40.8,3.4863,Fail,532.69,2083.5,UB 533x210x82,UC 305x305x118,82.2,118.0,94.03,134.44,33538.26
1957,2,2,3,3.98,7.6,5.37,11.53,13.23,20.69,7.96,53.26,15.92,3.3457,Fail,309.8,962.15,UB 457x191x67,UC 305x305x118,67.1,118.0,86.65,86.75,25916.61
1958,1,1,3,4.07,5.14,5.0,8.12,10.01,22.7,4.07,24.57,8.14,3.0188,Fail,179.89,238.45,UB 356x171x45,UC 254x254x73,45.0,73.1,84.41,79.06,4655.34
1959,4,2,3,4.37,6.56,5.47,27.33,6.01,1.62,17.48,17.87,34.96,0.5113,Pass,205.57,2278.96,UB 457x191x67,UC 305x305x118,67.1,118.0,75.03,95.42,52050.64
1960,4,3,3,4.17,5.39,5.14,26.09,14.3,6.28,16.68,37.54,33.36,1.1254,Fail,225.4,2441.02,UB 406x178x54,UC 305x305x118,54.3,118.0,79.27,107.36,58937.23
1961,1,1,2,3.69,4.01,4.18,6.48,3.54,19.59,3.69,13.7,7.38,1.857,Fail,117.9,126.69,UB 305x165x40,UC 203x203x46,40.5,46.1,68.59,98.43,2185.03
1962,1,1,1,3.04,7.65,7.17,18.85,3.3,9.97,3.04,4.53,6.08,0.7444,Pass,138.78,230.67,UB 457x191x67,UC 203x203x60,67.1,60.0,79.05,91.75,2718.44
1963,1,2,1,3.64,4.17,4.05,7.44,11.45,9.16,3.64,3.87,7.28,0.5313,Pass,59.5,180.28,UB 254x146x31,UC 203x203x46,31.1,46.1,72.8,49.38,1903.44
1964,1,1,3,3.05,6.88,7.9,22.61,8.02,4.89,3.05,2.16,6.1,0.3541,Pass,256.34,503.45,UB 457x191x67,UC 254x254x73,67.1,73.1,79.52,75.38,6810.77
1965,1,2,2,3.15,4.22,6.85,13.3,14.59,20.32,3.15,5.04,6.3,0.8003,Pass,197.69,494.01,UB 356x171x45,UC 203x203x46,45.0,46.1,92.76,94.83,4295.83
1966,3,2,3,4.43,5.97,4.8,15.02,3.48,4.91,13.29,33.2,26.58,1.2492,Fail,160.22,857.74,UB 356x171x45,UC 254x254x89,45.0,89.0,76.25,84.74,26473.32
1967,1,3,2,3.27,6.13,6.11,13.88,7.54,10.74,3.27,2.53,6.54,0.3869,Pass,120.05,402.16,UB 356x171x45,UC 203x203x46,45.0,46.1,95.57,85.62,6491.21
1968,3,2,1,3.31,6.25,5.34,29.99,12.45,19.43,9.93,48.47,19.86,2.4405,Fail,368.42,1624.93,UB 457x191x67,UC 305x305x118,67.1,118.0,92.39,107.64,15287.77
1969,5,2,1,4.23,7.68,5.76,11.36,7.69,9.84,21.15,154.36,42.3,3.6493,Fail,480.42,1444.09,UB 533x210x82,UC 305x305x118,82.2,118.0,84.8,136.06,34702.2
1970,2,1,2,3.88,6.1,7.32,22.49,8.18,0.8,7.76,2.91,15.52,0.1875,Pass,229.09,942.91,UB 406x178x54,UC 254x254x73,54.3,73.1,87.25,89.85,8570.72
1971,3,2,2,3.64,5.24,5.32,19.73,11.82,19.88,10.92,63.3,21.84,2.8985,Fail,376.12,1484.06,UB 457x191x67,UC 305x305x118,67.1,118.0,94.32,119.25,24351.41
1972,1,2,3,3.73,5.87,7.66,5.93,11.74,6.57,3.73,3.37,7.46,0.4515,Pass,146.06,373.61,UB 305x165x40,UC 203x203x46,40.5,46.1,98.55,78.81,6757.39
1973,2,3,3,3.1,6.86,7.03,26.45,10.2,6.74,6.2,5.15,12.4,0.4151,Pass,237.87,1459.49,UB 457x191x67,UC 305x305x97,67.1,96.9,94.32,84.92,31980.94
1974,1,2,1,4.0,6.83,5.27,9.3,5.32,15.22,4.0,10.55,8.0,1.3186,Fail,119.45,206.87,UB 356x171x45,UC 203x203x46,45.0,46.1,90.23,87.86,3047.25
1975,1,3,2,3.97,6.39,5.99,27.81,12.18,13.23,3.97,6.35,7.94,0.7995,Pass,231.21,759.6,UB 457x191x67,UC 254x254x73,67.1,73.1,83.18,88.97,10556.84
1976,4,3,1,3.97,4.79,6.36,22.13,12.58,9.56,15.88,45.57,31.76,1.4347,Fail,249.1,1570.38,UB 406x178x54,UC 305x305x118,54.3,118.0,83.1,90.49,26758.62
1977,5,3,2,3.15,7.63,7.82,8.71,8.3,23.81,15.75,95.03,31.5,3.0167,Fail,436.7,1934.7,UB 533x210x82,UC 305x305x118,82.2,118.0,77.09,140.78,76237.53
1978,4,2,3,3.4,4.93,4.7,13.06,4.38,18.42,13.6,73.23,27.2,2.6924,Fail,407.2,949.03,UB 533x210x82,UC 305x305x118,82.2,118.0,71.88,112.37,46133.71
1979,5,3,3,3.89,6.33,7.65,29.89,7.8,0.37,19.45,2.93,38.9,0.0754,Pass,278.3,3703.88,UB 457x191x67,UC 305x305x118,67.1,118.0,76.21,141.25,93005.08
1980,3,1,2,4.27,7.82,4.56,10.36,2.66,11.52,12.81,134.43,25.62,5.2472,Fail,508.06,584.67,UB 533x210x82,UC 305x305x118,82.2,118.0,89.68,98.8,19352.7
1981,5,1,1,3.13,4.22,4.63,21.63,2.36,20.08,15.65,146.17,31.3,4.67,Fail,886.66,1407.45,UB 610x229x101,UC 305x305x118,101.2,118.0,111.95,167.67,16343.0
1982,3,1,3,4.42,7.2,4.94,22.11,11.76,14.29,13.26,179.18,26.52,6.7564,Fail,734.32,1400.11,UB 610x229x101,UC 305x305x118,101.2,118.0,92.72,155.43,30259.82
1983,5,3,3,3.67,4.59,4.45,29.4,14.51,18.27,18.35,94.56,36.7,2.5765,Fail,481.91,2808.35,UB 533x210x82,UC 305x305x118,82.2,118.0,85.07,171.86,79230.08
1984,5,3,3,3.88,5.16,6.65,5.76,12.66,1.77,19.4,11.78,38.8,0.3036,Pass,107.87,1605.72,UB 305x165x40,UC 254x254x89,40.5,89.0,69.78,87.83,56323.9
1985,5,2,2,3.46,4.55,7.03,16.28,13.44,8.9,17.3,53.42,34.6,1.5441,Fail,296.62,2500.65,UB 406x178x54,UC 305x305x118,54.3,118.0,98.95,126.95,37236.42
1986,5,3,1,3.86,5.76,6.03,15.94,2.15,4.31,19.3,29.6,38.6,0.7669,Pass,147.56,1094.25,UB 305x165x40,UC 254x254x89,40.5,89.0,95.32,84.87,25624.3
1987,1,2,3,3.07,5.9,5.89,7.34,12.95,21.05,3.07,5.33,6.14,0.8676,Pass,120.58,371.27,UB 356x171x45,UC 203x203x46,45.0,46.1,80.72,91.95,6207.77
1988,4,3,1,3.45,5.61,7.06,21.7,14.14,12.77,13.8,39.98,27.6,1.4484,Fail,266.95,1866.72,UB 406x178x54,UC 305x305x118,54.3,118.0,89.06,97.29,26471.88
1989,4,3,3,3.41,4.66,6.68,18.99,8.56,11.58,13.64,31.84,27.28,1.1672,Fail,212.42,1785.85,UB 356x171x45,UC 305x305x118,45.0,118.0,99.67,89.56,50246.72
1990,4,3,3,4.4,5.91,6.54,11.68,9.65,5.73,17.6,43.09,35.2,1.2241,Fail,191.84,1546.82,UB 356x171x45,UC 305x305x97,45.0,96.9,90.01,99.63,54179.04
1991,1,2,1,4.19,5.69,5.42,6.1,13.69,16.06,4.19,12.44,8.38,1.4849,Fail,121.28,257.21,UB 356x171x45,UC 203x203x46,45.0,46.1,70.62,99.51,2914.85
1992,2,2,2,4.01,7.23,6.21,10.6,11.4,8.85,8.02,22.92,16.04,1.4288,Fail,193.52,905.94,UB 457x191x67,UC 254x254x73,67.1,73.1,66.28,98.5,16098.25
1993,4,3,3,4.01,5.59,5.17,6.13,9.86,10.54,16.04,55.66,32.08,1.735,Fail,249.18,1021.05,UB 406x178x54,UC 305x305x97,54.3,96.9,83.13,97.4,52913.28
1994,3,3,2,3.58,4.99,5.06,20.3,2.33,11.33,10.74,23.53,21.48,1.0956,Fail,162.82,979.62,UB 305x165x40,UC 254x254x89,40.5,89.0,94.73,88.19,21845.21
1995,3,1,1,3.67,4.61,5.35,14.65,4.08,23.34,11.01,122.75,22.02,5.5745,Fail,729.57,743.17,UB 610x229x101,UC 305x305x118,101.2,118.0,92.12,137.95,11244.43
1996,5,1,3,3.61,6.17,4.5,17.56,9.46,19.73,18.05,281.95,36.1,7.8104,Fail,1171.83,1917.91,UB 610x229x101,UC 305x305x118,101.2,118.0,147.96,226.44,43189.28
1997,2,2,3,3.6,6.79,4.91,6.03,7.67,24.63,7.2,42.18,14.4,2.9294,Fail,243.06,479.98,UB 406x178x54,UC 305x305x97,54.3,96.9,81.09,86.03,19070.35
1998,4,2,1,4.49,7.01,5.78,19.39,7.52,15.58,17.96,194.19,35.92,5.4062,Fail,641.43,1517.72,UB 610x229x101,UC 305x305x118,101.2,118.0,80.99,174.87,31085.5
1999,1,1,2,3.11,7.99,4.45,27.4,14.92,6.21,3.11,3.2,6.22,0.514,Pass,264.55,546.13,UB 610x229x101,UC 254x254x89,101.2,89.0,66.83,99.73,5887.86
2000,5,3,1,4.5,7.49,6.86,7.7,4.77,17.99,22.5,240.05,45.0,5.3344,Fail,642.4,986.12,UB 610x229x101,UC 305x305x118,101.2,118.0,81.11,164.07,57864.28
2001,1,2,1,4.47,4.18,5.02,18.91,3.23,8.31,4.47,7.57,8.94,0.8469,Pass,69.78,216.61,UB 254x146x31,UC 203x203x46,31.1,46.1,85.94,66.56,2224.76
2002,1,1,2,4.36,5.11,5.21,8.62,3.62,2.43,4.36,3.38,8.72,0.3881,Pass,51.1,151.48,UB 254x146x31,UC 152x152x30,31.1,30.0,86.8,90.68,1909.69
2003,3,3,1,4.31,6.79,5.09,24.69,7.41,21.13,12.93,97.09,25.86,3.7546,Fail,431.2,1272.92,UB 533x210x82,UC 305x305x118,82.2,118.0,76.12,120.68,27273.18
2004,4,3,2,4.34,7.73,4.26,17.89,11.1,14.86,17.36,121.45,34.72,3.4979,Fail,461.96,2018.15,UB 533x210x82,UC 305x305x118,82.2,118.0,81.55,144.09,58661.88
2005,5,3,3,3.06,6.16,7.63,5.07,7.21,20.83,15.3,66.38,30.6,2.1694,Fail,342.81,1246.55,UB 457x191x67,UC 305x305x118,67.1,118.0,85.97,105.8,84404.94
2006,2,1,2,3.12,5.08,6.07,29.88,12.23,20.99,6.24,32.04,12.48,2.5676,Fail,318.76,1143.58,UB 457x191x67,UC 305x305x118,67.1,118.0,79.94,82.42,9721.5
2007,5,1,2,3.94,7.79,6.18,20.41,9.0,20.12,19.7,443.38,39.4,11.2532,Fail,1446.58,2582.48,UB 610x229x101,UC 305x305x118,101.2,118.0,182.65,288.06,38281.14
2008,2,3,3,3.59,6.47,5.76,28.26,6.96,7.81,7.18,9.39,14.36,0.6539,Pass,204.31,1228.38,UB 457x191x67,UC 254x254x89,67.1,89.0,76.04,89.5,29919.51
2009,1,2,2,3.88,7.92,7.21,6.23,3.61,3.37,3.88,2.23,7.76,0.2877,Pass,91.04,233.96,UB 356x171x45,UC 203x203x46,45.0,46.1,94.69,60.75,5694.91
2010,5,3,1,3.09,6.75,5.91,14.03,11.06,9.54,15.45,33.29,30.9,1.0774,Fail,231.56,1739.24,UB 406x178x54,UC 305x305x118,54.3,118.0,96.71,82.07,31998.81
2011,1,2,1,3.11,4.31,6.73,6.55,12.82,13.45,3.11,3.21,6.22,0.5153,Pass,93.46,227.04,UB 254x146x31,UC 203x203x46,31.1,46.1,85.82,67.27,2024.3
2012,5,2,1,3.63,4.99,7.9,21.19,3.3,14.48,18.15,107.13,36.3,2.9514,Fail,492.79,1496.17,UB 533x210x82,UC 305x305x118,82.2,118.0,86.99,141.72,30794.46
2013,3,2,3,3.08,5.94,4.2,19.85,10.47,7.53,9.24,14.31,18.48,0.7744,Pass,177.54,1337.29,UB 406x178x54,UC 254x254x89,54.3,89.0,79.64,85.68,23766.95
2014,2,2,3,4.46,5.0,4.19,28.01,14.98,17.06,8.92,55.63,17.84,3.1183,Fail,299.55,1167.23,UB 406x178x54,UC 305x305x118,54.3,118.0,99.93,96.67,21070.03
2015,3,3,3,3.92,5.73,5.64,13.17,7.67,4.05,11.76,12.37,23.52,0.5261,Pass,112.97,1028.51,UB 356x171x45,UC 254x254x73,45.0,73.1,75.94,81.25,32173.9
2016,3,2,2,4.3,5.96,5.77,18.44,2.38,11.27,12.9,68.5,25.8,2.655,Fail,301.0,1063.62,UB 457x191x67,UC 305x305x118,67.1,118.0,75.49,93.39,27867.29
2017,3,2,1,3.29,6.03,6.43,15.63,5.15,19.56,9.87,46.82,19.74,2.3717,Fail,298.5,818.02,UB 406x178x54,UC 305x305x118,54.3,118.0,99.58,84.18,14059.45
2018,3,2,2,4.17,7.42,4.74,15.47,11.11,1.35,12.51,8.31,25.02,0.3322,Pass,201.6,1448.83,UB 457x191x67,UC 305x305x97,67.1,96.9,86.56,83.82,25596.82
2019,4,3,2,3.91,5.39,7.7,5.23,14.11,10.64,15.64,50.56,31.28,1.6165,Fail,245.46,1548.78,UB 406x178x54,UC 305x305x118,54.3,118.0,81.89,93.01,46062.13
2020,2,1,1,3.23,4.72,7.05,16.3,14.54,11.96,6.46,19.93,12.92,1.5425,Fail,198.2,563.29,UB 356x171x45,UC 254x254x73,45.0,73.1,93.0,88.4,4007.5
2021,4,2,2,3.2,5.26,4.27,5.69,3.03,7.02,12.8,23.34,25.6,0.9119,Pass,142.44,479.26,UB 305x165x40,UC 254x254x73,40.5,73.1,82.87,80.15,17684.28
2022,1,1,2,4.37,7.41,7.26,11.28,12.36,15.99,4.37,25.61,8.74,2.9298,Fail,202.11,426.08,UB 457x191x67,UC 254x254x73,67.1,73.1,76.68,98.68,5356.9
2023,1,1,3,3.02,5.9,6.07,14.9,11.24,24.79,3.02,9.65,6.04,1.5982,Fail,147.69,363.94,UB 406x178x54,UC 254x254x73,54.3,73.1,67.29,71.43,5025.18
2024,2,1,1,3.26,6.38,7.77,16.1,12.21,0.34,6.52,0.75,13.04,0.0572,Pass,173.72,567.73,UB 406x178x54,UC 254x254x73,54.3,73.1,92.14,83.06,4979.83
2025,3,2,1,4.49,5.63,5.05,9.1,12.56,1.9,13.47,13.16,26.94,0.4886,Pass,113.12,785.08,UB 356x171x45,UC 254x254x73,45.0,73.1,74.87,68.96,10993.39
2026,1,1,1,3.31,5.0,6.94,27.11,6.45,10.75,3.31,5.45,6.62,0.8228,Pass,165.19,286.85,UB 356x171x45,UC 203x203x60,45.0,60.0,81.26,82.27,1869.0
2027,5,3,2,4.3,6.13,5.84,13.76,12.65,4.22,21.5,43.56,43.0,1.013,Fail,202.71,2315.84,UB 406x178x54,UC 305x305x118,54.3,118.0,76.25,101.96,58107.14
2028,3,3,1,3.46,4.49,6.23,23.78,8.55,21.97,10.38,38.63,20.76,1.8608,Fail,273.19,1043.5,UB 406x178x54,UC 305x305x118,54.3,118.0,91.14,83.65,18246.71
2029,3,2,1,3.05,7.78,5.02,21.32,5.71,11.68,9.15,24.96,18.3,1.3639,Fail,266.48,1183.5,UB 533x210x82,UC 254x254x89,82.2,89.0,62.81,97.22,16274.09
2030,2,1,1,3.17,7.78,4.62,22.82,7.82,19.24,6.34,38.9,12.68,3.0675,Fail,357.19,572.19,UB 533x210x82,UC 305x305x97,82.2,96.9,71.19,82.79,6534.5
2031,5,3,3,4.47,6.73,6.48,25.39,3.1,10.96,22.35,135.38,44.7,3.0286,Fail,449.63,2631.79,UB 533x210x82,UC 305x305x118,82.2,118.0,79.37,164.74,107348.52
2032,4,1,1,4.0,6.58,6.71,9.16,4.21,4.79,16.0,67.38,32.0,2.1057,Fail,289.22,580.4,UB 406x178x54,UC 254x254x89,54.3,89.0,96.49,91.69,11469.18
2033,5,3,2,4.03,7.28,7.59,13.84,2.16,13.57,20.15,121.95,40.3,3.026,Fail,413.82,1696.83,UB 533x210x82,UC 305x305x118,82.2,118.0,73.05,132.37,80417.04
2034,1,3,2,4.44,7.31,5.02,22.87,4.53,9.67,4.44,7.27,8.88,0.8185,Pass,204.69,509.04,UB 457x191x67,UC 254x254x73,67.1,73.1,85.32,72.46,11004.01
2035,2,2,3,3.82,7.32,5.07,27.34,6.3,5.74,7.64,12.72,15.28,0.8323,Pass,248.88,1204.99,UB 533x210x82,UC 254x254x89,82.2,89.0,65.1,98.95,25288.36
2036,3,1,1,4.29,7.45,7.15,23.51,8.69,17.88,12.87,206.26,25.74,8.0133,Fail,840.02,1159.43,UB 610x229x101,UC 305x305x118,101.2,118.0,106.06,165.39,14939.76
2037,4,2,2,3.76,6.06,4.27,15.62,14.86,6.97,15.04,43.63,30.08,1.4505,Fail,252.33,1853.11,UB 406x178x54,UC 305x305x118,54.3,118.0,85.02,94.85,29434.54
2038,3,3,2,3.39,5.71,7.3,10.26,8.96,9.04,10.17,16.5,20.34,0.8112,Pass,143.37,1118.02,UB 305x165x40,UC 254x254x73,40.5,73.1,98.66,97.87,22260.61
2039,1,2,3,3.93,5.8,7.14,7.68,10.34,16.27,3.93,10.02,7.86,1.2745,Fail,128.57,360.03,UB 305x165x40,UC 203x203x60,40.5,60.0,96.95,77.05,7311.33
2040,3,1,3,3.89,4.59,5.83,17.56,10.59,21.85,11.67,140.63,23.34,6.0251,Fail,783.96,1281.41,UB 610x229x101,UC 305x305x118,101.2,118.0,98.99,161.67,27210.5
2041,4,3,3,3.87,7.95,6.11,24.41,13.5,19.11,15.48,106.94,30.96,3.4542,Fail,524.0,3065.34,UB 533x210x82,UC 305x305x118,82.2,118.0,93.99,174.58,84701.38
2042,5,1,2,4.49,5.26,6.32,8.32,8.23,6.86,22.45,190.61,44.9,4.2451,Fail,639.79,1391.1,UB 610x229x101,UC 305x305x118,101.2,118.0,80.78,136.06,36670.96
2043,4,3,1,3.38,4.93,7.24,26.55,14.82,13.51,13.52,36.98,27.04,1.3678,Fail,264.14,2003.9,UB 406x178x54,UC 305x305x118,54.3,118.0,88.12,101.38,25477.77
2044,4,3,2,3.26,4.53,4.81,18.92,4.94,11.24,13.04,26.04,26.08,0.9985,Pass,185.21,1272.84,UB 356x171x45,UC 305x305x97,45.0,96.9,86.9,85.85,29427.91
2045,5,1,1,3.85,4.41,7.9,29.63,10.57,12.5,19.25,189.58,38.5,4.9242,Fail,870.36,2191.61,UB 610x229x101,UC 305x305x118,101.2,118.0,109.89,188.65,21543.72
2046,4,1,3,3.32,4.69,7.47,28.1,11.25,13.93,13.28,86.7,26.56,3.2645,Fail,563.91,2431.56,UB 533x210x82,UC 305x305x118,82.2,118.0,99.54,150.8,33441.42
2047,2,1,1,3.18,7.26,4.06,10.75,13.56,0.41,6.36,0.89,12.72,0.0703,Pass,144.37,395.56,UB 457x191x67,UC 203x203x60,67.1,60.0,74.16,98.32,4564.69
2048,5,2,2,3.65,4.46,7.64,17.7,10.21,16.79,18.25,120.46,36.5,3.3003,Fail,574.71,2434.11,UB 610x229x101,UC 305x305x118,101.2,118.0,72.56,185.98,56117.1
2049,5,3,2,4.07,4.49,6.19,25.45,4.46,9.59,20.35,70.96,40.7,1.7435,Fail,315.34,2263.27,UB 457x191x67,UC 305x305x118,67.1,118.0,79.08,127.04,58987.12
2050,1,2,1,4.38,4.94,6.21,28.21,10.45,16.03,4.38,14.09,8.76,1.6083,Fail,170.16,461.1,UB 356x171x45,UC 254x254x73,45.0,73.1,90.28,68.89,3648.62
2051,1,3,3,4.13,7.14,5.11,24.58,11.96,13.76,4.13,7.9,8.26,0.9566,Pass,263.77,660.33,UB 533x210x82,UC 254x254x73,82.2,73.1,65.63,92.35,16913.85
2052,2,1,2,3.46,7.47,6.35,25.8,12.27,0.87,6.92,2.46,13.84,0.1775,Pass,235.01,1135.99,UB 533x210x82,UC 305x305x97,82.2,96.9,78.3,88.33,11883.25
2053,2,3,1,3.69,7.01,7.66,5.09,12.63,6.97,7.38,9.49,14.76,0.6427,Pass,134.88,569.31,UB 406x178x54,UC 203x203x60,54.3,60.0,76.5,92.31,11437.62
2054,3,3,3,3.57,7.34,5.33,27.57,2.6,10.82,10.71,26.94,21.42,1.2575,Fail,256.22,1605.22,UB 457x191x67,UC 305x305x97,67.1,96.9,95.11,94.32,47210.44
2055,4,2,2,3.14,4.05,6.59,27.9,5.89,2.16,12.56,5.98,25.12,0.2382,Pass,193.29,2047.55,UB 356x171x45,UC 305x305x97,45.0,96.9,90.69,93.85,22444.78
2056,1,3,1,4.48,4.01,5.79,13.1,7.18,20.45,4.48,13.52,8.96,1.509,Fail,88.84,200.51,UB 254x146x31,UC 203x203x46,31.1,46.1,81.58,96.26,3120.77
2057,5,2,3,3.7,6.09,4.06,24.33,11.88,10.75,18.5,93.92,37.0,2.5383,Fail,433.85,2600.75,UB 533x210x82,UC 305x305x118,82.2,118.0,76.58,152.87,61237.86
2058,5,1,2,3.83,5.51,6.9,19.12,7.27,9.71,19.15,159.64,38.3,4.1681,Fail,673.87,2130.08,UB 610x229x101,UC 305x305x118,101.2,118.0,85.08,159.41,35887.98
2059,4,1,3,3.35,5.73,6.22,27.44,9.35,11.81,13.4,84.2,26.8,3.142,Fail,514.09,2057.25,UB 533x210x82,UC 305x305x118,82.2,118.0,90.75,131.53,32456.51
2060,4,3,1,3.55,5.48,6.37,9.52,7.9,1.94,14.2,6.67,28.4,0.235,Pass,80.81,863.68,UB 305x165x40,UC 203x203x60,40.5,60.0,79.05,92.86,16270.32
2061,4,2,1,4.04,4.95,4.09,7.17,7.61,17.54,16.16,128.01,32.32,3.9608,Fail,543.72,621.11,UB 533x210x82,UC 305x305x118,82.2,118.0,95.98,132.94,21985.9
2062,3,2,3,3.78,6.24,7.49,14.5,5.94,1.97,11.34,7.84,22.68,0.3456,Pass,149.77,1216.83,UB 356x171x45,UC 254x254x73,45.0,73.1,96.2,92.65,25787.0
2063,1,3,2,4.4,7.76,7.14,14.03,8.64,24.29,4.4,17.89,8.8,2.0324,Fail,214.39,520.48,UB 457x191x67,UC 254x254x73,67.1,73.1,84.45,84.5,12378.7
2064,1,2,2,3.69,6.82,6.68,8.45,5.86,15.05,3.69,7.79,7.38,1.0551,Fail,113.47,304.59,UB 356x171x45,UC 203x203x46,45.0,46.1,87.93,88.93,5175.98
2065,1,1,3,4.01,7.34,6.21,12.01,9.91,14.81,4.01,17.37,8.02,2.166,Fail,168.88,334.06,UB 457x191x67,UC 254x254x73,67.1,73.1,69.1,80.11,6815.25
2066,2,2,2,3.27,4.56,7.77,13.36,9.64,11.23,6.54,11.55,13.08,0.8826,Pass,193.78,855.58,UB 356x171x45,UC 254x254x73,45.0,73.1,90.92,83.29,10960.87
2067,3,3,3,3.55,7.66,4.42,18.84,10.85,9.32,10.65,23.34,21.3,1.0957,Fail,267.48,1549.96,UB 533x210x82,UC 305x305x97,82.2,96.9,65.84,91.84,52258.9
2068,1,2,2,4.17,4.51,7.38,8.54,12.98,9.18,4.17,6.56,8.34,0.7869,Pass,181.97,417.46,UB 356x171x45,UC 203x203x46,45.0,46.1,85.38,87.09,4940.43
2069,1,3,3,3.03,6.94,4.25,14.98,14.03,22.46,3.03,4.25,6.06,0.7013,Pass,201.23,484.33,UB 457x191x67,UC 254x254x73,67.1,73.1,77.3,69.76,12554.08
2070,4,2,1,3.69,4.85,4.54,26.19,8.11,4.44,14.76,23.39,29.52,0.7923,Pass,163.74,1367.04,UB 356x171x45,UC 254x254x89,45.0,89.0,76.83,96.52,13825.44
2071,2,3,3,3.49,6.88,7.15,5.13,3.16,13.0,6.98,14.27,13.96,1.0221,Fail,97.14,338.43,UB 305x165x40,UC 203x203x60,40.5,60.0,74.44,83.02,20337.96
2072,5,1,1,4.03,6.87,4.96,8.41,7.46,9.74,20.15,214.53,40.3,5.3234,Fail,729.8,925.76,UB 610x229x101,UC 305x305x118,101.2,118.0,92.15,133.69,21482.76
2073,5,2,1,3.72,4.24,5.41,19.06,11.07,23.72,18.6,178.22,37.2,4.7908,Fail,830.72,1477.13,UB 610x229x101,UC 305x305x118,101.2,118.0,104.89,210.93,29962.94
2074,1,1,3,3.56,4.0,4.71,16.6,12.49,24.53,3.56,15.03,7.12,2.1103,Fail,152.15,324.01,UB 305x165x40,UC 254x254x73,40.5,73.1,88.52,72.3,3874.42
2075,1,2,1,3.64,6.99,4.17,14.07,14.31,21.55,3.64,10.73,7.28,1.4743,Fail,224.48,392.94,UB 457x191x67,UC 254x254x73,67.1,73.1,77.27,70.91,4312.04
2076,4,1,3,3.2,4.18,5.85,25.24,9.72,17.01,12.8,88.42,25.6,3.4538,Fail,616.57,1875.61,UB 610x229x101,UC 305x305x118,101.2,118.0,77.85,143.38,33059.94
2077,1,2,2,4.36,7.32,6.61,26.93,9.46,7.81,4.36,7.65,8.72,0.8768,Pass,287.8,795.19,UB 533x210x82,UC 254x254x89,82.2,89.0,70.43,81.24,10362.64
2078,3,3,2,3.34,6.58,7.19,18.05,7.37,13.88,10.02,25.83,20.04,1.2891,Fail,211.65,1532.35,UB 406x178x54,UC 305x305x97,54.3,96.9,90.77,93.08,30668.2
2079,2,2,2,3.2,5.03,7.83,24.15,7.37,18.32,6.4,18.15,12.8,1.4177,Fail,263.87,1197.17,UB 406x178x54,UC 254x254x89,54.3,89.0,88.03,99.86,13505.98
2080,5,3,3,4.39,7.91,4.81,12.77,9.0,5.33,21.95,67.4,43.9,1.5354,Fail,270.96,1989.24,UB 457x191x67,UC 305x305x118,67.1,118.0,85.89,101.5,92652.32
2081,1,1,2,3.5,4.61,7.1,21.6,7.24,17.12,3.5,10.31,7.0,1.4722,Fail,214.76,436.75,UB 406x178x54,UC 203x203x60,54.3,60.0,71.65,96.93,3553.09
2082,1,2,2,3.32,7.53,7.16,14.0,5.33,19.1,3.32,7.06,6.64,1.0629,Fail,170.44,438.33,UB 457x191x67,UC 203x203x60,67.1,60.0,65.79,90.31,7706.99
2083,2,2,1,3.63,4.24,7.45,29.48,7.66,18.63,7.26,27.14,14.52,1.869,Fail,209.27,838.53,UB 356x171x45,UC 305x305x97,45.0,96.9,98.19,82.82,7758.86
2084,4,1,3,3.82,7.96,7.99,27.27,14.1,12.58,15.28,169.95,30.56,5.5611,Fail,774.81,2994.3,UB 610x229x101,UC 305x305x118,101.2,118.0,97.83,195.64,46719.26
2085,5,2,1,3.48,4.91,7.68,24.94,10.2,21.25,17.4,134.71,34.8,3.8709,Fail,665.34,2135.37,UB 610x229x101,UC 305x305x118,101.2,118.0,84.01,193.75,33915.28
2086,4,1,3,3.07,5.34,5.78,16.11,5.6,1.25,12.28,6.4,24.56,0.2606,Pass,91.43,1053.07,UB 305x165x40,UC 254x254x73,40.5,73.1,91.15,72.05,16259.82
2087,3,2,3,3.5,4.32,7.84,8.99,9.34,18.23,10.5,46.43,21.0,2.2111,Fail,298.54,980.39,UB 406x178x54,UC 305x305x118,54.3,118.0,99.6,92.27,31992.05
2088,1,3,1,3.81,5.33,7.06,7.68,8.41,17.5,3.81,6.77,7.62,0.8881,Pass,87.72,208.84,UB 305x165x40,UC 203x203x46,40.5,46.1,67.18,68.55,3844.04
2089,1,3,3,3.15,4.93,7.8,29.92,8.02,12.69,3.15,2.43,6.3,0.3853,Pass,308.27,701.37,UB 457x191x67,UC 254x254x73,67.1,73.1,77.31,83.38,13934.44
2090,4,1,3,4.48,4.08,5.31,12.37,14.25,17.05,17.92,285.37,35.84,7.9623,Fail,1186.84,1827.48,UB 610x229x101,UC 305x305x118,101.2,118.0,149.85,233.19,36419.74
2091,1,3,3,3.27,6.54,5.62,20.52,13.95,7.88,3.27,1.97,6.54,0.3008,Pass,202.43,621.64,UB 457x191x67,UC 254x254x73,67.1,73.1,76.87,73.03,13615.82
2092,3,3,1,4.02,7.99,7.57,21.67,4.37,22.53,12.06,87.93,24.12,3.6456,Fail,414.51,1287.98,UB 533x210x82,UC 305x305x118,82.2,118.0,73.17,114.38,30673.69
2093,5,2,1,3.02,7.44,7.04,22.49,2.66,7.99,15.1,39.46,30.2,1.3065,Fail,268.88,1907.84,UB 457x191x67,UC 305x305x118,67.1,118.0,82.57,90.7,27761.04
2094,3,1,3,4.4,7.63,5.39,24.95,10.92,14.71,13.2,187.57,26.4,7.1048,Fail,767.2,1564.21,UB 610x229x101,UC 305x305x118,101.2,118.0,96.87,164.43,31545.1
2095,4,3,3,3.51,5.75,4.18,25.87,3.3,11.07,14.04,37.24,28.08,1.3263,Fail,235.01,1615.51,UB 406x178x54,UC 305x305x118,54.3,118.0,78.4,85.86,52389.07
2096,2,1,2,3.89,4.2,5.42,23.58,10.76,16.1,7.78,49.47,15.56,3.1791,Fail,339.02,877.3,UB 457x191x67,UC 305x305x118,67.1,118.0,85.02,83.78,10108.62
2097,2,3,1,3.07,7.93,5.15,21.94,4.81,7.6,6.14,6.02,12.28,0.4901,Pass,220.4,786.95,UB 533x210x82,UC 254x254x73,82.2,73.1,65.82,93.35,14799.46
2098,1,1,3,4.35,4.47,5.11,8.15,2.41,5.36,4.35,7.11,8.7,0.8173,Pass,52.53,122.75,UB 203x133x25,UC 203x203x46,25.1,46.1,94.47,52.15,2822.63
2099,1,3,3,4.05,7.04,4.26,18.57,10.15,22.75,4.05,12.02,8.1,1.4844,Fail,215.09,479.56,UB 457x191x67,UC 254x254x73,67.1,73.1,79.89,76.21,13835.64
2100,2,3,2,4.32,6.47,4.7,18.64,6.5,18.75,8.64,42.87,17.28,2.4808,Fail,235.02,830.02,UB 406x178x54,UC 305x305x97,54.3,96.9,85.34,86.27,20453.73
2101,3,3,3,3.51,4.18,5.55,5.83,7.3,12.17,10.53,21.88,21.06,1.0387,Fail,148.1,568.85,UB 305x165x40,UC 254x254x73,40.5,73.1,86.17,88.75,26502.23
2102,5,1,3,3.03,6.28,7.77,27.72,9.12,1.84,15.15,14.86,30.3,0.4903,Pass,281.85,2861.75,UB 457x191x67,UC 305x305x118,67.1,118.0,72.74,110.91,38370.37
2103,4,3,2,3.72,4.18,6.78,11.04,8.23,6.68,14.88,23.88,29.76,0.8026,Pass,144.0,1247.62,UB 305x165x40,UC 254x254x89,40.5,89.0,83.78,94.65,30773.16
2104,2,3,1,3.99,6.28,5.16,19.53,14.52,9.37,7.98,16.03,15.96,1.0044,Fail,204.73,870.66,UB 457x191x67,UC 254x254x73,67.1,73.1,67.23,91.45,12493.25
2105,2,1,1,3.59,5.83,7.04,26.16,6.34,0.2,7.18,0.59,14.36,0.0408,Pass,154.77,577.71,UB 406x178x54,UC 254x254x73,54.3,73.1,80.72,77.98,4894.8
2106,2,3,2,4.24,4.29,4.85,14.49,5.32,22.47,8.48,41.44,16.96,2.4431,Fail,222.52,543.86,UB 406x178x54,UC 305x305x97,54.3,96.9,74.24,82.57,18267.27
2107,2,2,1,3.69,5.02,6.33,20.69,10.6,14.32,7.38,23.59,14.76,1.598,Fail,181.48,741.17,UB 356x171x45,UC 254x254x89,45.0,89.0,85.15,85.64,7457.22
2108,2,1,1,3.46,7.42,4.28,23.43,2.42,1.0,6.92,2.74,13.84,0.1983,Pass,156.96,415.45,UB 457x191x67,UC 254x254x73,67.1,73.1,84.19,71.61,5163.69
2109,4,3,1,3.53,4.02,7.06,18.53,13.88,12.76,14.12,37.26,28.24,1.3193,Fail,243.71,1393.76,UB 406x178x54,UC 305x305x118,54.3,118.0,81.31,85.34,24701.87
2110,2,1,1,4.33,4.47,5.54,16.1,12.33,15.41,8.66,71.2,17.32,4.111,Fail,392.76,519.05,UB 457x191x67,UC 305x305x118,67.1,118.0,98.5,83.79,6774.2
2111,1,2,3,3.5,7.9,7.65,13.35,13.39,14.06,3.5,6.44,7.0,0.9195,Pass,250.86,635.58,UB 533x210x82,UC 254x254x73,82.2,73.1,65.05,86.66,13924.71
2112,5,2,2,4.29,7.44,4.35,19.84,9.72,10.59,21.45,171.31,42.9,3.9933,Fail,560.67,2491.91,UB 533x210x82,UC 305x305x118,82.2,118.0,98.97,179.22,51854.04
2113,2,2,1,3.35,7.37,5.68,25.1,4.33,0.21,6.7,0.48,13.4,0.0362,Pass,205.12,853.64,UB 457x191x67,UC 254x254x73,67.1,73.1,93.92,91.8,9181.6
2114,2,2,2,3.53,4.75,5.02,29.58,13.57,17.37,7.06,23.89,14.12,1.6916,Fail,208.59,1266.47,UB 356x171x45,UC 305x305x97,45.0,96.9,97.87,91.71,11432.83
2115,2,1,2,3.17,7.2,7.37,10.64,11.78,0.15,6.34,0.37,12.68,0.0293,Pass,171.97,740.35,UB 457x191x67,UC 254x254x73,67.1,73.1,66.71,78.78,9635.66
2116,2,2,3,4.44,4.4,7.18,23.14,4.22,8.81,8.88,27.07,17.76,1.524,Fail,183.98,911.42,UB 356x171x45,UC 254x254x89,45.0,89.0,86.32,91.34,18467.64
2117,5,1,3,3.86,5.96,4.02,14.15,3.23,2.66,19.3,46.79,38.6,1.2123,Fail,215.24,916.63,UB 406x178x54,UC 254x254x89,54.3,89.0,71.81,85.28,26762.74
2118,1,3,2,3.32,5.49,6.2,7.04,9.65,7.82,3.32,1.86,6.64,0.2808,Pass,98.67,307.69,UB 305x165x40,UC 203x203x46,40.5,46.1,76.15,59.39,5846.53
2119,4,3,2,3.25,6.76,5.53,17.92,11.21,18.76,13.0,52.71,26.0,2.0273,Fail,332.49,2088.42,UB 457x191x67,UC 305x305x118,67.1,118.0,83.38,115.89,46611.47
2120,3,1,2,3.8,7.23,6.42,10.4,9.12,9.39,11.4,70.43,22.8,3.0892,Fail,365.36,951.56,UB 457x191x67,UC 305x305x118,67.1,118.0,91.63,83.17,17606.78
2121,2,3,3,3.72,4.69,6.04,13.29,13.47,21.66,7.44,25.56,14.88,1.7174,Fail,182.24,850.86,UB 356x171x45,UC 254x254x89,45.0,89.0,85.51,95.77,22182.96
2122,1,3,1,3.25,7.02,4.65,6.35,9.17,15.38,3.25,3.71,6.5,0.57,Pass,114.9,214.79,UB 406x178x54,UC 203x203x46,54.3,46.1,67.29,73.18,4495.7
2123,5,1,3,4.39,7.92,4.54,28.64,2.77,2.22,21.95,71.05,43.9,1.6184,Fail,326.67,1895.27,UB 533x210x82,UC 305x305x118,82.2,118.0,76.99,98.12,44936.92
2124,3,2,2,3.98,6.92,7.7,26.51,11.72,1.65,11.94,8.36,23.88,0.3503,Pass,314.91,2481.48,UB 533x210x82,UC 305x305x118,82.2,118.0,62.51,104.35,34312.03
2125,3,3,3,4.07,6.8,6.69,23.39,11.55,3.19,12.21,12.17,24.42,0.4982,Pass,224.49,2035.8,UB 457x191x67,UC 305x305x118,67.1,118.0,87.58,88.32,55638.92
2126,2,1,2,4.41,6.78,4.88,8.28,11.32,12.45,8.82,73.31,17.64,4.156,Fail,350.94,559.27,UB 457x191x67,UC 305x305x97,67.1,96.9,88.01,93.72,10477.16
2127,2,3,1,3.37,6.87,4.17,24.42,3.7,2.34,6.74,2.47,13.48,0.1834,Pass,168.35,702.82,UB 457x191x67,UC 254x254x73,67.1,73.1,72.69,76.17,11711.73
2128,3,1,2,3.38,4.79,6.73,25.62,6.48,19.83,10.14,79.75,20.28,3.9323,Fail,551.97,1468.27,UB 533x210x82,UC 305x305x118,82.2,118.0,97.44,128.06,17361.23
2129,2,2,2,3.69,5.59,6.34,20.28,4.92,19.2,7.38,33.0,14.76,2.2357,Fail,222.03,889.56,UB 406x178x54,UC 305x305x97,54.3,96.9,74.07,88.53,14209.69
2130,1,3,1,4.49,4.36,6.73,25.32,14.72,1.85,4.49,1.27,8.98,0.1419,Pass,206.21,448.41,UB 356x171x45,UC 254x254x73,45.0,73.1,96.75,67.58,5014.35
2131,3,2,3,3.06,7.78,6.33,28.89,4.84,23.6,9.18,50.82,18.36,2.768,Fail,404.73,2023.18,UB 533x210x82,UC 305x305x118,82.2,118.0,78.37,120.12,42396.07
2132,1,2,1,4.26,6.97,7.28,6.67,7.03,4.06,4.26,3.58,8.52,0.4203,Pass,103.09,221.62,UB 356x171x45,UC 203x203x46,45.0,46.1,89.86,64.23,3415.72
2133,5,1,1,4.41,5.68,4.06,6.4,7.28,22.12,22.05,598.24,44.1,13.5655,Fail,1907.58,1762.06,UB 610x229x101,UC 305x305x118,101.2,118.0,240.86,334.67,20264.48
2134,4,2,2,4.43,7.51,4.16,10.85,7.12,3.82,17.72,47.17,35.44,1.3309,Fail,207.25,1226.42,UB 406x178x54,UC 305x305x97,54.3,96.9,95.4,85.47,30661.96
2135,5,3,2,3.54,4.24,6.32,24.47,12.18,7.51,17.7,33.13,35.4,0.9359,Pass,207.08,2783.88,UB 356x171x45,UC 305x305x118,45.0,118.0,97.16,115.26,45025.2
2136,1,2,2,3.59,4.79,5.22,24.26,11.32,14.19,3.59,5.92,7.18,0.825,Pass,147.46,563.86,UB 356x171x45,UC 203x203x60,45.0,60.0,75.74,85.07,4641.3
2137,3,1,2,3.97,5.51,5.81,8.24,4.2,3.37,11.91,25.37,23.82,1.0651,Fail,144.38,510.94,UB 305x165x40,UC 254x254x73,40.5,73.1,84.0,69.49,10055.78
2138,1,1,2,4.45,5.02,7.14,21.64,13.96,18.47,4.45,27.56,8.9,3.0964,Fail,277.76,571.9,UB 406x178x54,UC 254x254x89,54.3,89.0,92.66,85.76,4744.87
2139,5,3,2,3.4,4.61,6.72,26.25,10.27,23.87,17.0,94.56,34.0,2.7813,Fail,517.1,2978.86,UB 533x210x82,UC 305x305x118,82.2,118.0,91.28,185.48,63219.75
2140,5,3,2,4.42,6.38,6.75,7.45,10.1,10.19,22.1,117.83,44.2,2.6659,Fail,380.64,1723.2,UB 457x191x67,UC 305x305x118,67.1,118.0,95.46,127.53,68675.01
2141,2,3,2,4.36,6.84,6.63,19.27,6.94,5.52,8.72,13.45,17.44,0.771,Pass,177.22,1043.12,UB 457x191x67,UC 254x254x73,67.1,73.1,66.87,98.89,23028.5
2142,5,2,1,4.33,6.88,7.85,12.04,7.99,23.95,21.65,383.22,43.3,8.8503,Fail,1107.39,1543.86,UB 610x229x101,UC 305x305x118,101.2,118.0,139.82,279.57,41169.62
2143,3,3,1,3.55,4.94,4.98,28.73,14.34,0.87,10.65,1.85,21.3,0.087,Pass,133.74,1360.5,UB 406x178x54,UC 254x254x89,54.3,89.0,65.08,82.59,15656.12
2144,2,1,1,4.06,5.46,6.67,17.49,2.36,24.5,8.12,97.58,16.24,6.0085,Fail,521.55,464.11,UB 533x210x82,UC 305x305x118,82.2,118.0,92.06,107.56,7820.98
2145,3,2,2,4.17,5.56,6.76,21.88,8.49,19.9,12.51,105.18,25.02,4.2037,Fail,483.78,1658.23,UB 533x210x82,UC 305x305x118,82.2,118.0,85.4,150.79,31514.29
2146,4,3,3,4.34,7.19,5.07,24.3,13.72,15.89,17.36,125.12,34.72,3.6037,Fail,504.96,2685.73,UB 533x210x82,UC 305x305x118,82.2,118.0,89.14,170.85,81148.74
2147,2,2,1,3.65,6.26,7.96,11.77,7.03,18.2,7.3,31.58,14.6,2.163,Fail,204.47,557.76,UB 356x171x45,UC 254x254x89,45.0,89.0,95.94,91.08,8301.0
2148,5,2,1,3.65,7.62,4.51,9.43,5.71,0.55,18.25,5.3,36.5,0.1451,Pass,118.55,1070.21,UB 406x178x54,UC 254x254x73,54.3,73.1,83.96,84.62,19953.17
2149,1,3,2,4.39,7.75,7.67,12.66,3.14,8.54,4.39,6.26,8.78,0.7133,Pass,138.44,368.48,UB 406x178x54,UC 203x203x60,54.3,60.0,92.18,76.76,10280.07
2150,4,3,1,3.48,7.76,6.3,14.93,12.98,4.54,13.92,17.65,27.84,0.634,Pass,245.57,1749.03,UB 533x210x82,UC 305x305x97,82.2,96.9,64.35,97.47,34385.47
2151,2,1,2,4.31,5.1,4.96,24.42,9.65,2.97,8.62,14.24,17.24,0.8258,Pass,130.8,781.58,UB 356x171x45,UC 254x254x73,45.0,73.1,87.54,76.77,6943.33
2152,2,2,1,4.4,5.14,7.99,28.84,10.46,14.59,8.8,45.75,17.6,2.5994,Fail,257.78,1030.94,UB 406x178x54,UC 305x305x118,54.3,118.0,86.0,82.19,11066.36
2153,2,1,2,4.22,5.2,5.27,12.72,11.34,1.4,8.44,6.28,16.88,0.3723,Pass,95.93,583.86,UB 305x165x40,UC 203x203x60,40.5,60.0,93.28,83.06,6009.48
2154,5,2,1,3.99,5.83,4.42,27.69,13.75,0.75,19.95,8.42,39.9,0.2111,Pass,188.05,2351.59,UB 457x191x67,UC 305x305x118,67.1,118.0,65.46,95.87,26397.19
2155,1,2,3,4.23,7.68,4.57,8.01,6.79,13.72,4.23,12.15,8.46,1.4357,Fail,147.56,278.59,UB 406x178x54,UC 203x203x60,54.3,60.0,84.03,79.22,8615.15
2156,1,3,2,3.48,4.84,7.26,21.45,11.61,4.41,3.48,1.22,6.96,0.1752,Pass,259.59,618.83,UB 406x178x54,UC 203x203x60,54.3,60.0,86.6,93.21,8024.65
2157,5,2,2,3.4,6.72,7.56,17.45,3.46,4.85,17.0,33.56,34.0,0.9869,Pass,197.07,2124.81,UB 406x178x54,UC 305x305x118,54.3,118.0,79.53,90.14,41316.12
2158,2,3,3,3.04,6.12,7.19,26.88,12.66,5.56,6.08,3.77,12.16,0.3102,Pass,269.52,1516.27,UB 457x191x67,UC 305x305x97,67.1,96.9,72.25,85.43,30860.86
2159,4,2,2,3.2,5.72,6.73,15.17,4.53,0.09,12.8,0.38,25.6,0.0147,Pass,118.51,1415.51,UB 356x171x45,UC 254x254x73,45.0,73.1,71.41,91.75,21867.12
2160,3,1,3,4.24,7.7,6.52,13.93,3.98,10.98,12.72,124.0,25.44,4.8742,Fail,501.07,892.23,UB 533x210x82,UC 305x305x118,82.2,118.0,88.45,105.25,29249.95
2161,5,1,1,4.39,5.47,6.6,21.46,2.59,0.63,21.95,16.5,43.9,0.3759,Pass,103.61,1016.4,UB 356x171x45,UC 254x254x73,45.0,73.1,76.24,86.99,11849.68
2162,2,2,3,3.27,4.51,5.24,12.99,10.61,23.63,6.54,24.15,13.08,1.8463,Fail,198.05,680.13,UB 356x171x45,UC 254x254x89,45.0,89.0,92.93,97.47,14476.32
2163,1,2,1,3.91,4.91,6.29,24.79,12.0,5.44,3.91,3.15,7.82,0.4025,Pass,161.81,444.08,UB 356x171x45,UC 203x203x60,45.0,60.0,84.35,85.49,3140.55
2164,4,3,3,4.04,5.98,4.66,5.88,3.58,9.45,16.16,52.85,32.32,1.6353,Fail,216.78,584.27,UB 406x178x54,UC 254x254x89,54.3,89.0,72.32,95.59,50743.94
2165,3,2,3,3.23,7.1,4.7,23.02,9.81,4.66,9.69,11.59,19.38,0.5981,Pass,235.85,1679.0,UB 457x191x67,UC 305x305x97,67.1,96.9,93.67,91.94,31216.36
2166,4,1,2,3.19,5.49,6.46,25.68,13.18,17.07,12.76,100.65,25.52,3.9438,Fail,643.43,2313.32,UB 610x229x101,UC 305x305x118,101.2,118.0,81.24,158.36,26161.17
2167,2,1,1,3.23,6.77,7.26,10.67,10.01,22.34,6.46,44.49,12.92,3.4437,Fail,335.13,474.72,UB 457x191x67,UC 305x305x97,67.1,96.9,84.04,85.89,6269.55
2168,5,3,1,3.0,5.45,5.89,22.34,13.63,20.79,15.0,57.99,30.0,1.9329,Fail,377.66,2140.49,UB 457x191x67,UC 305x305x118,67.1,118.0,94.71,127.5,33035.23
2169,3,1,1,3.34,5.71,6.03,29.3,8.1,2.29,10.02,9.73,20.04,0.4856,Pass,155.38,928.64,UB 406x178x54,UC 254x254x73,54.3,73.1,87.27,88.53,6754.74
2170,1,3,2,3.07,4.75,6.43,24.7,3.57,12.64,3.07,2.17,6.14,0.3528,Pass,169.66,475.37,UB 305x165x40,UC 203x203x46,40.5,46.1,98.71,83.49,5513.02
2171,2,1,2,3.06,4.06,4.5,14.91,6.6,21.13,6.12,27.22,12.24,2.2236,Fail,260.89,504.63,UB 406x178x54,UC 254x254x89,54.3,89.0,87.04,92.9,6545.63
2172,5,1,3,4.02,6.53,4.73,7.24,13.17,16.66,20.1,353.46,40.2,8.7925,Fail,1217.05,1655.93,UB 610x229x101,UC 305x305x118,101.2,118.0,153.67,227.93,46551.4
2173,4,3,2,3.8,5.03,5.61,10.01,7.75,6.57,15.2,27.38,30.4,0.9008,Pass,151.97,1114.17,UB 305x165x40,UC 254x254x89,40.5,89.0,88.42,90.83,30837.9
2174,2,1,1,4.47,7.93,4.57,9.03,11.26,0.42,8.94,2.87,17.88,0.1604,Pass,143.76,365.41,UB 457x191x67,UC 254x254x73,67.1,73.1,80.66,67.59,5969.06
2175,1,3,2,3.38,4.62,6.24,21.76,11.63,3.86,3.38,0.95,6.76,0.1406,Pass,195.36,561.61,UB 356x171x45,UC 203x203x46,45.0,46.1,91.67,96.51,5987.32
2176,2,1,3,4.44,5.62,5.51,25.53,10.03,24.83,8.88,137.54,17.76,7.7445,Fail,665.99,1005.66,UB 610x229x101,UC 305x305x118,101.2,118.0,84.09,147.08,19624.02
2177,2,2,3,3.07,5.56,7.33,20.89,11.39,21.61,6.14,19.32,12.28,1.573,Fail,229.46,1215.22,UB 406x178x54,UC 305x305x97,54.3,96.9,76.55,85.35,19134.46
2178,2,1,3,3.17,4.22,5.59,24.82,5.59,20.69,6.34,30.7,12.68,2.4215,Fail,286.33,752.36,UB 406x178x54,UC 305x305x97,54.3,96.9,95.52,86.21,10390.38
2179,1,2,3,3.47,7.43,7.8,24.3,10.49,8.1,3.47,3.56,6.94,0.5131,Pass,286.27,793.99,UB 533x210x82,UC 254x254x73,82.2,73.1,70.41,95.6,13700.29
2180,1,3,1,3.33,5.54,5.61,6.43,12.2,16.6,3.33,3.98,6.66,0.5983,Pass,91.14,231.54,UB 305x165x40,UC 203x203x46,40.5,46.1,87.34,64.39,3483.14
2181,2,3,3,3.71,5.46,4.25,23.26,12.28,1.13,7.42,1.51,14.84,0.1019,Pass,136.69,1001.4,UB 406x178x54,UC 254x254x73,54.3,73.1,72.5,83.83,21332.5
2182,3,2,3,3.11,4.7,6.5,6.68,3.12,24.43,9.33,42.5,18.66,2.2774,Fail,297.85,472.27,UB 406x178x54,UC 305x305x97,54.3,96.9,99.37,99.67,26503.61
2183,3,1,1,3.85,7.67,5.37,15.71,2.22,23.33,11.55,189.3,23.1,8.1947,Fail,810.14,662.57,UB 610x229x101,UC 305x305x118,101.2,118.0,102.29,150.85,13369.49
2184,1,3,3,3.56,7.94,6.36,16.27,8.46,20.12,3.56,7.05,7.12,0.99,Pass,223.31,519.78,UB 457x191x67,UC 254x254x73,67.1,73.1,98.68,78.6,15678.14
2185,1,2,1,4.22,4.07,4.67,29.41,10.67,1.78,4.22,1.31,8.44,0.1551,Pass,105.97,386.33,UB 305x165x40,UC 203x203x46,40.5,46.1,74.51,75.43,2394.0
2186,4,1,1,4.09,4.36,5.23,28.52,9.43,18.8,16.36,233.77,32.72,7.1446,Fail,1100.8,1602.49,UB 610x229x101,UC 305x305x118,101.2,118.0,138.99,210.92,15485.98
2187,4,3,2,3.69,6.27,5.82,5.91,14.41,11.86,14.76,49.54,29.52,1.6782,Fail,255.06,1489.96,UB 406x178x54,UC 305x305x118,54.3,118.0,85.09,90.11,43269.59
2188,1,1,2,3.74,5.94,4.32,20.05,12.02,3.3,3.74,2.79,7.48,0.373,Pass,104.98,364.72,UB 406x178x54,UC 203x203x60,54.3,60.0,84.24,84.87,3252.33
2189,4,3,1,3.69,5.36,6.31,18.26,10.08,16.22,14.76,62.73,29.52,2.1248,Fail,334.05,1374.94,UB 457x191x67,UC 305x305x118,67.1,118.0,83.77,103.27,29339.6
2190,4,2,1,4.26,7.74,7.76,22.12,13.7,17.46,17.04,191.29,34.08,5.6131,Fail,694.58,2395.73,UB 610x229x101,UC 305x305x118,101.2,118.0,87.7,202.75,34020.67
2191,3,1,1,3.9,6.52,5.53,12.72,2.4,12.81,11.7,99.0,23.4,4.2309,Fail,468.25,496.48,UB 533x210x82,UC 305x305x118,82.2,118.0,82.66,89.0,11465.46
2192,5,3,2,3.27,4.5,4.18,8.03,2.9,21.05,16.35,71.89,32.7,2.1985,Fail,391.88,688.83,UB 457x191x67,UC 305x305x118,67.1,118.0,98.28,100.85,47958.47
2193,3,2,2,3.41,5.13,6.56,24.99,5.69,0.17,10.23,0.49,20.46,0.0238,Pass,179.21,1566.79,UB 356x171x45,UC 254x254x89,45.0,89.0,84.09,89.76,17663.13
2194,1,1,1,3.63,6.25,5.58,12.73,10.65,10.88,3.63,8.37,7.26,1.1532,Fail,113.5,206.47,UB 406x178x54,UC 203x203x60,54.3,60.0,71.54,77.83,2155.94
2195,4,2,3,3.67,5.8,5.24,28.52,7.46,5.03,14.68,28.35,29.36,0.9656,Pass,211.83,2252.32,UB 406x178x54,UC 305x305x118,54.3,118.0,87.99,93.83,41108.11
2196,3,2,3,4.49,5.03,5.32,5.58,5.18,7.87,13.47,51.89,26.94,1.926,Fail,215.98,492.29,UB 406x178x54,UC 254x254x89,54.3,89.0,72.05,95.62,28740.71
2197,2,2,1,3.06,6.96,7.9,19.13,10.01,24.07,6.12,23.71,12.24,1.937,Fail,248.42,916.82,UB 457x191x67,UC 254x254x89,67.1,89.0,78.32,98.65,10184.75
2198,4,1,1,4.32,6.26,5.43,19.23,6.94,8.03,17.28,142.88,34.56,4.1343,Fail,562.1,1022.7,UB 533x210x82,UC 305x305x118,82.2,118.0,99.22,112.75,15843.5
2199,1,3,2,3.89,6.88,4.72,13.74,4.1,4.03,3.89,1.86,7.78,0.2397,Pass,115.22,313.38,UB 406x178x54,UC 203x203x46,54.3,46.1,72.82,78.38,7564.57
2200,4,3,1,3.64,4.94,4.31,12.85,5.77,13.11,14.56,46.53,29.12,1.5979,Fail,251.98,751.63,UB 406x178x54,UC 305x305x97,54.3,96.9,84.06,87.56,21469.25
2201,5,3,2,3.92,5.39,5.13,21.44,5.22,24.31,19.6,170.39,39.2,4.3467,Fail,678.54,1999.74,UB 610x229x101,UC 305x305x118,101.2,118.0,85.67,195.67,73065.9
2202,3,2,3,3.33,6.84,7.14,24.79,5.97,3.03,9.99,8.22,19.98,0.4115,Pass,202.1,1841.52,UB 457x191x67,UC 305x305x97,67.1,96.9,78.47,92.95,35567.05
2203,5,3,3,3.37,6.43,7.34,28.62,5.36,14.46,16.85,65.82,33.7,1.9531,Fail,361.49,3275.35,UB 457x191x67,UC 305x305x118,67.1,118.0,90.66,154.08,87250.82
2204,3,1,3,4.32,7.51,5.06,18.15,10.79,16.43,12.96,194.98,25.92,7.5225,Fail,780.83,1264.38,UB 610x229x101,UC 305x305x118,101.2,118.0,98.59,159.96,30571.68
2205,5,1,1,3.34,6.37,6.0,8.21,11.4,18.09,16.7,202.84,33.4,6.073,Fail,911.65,1227.98,UB 610x229x101,UC 305x305x118,101.2,118.0,115.11,168.62,20400.84
2206,2,3,3,4.23,6.57,7.53,19.57,14.14,2.49,8.46,5.47,16.92,0.3231,Pass,256.19,1389.65,UB 457x191x67,UC 305x305x97,67.1,96.9,76.21,82.97,35823.02
2207,2,1,1,4.5,7.04,5.78,6.53,4.25,21.51,9.0,138.38,18.0,7.6879,Fail,546.87,326.54,UB 533x210x82,UC 305x305x118,82.2,118.0,96.54,110.84,8463.22
2208,1,2,2,3.45,7.41,5.39,12.18,11.23,10.32,3.45,4.38,6.9,0.6345,Pass,192.54,475.98,UB 457x191x67,UC 203x203x60,67.1,60.0,75.93,94.88,7016.28
2209,3,2,3,3.2,7.11,4.15,5.25,5.92,14.17,9.6,33.66,19.2,1.7533,Fail,204.23,557.59,UB 356x171x45,UC 254x254x89,45.0,89.0,95.83,88.79,22973.85
2210,3,2,1,3.22,6.44,6.27,25.57,3.84,18.43,9.66,42.44,19.32,2.1965,Fail,304.72,1185.57,UB 457x191x67,UC 305x305x118,67.1,118.0,76.42,88.56,15811.22
2211,3,1,1,4.17,4.82,7.46,13.33,7.12,8.91,12.51,74.78,25.02,2.9887,Fail,381.64,658.39,UB 457x191x67,UC 305x305x97,67.1,96.9,95.71,97.35,9792.8
2212,5,2,1,3.5,5.35,6.71,16.78,2.03,23.5,17.5,158.39,35.0,4.5254,Fail,708.7,1119.14,UB 610x229x101,UC 305x305x118,101.2,118.0,89.48,180.19,33404.18
2213,1,3,3,3.33,4.28,6.82,18.81,4.46,17.39,3.33,3.86,6.66,0.5792,Pass,144.96,375.03,UB 305x165x40,UC 203x203x46,40.5,46.1,84.34,75.67,7850.81
2214,4,2,1,3.13,4.89,6.17,14.27,13.51,7.42,12.52,22.07,25.04,0.8814,Pass,174.82,1272.22,UB 356x171x45,UC 254x254x89,45.0,89.0,82.03,96.58,13538.28
2215,2,1,2,3.24,6.68,4.54,26.45,4.53,11.44,6.48,22.92,12.96,1.7686,Fail,241.15,738.41,UB 457x191x67,UC 254x254x89,67.1,89.0,73.62,81.58,8586.76
2216,2,2,2,3.31,4.43,5.21,21.58,11.28,10.39,6.62,11.05,13.24,0.8343,Pass,124.77,953.31,UB 305x165x40,UC 254x254x73,40.5,73.1,78.77,86.16,9040.34
2217,4,3,1,3.05,7.17,7.95,21.28,11.24,22.43,12.2,52.55,24.4,2.1536,Fail,371.64,2055.94,UB 457x191x67,UC 305x305x118,67.1,118.0,95.56,117.01,31598.49
2218,5,2,2,4.13,7.84,4.61,25.12,3.17,16.57,20.65,242.38,41.3,5.8688,Fail,762.1,2467.83,UB 610x229x101,UC 305x305x118,101.2,118.0,96.23,222.35,59728.5
2219,4,2,2,3.1,5.05,7.97,12.55,12.94,1.46,12.4,4.32,24.8,0.174,Pass,222.73,1969.74,UB 406x178x54,UC 305x305x97,54.3,96.9,74.31,95.32,27781.7
2220,2,3,2,4.42,4.65,7.26,20.24,5.64,9.77,8.84,21.56,17.68,1.2193,Fail,191.01,914.32,UB 356x171x45,UC 254x254x73,45.0,73.1,89.62,99.99,16748.15
2221,2,2,2,4.09,7.02,7.04,9.97,3.74,24.85,8.18,67.85,16.36,4.1476,Fail,308.53,573.35,UB 457x191x67,UC 305x305x118,67.1,118.0,77.37,90.39,20008.27
2222,5,1,1,3.2,4.54,5.61,29.79,4.8,21.95,16.0,177.93,32.0,5.5602,Fail,1025.16,1812.09,UB 610x229x101,UC 305x305x118,101.2,118.0,129.44,198.76,17823.8
2223,2,1,1,3.3,5.63,5.76,23.35,3.6,22.52,6.6,43.93,13.2,3.3281,Fail,346.61,498.96,UB 457x191x67,UC 305x305x97,67.1,96.9,86.93,89.63,5615.24
2224,4,2,1,3.66,5.71,7.1,20.24,6.52,20.35,14.64,112.39,29.28,3.8384,Fail,539.12,1393.36,UB 533x210x82,UC 305x305x118,82.2,118.0,95.17,150.24,24878.35
2225,2,3,1,3.26,6.57,4.84,6.96,13.75,22.76,6.52,19.29,13.04,1.479,Fail,175.72,550.68,UB 406x178x54,UC 254x254x73,54.3,73.1,73.61,86.87,10196.4
2226,5,3,2,4.22,4.68,4.12,11.77,13.93,19.81,21.1,169.43,42.2,4.015,Fail,647.27,1651.03,UB 610x229x101,UC 305x305x118,101.2,118.0,81.73,178.53,67868.08
2227,1,1,3,3.44,4.27,7.89,19.54,11.64,24.99,3.44,13.77,6.88,2.0012,Fail,264.4,490.02,UB 406x178x54,UC 254x254x73,54.3,73.1,88.21,80.23,5509.72
2228,1,1,2,4.08,7.83,6.65,8.31,2.68,9.33,4.08,11.96,8.16,1.4659,Fail,104.08,185.4,UB 406x178x54,UC 203x203x46,54.3,46.1,66.12,95.59,3848.41
2229,4,3,2,4.37,5.04,7.53,16.56,12.09,2.54,17.48,17.44,34.96,0.4989,Pass,224.6,2130.72,UB 406x178x54,UC 305x305x118,54.3,118.0,74.93,88.21,47688.0
2230,4,3,3,4.04,5.28,5.04,7.65,12.23,15.02,16.16,79.34,32.32,2.455,Fail,351.58,1219.42,UB 457x191x67,UC 305x305x118,67.1,118.0,88.17,106.66,63748.74
2231,2,2,1,3.58,6.56,4.91,26.81,7.73,19.72,7.16,32.7,14.32,2.2833,Fail,272.06,893.43,UB 457x191x67,UC 305x305x97,67.1,96.9,77.73,86.52,9661.0
2232,4,3,1,3.51,7.49,4.26,8.89,9.78,20.07,14.04,77.61,28.08,2.7638,Fail,368.42,1045.35,UB 457x191x67,UC 305x305x118,67.1,118.0,92.39,100.92,29889.19
2233,5,3,2,3.58,7.03,5.13,11.37,8.59,18.49,17.9,108.6,35.8,3.0335,Fail,447.37,1765.11,UB 533x210x82,UC 305x305x118,82.2,118.0,78.97,138.11,68217.81
2234,2,2,1,3.94,5.81,7.08,6.91,4.42,3.25,7.88,7.19,15.76,0.4563,Pass,64.97,308.95,UB 305x165x40,UC 203x203x46,40.5,46.1,61.27,66.07,5782.49
2235,1,1,1,3.8,7.86,4.17,22.42,14.77,13.82,3.8,13.84,7.6,1.8209,Fail,251.47,326.74,UB 533x210x82,UC 254x254x89,82.2,89.0,89.11,88.47,3330.53
2236,5,1,3,4.37,7.9,4.3,26.38,13.22,12.12,21.85,380.98,43.7,8.7181,Fail,1165.13,2630.95,UB 610x229x101,UC 305x305x118,101.2,118.0,147.11,245.13,49670.8
2237,1,3,1,3.9,5.41,6.35,20.49,5.27,8.87,3.9,3.78,7.8,0.4842,Pass,113.61,314.54,UB 356x171x45,UC 203x203x46,45.0,46.1,79.01,79.69,4042.02
2238,5,2,3,4.33,7.06,5.98,9.32,3.85,12.31,21.65,199.7,43.3,4.6121,Fail,579.0,1223.76,UB 610x229x101,UC 305x305x118,101.2,118.0,73.11,157.47,86468.2
2239,4,3,2,3.37,6.23,4.73,5.54,13.14,3.74,13.48,11.45,26.96,0.4247,Pass,120.24,1228.43,UB 356x171x45,UC 254x254x73,45.0,73.1,87.49,86.42,28728.46
2240,1,2,1,3.57,5.28,7.24,19.78,10.4,21.25,3.57,8.94,7.14,1.252,Fail,165.8,398.01,UB 356x171x45,UC 203x203x60,45.0,60.0,86.05,90.14,3213.0
2241,2,1,3,4.1,6.77,7.27,10.06,5.77,7.55,8.2,34.43,16.4,2.0992,Fail,201.87,520.63,UB 356x171x45,UC 254x254x73,45.0,73.1,95.14,90.96,11158.36
2242,1,2,3,4.26,6.0,6.4,28.06,2.15,11.62,4.26,9.74,8.52,1.1433,Fail,170.87,553.06,UB 406x178x54,UC 254x254x73,54.3,73.1,81.79,67.71,9470.95
2243,2,1,2,3.92,5.51,6.03,13.73,9.96,21.87,7.84,77.26,15.68,4.9275,Fail,449.73,736.75,UB 533x210x82,UC 305x305x118,82.2,118.0,79.39,100.92,12233.58
2244,2,3,2,3.75,6.5,7.62,14.93,10.25,5.23,7.5,7.34,15.0,0.4893,Pass,206.0,1061.96,UB 406x178x54,UC 254x254x73,54.3,73.1,86.67,92.23,19552.36
2245,5,3,2,3.62,5.07,5.81,17.45,6.15,4.26,18.1,22.02,36.2,0.6082,Pass,135.52,1831.24,UB 305x165x40,UC 305x305x97,40.5,96.9,84.81,90.99,39698.96
2246,3,3,1,3.03,4.32,5.6,18.57,3.84,15.11,9.09,16.32,18.18,0.8977,Pass,147.59,668.68,UB 305x165x40,UC 254x254x73,40.5,73.1,85.87,87.61,11186.71
2247,1,3,2,3.86,7.71,4.6,12.15,2.93,23.1,3.86,10.57,7.72,1.369,Fail,140.38,278.09,UB 406x178x54,UC 203x203x60,54.3,60.0,86.62,78.58,8545.32
2248,4,1,1,3.23,5.27,7.03,22.53,7.23,10.9,12.92,65.56,25.84,2.5373,Fail,426.97,1170.37,UB 533x210x82,UC 305x305x118,82.2,118.0,75.37,94.33,14186.72
2249,4,3,3,4.22,6.58,4.69,20.56,5.86,19.1,16.88,130.36,33.76,3.8614,Fail,501.56,1694.78,UB 533x210x82,UC 305x305x118,82.2,118.0,88.54,149.63,76336.35
2250,2,1,2,3.57,5.34,5.04,17.86,10.4,13.78,7.14,34.54,14.28,2.4185,Fail,266.07,710.15,UB 406x178x54,UC 254x254x89,54.3,89.0,88.76,97.81,7741.91
2251,1,1,1,4.09,4.89,6.15,26.28,2.57,14.35,4.09,15.57,8.18,1.9038,Fail,135.04,239.21,UB 305x165x40,UC 203x203x60,40.5,60.0,93.02,93.98,1875.84
2252,2,3,1,3.1,6.57,4.71,8.8,14.35,4.32,6.2,3.21,12.4,0.2589,Pass,137.13,606.95,UB 406x178x54,UC 203x203x60,54.3,60.0,82.28,90.07,9303.04
2253,1,2,3,3.44,6.65,7.53,22.78,9.0,21.74,3.44,8.68,6.88,1.2619,Fail,243.39,673.43,UB 457x191x67,UC 254x254x73,67.1,73.1,74.5,82.7,11134.65
2254,5,2,3,3.75,5.61,7.57,7.6,9.58,13.27,18.75,116.32,37.5,3.1018,Fail,474.27,1650.63,UB 533x210x82,UC 305x305x118,82.2,118.0,83.72,144.94,72997.11
2255,3,3,3,3.09,5.24,5.22,8.34,12.88,0.02,9.27,0.1,18.54,0.0054,Pass,76.65,983.47,UB 305x165x40,UC 203x203x60,40.5,60.0,84.18,91.98,24149.88
2256,4,1,3,4.39,7.66,5.99,20.96,8.25,20.8,17.56,437.87,35.12,12.4677,Fail,1408.44,2004.66,UB 610x229x101,UC 305x305x118,101.2,118.0,177.83,274.07,43528.22
2257,5,2,3,4.44,6.55,5.13,26.76,11.74,19.38,22.2,329.78,44.4,7.4276,Fail,1006.86,3198.68,UB 610x229x101,UC 305x305x118,101.2,118.0,127.13,298.96,81311.62
2258,1,3,2,4.09,4.87,6.63,7.79,3.83,23.25,4.09,11.4,8.18,1.3934,Fail,81.36,206.0,UB 254x146x31,UC 203x203x46,31.1,46.1,74.71,91.29,5275.25
2259,2,1,1,3.29,4.07,6.76,6.14,4.12,6.32,6.58,10.54,13.16,0.8011,Pass,94.29,186.95,UB 254x146x31,UC 203x203x46,31.1,46.1,86.59,79.85,2560.6
2260,2,1,2,4.1,7.75,7.67,19.21,13.2,21.65,8.2,105.7,16.4,6.445,Fail,563.7,1203.09,UB 533x210x82,UC 305x305x118,82.2,118.0,99.51,127.14,14671.69
2261,1,2,3,3.67,7.3,5.63,20.24,14.7,6.94,3.67,3.69,7.34,0.5026,Pass,270.86,691.07,UB 533x210x82,UC 254x254x73,82.2,73.1,67.07,88.99,12184.88
2262,5,1,3,3.24,6.79,4.44,18.74,2.74,21.88,16.2,230.52,32.4,7.1149,Fail,1034.15,1541.08,UB 610x229x101,UC 305x305x118,101.2,118.0,130.57,195.97,42515.6
2263,4,2,1,4.11,6.98,6.82,6.56,6.52,4.92,16.44,45.07,32.88,1.3707,Fail,188.66,791.13,UB 356x171x45,UC 254x254x89,45.0,89.0,88.52,88.83,17487.36
2264,2,3,2,3.29,5.58,7.49,5.1,10.21,8.17,6.58,6.67,13.16,0.5071,Pass,123.3,613.82,UB 305x165x40,UC 203x203x46,40.5,46.1,73.34,99.98,12561.4
2265,2,2,1,4.33,7.6,6.2,5.05,6.62,17.23,8.66,59.67,17.32,3.4454,Fail,250.23,370.75,UB 406x178x54,UC 305x305x97,54.3,96.9,83.48,84.05,10356.32
2266,4,3,1,3.99,6.26,6.45,6.49,7.18,17.44,15.96,95.45,31.92,2.9904,Fail,382.6,759.81,UB 457x191x67,UC 305x305x118,67.1,118.0,95.95,101.81,32072.06
2267,2,2,2,4.4,7.43,4.71,18.9,13.56,22.05,8.8,80.12,17.6,4.5522,Fail,398.58,1195.94,UB 533x210x82,UC 305x305x118,82.2,118.0,70.36,113.0,21320.5
2268,5,3,2,4.01,7.53,4.82,25.36,7.3,18.67,20.05,168.13,40.1,4.1927,Fail,610.39,2859.64,UB 610x229x101,UC 305x305x118,101.2,118.0,77.07,197.28,82193.78
2269,5,2,3,3.17,6.52,6.17,25.28,12.75,10.06,15.85,53.93,31.7,1.7012,Fail,348.16,3442.71,UB 457x191x67,UC 305x305x118,67.1,118.0,87.31,149.2,58573.59
2270,4,2,1,3.37,6.21,7.86,7.72,14.65,4.75,13.48,20.67,26.96,0.7669,Pass,160.99,1335.39,UB 406x178x54,UC 254x254x89,54.3,89.0,67.14,90.42,17715.14
2271,5,1,1,4.35,6.87,4.61,21.83,13.04,18.28,21.75,521.15,43.5,11.9803,Fail,1604.39,1973.61,UB 610x229x101,UC 305x305x118,101.2,118.0,202.57,292.99,21883.76
2272,2,2,1,3.69,6.4,7.42,18.21,6.23,23.45,7.38,42.71,14.76,2.8936,Fail,270.72,707.55,UB 406x178x54,UC 305x305x97,54.3,96.9,90.32,94.45,9488.33
2273,1,2,2,3.74,4.38,4.17,23.89,11.4,20.64,3.74,9.76,7.48,1.305,Fail,123.29,477.71,UB 305x165x40,UC 203x203x60,40.5,60.0,81.76,90.86,4097.25
2274,2,1,3,4.35,6.15,4.4,21.35,5.46,19.26,8.7,103.26,17.4,5.9347,Fail,504.22,675.38,UB 533x210x82,UC 305x305x118,82.2,118.0,89.01,107.61,16597.2
2275,5,1,2,3.91,7.83,4.47,27.96,11.03,8.81,19.55,189.96,39.1,4.8584,Fail,745.3,2496.92,UB 610x229x101,UC 305x305x118,101.2,118.0,94.1,174.47,34774.62
2276,5,2,3,4.28,6.57,6.16,12.47,10.59,4.45,21.4,66.85,42.8,1.5619,Fail,258.56,2128.32,UB 406x178x54,UC 305x305x118,54.3,118.0,86.26,109.23,59624.4
2277,1,3,3,3.23,5.56,5.47,28.83,7.19,9.61,3.23,2.12,6.46,0.3277,Pass,152.68,577.52,UB 406x178x54,UC 203x203x60,54.3,60.0,77.6,86.0,10287.95
2278,2,3,2,3.86,4.38,5.29,10.1,10.02,14.83,7.72,19.54,15.44,1.2655,Fail,132.68,594.18,UB 305x165x40,UC 254x254x73,40.5,73.1,77.2,85.83,13392.92
2279,2,2,2,3.34,5.09,5.74,20.91,11.93,18.45,6.68,21.39,13.36,1.6011,Fail,191.54,1070.62,UB 356x171x45,UC 305x305x97,45.0,96.9,89.87,81.78,11673.83
2280,2,3,3,3.03,5.07,5.9,24.12,7.36,14.76,6.06,8.66,12.12,0.7146,Pass,143.2,988.51,UB 356x171x45,UC 254x254x73,45.0,73.1,79.47,80.53,18935.38
2281,3,1,2,3.86,5.59,4.09,5.1,12.16,11.43,11.58,78.61,23.16,3.3941,Fail,414.01,663.73,UB 533x210x82,UC 305x305x118,82.2,118.0,73.08,84.59,16368.5
2282,4,2,3,3.53,6.47,6.28,15.14,2.98,12.73,14.12,66.25,28.24,2.3461,Fail,325.6,1305.38,UB 457x191x67,UC 305x305x118,67.1,118.0,81.66,101.73,49056.27
2283,5,3,2,3.17,5.85,5.16,16.46,14.27,8.58,15.85,30.13,31.7,0.9503,Pass,217.34,2454.56,UB 406x178x54,UC 305x305x118,54.3,118.0,77.11,100.71,47945.6
2284,4,3,3,3.8,6.13,7.99,12.32,9.6,0.7,15.2,3.3,30.4,0.1086,Pass,183.85,1792.09,UB 356x171x45,UC 305x305x97,45.0,96.9,97.8,88.86,54065.28
2285,3,2,1,4.19,4.67,6.56,25.16,13.39,8.17,12.57,40.86,25.14,1.6254,Fail,234.13,1315.64,UB 406x178x54,UC 305x305x118,54.3,118.0,78.11,82.07,15148.4
2286,2,1,1,3.25,4.56,5.83,14.92,5.77,15.05,6.5,25.22,13.0,1.9401,Fail,219.32,361.95,UB 406x178x54,UC 254x254x73,54.3,73.1,73.17,91.73,4157.31
2287,1,1,3,3.27,6.14,5.01,18.0,12.01,0.01,3.27,0.04,6.54,0.0058,Pass,103.54,355.5,UB 406x178x54,UC 203x203x60,54.3,60.0,87.06,78.19,4535.47
2288,5,3,3,3.28,6.66,4.16,17.06,10.67,13.52,16.4,57.22,32.8,1.7446,Fail,318.53,2138.67,UB 457x191x67,UC 305x305x118,67.1,118.0,79.88,114.08,74524.52
2289,2,3,3,4.11,5.05,7.42,29.87,9.19,10.4,8.22,18.14,16.44,1.1037,Fail,282.46,1399.35,UB 406x178x54,UC 305x305x97,54.3,96.9,94.23,85.78,28995.19
2290,2,1,1,4.39,5.79,5.48,5.32,2.01,1.15,8.78,6.21,17.56,0.3534,Pass,44.46,121.81,UB 254x146x31,UC 152x152x30,31.1,30.0,75.62,77.71,2455.59
2291,3,3,2,4.14,5.61,6.37,26.74,9.75,16.13,12.42,59.04,24.84,2.3769,Fail,315.75,1926.73,UB 457x191x67,UC 305x305x118,67.1,118.0,79.18,116.43,38008.6
2292,1,2,2,3.44,6.23,7.07,9.79,7.7,13.53,3.44,5.27,6.88,0.7654,Pass,131.62,368.06,UB 356x171x45,UC 203x203x46,45.0,46.1,81.92,85.85,5018.26
2293,3,2,2,3.85,6.01,5.92,23.03,2.25,2.96,11.55,12.3,23.1,0.5324,Pass,139.33,1307.63,UB 406x178x54,UC 254x254x73,54.3,73.1,68.78,97.67,19259.13
2294,4,1,2,4.32,7.21,4.12,20.78,4.65,9.31,17.28,179.18,34.56,5.1846,Fail,655.05,1279.14,UB 610x229x101,UC 305x305x118,101.2,118.0,82.71,134.43,27661.17
2295,1,1,1,3.41,5.18,7.8,11.3,9.82,23.45,3.41,13.37,6.82,1.961,Fail,143.46,218.29,UB 305x165x40,UC 203x203x60,40.5,60.0,83.47,94.6,1869.78
2296,4,2,2,4.0,7.82,6.23,28.23,12.64,9.36,16.0,83.25,32.0,2.6017,Fail,454.39,3358.47,UB 533x210x82,UC 305x305x118,82.2,118.0,96.44,163.19,44709.84
2297,3,1,2,3.21,7.11,4.47,27.75,9.95,10.9,9.63,45.79,19.26,2.3775,Fail,378.61,1373.64,UB 533x210x82,UC 305x305x118,82.2,118.0,66.86,89.9,16487.23
2298,4,1,2,4.4,7.07,4.74,26.38,3.62,0.2,17.6,4.12,35.2,0.117,Pass,161.01,1405.15,UB 457x191x67,UC 305x305x97,67.1,96.9,84.52,86.25,21014.27
2299,2,1,3,3.97,5.18,7.17,11.47,5.99,22.52,7.94,80.97,15.88,5.0986,Fail,456.3,615.0,UB 533x210x82,UC 305x305x118,82.2,118.0,80.55,100.56,17974.22
2300,3,3,2,4.03,5.3,6.39,20.02,6.24,2.41,12.09,7.88,24.18,0.3259,Pass,147.39,1344.29,UB 356x171x45,UC 254x254x73,45.0,73.1,75.73,97.8,23946.05
2301,2,3,1,3.47,5.96,4.33,8.43,6.33,8.69,6.94,8.81,13.88,0.6348,Pass,90.55,346.38,UB 305x165x40,UC 203x203x46,40.5,46.1,86.16,83.44,6858.95
2302,1,1,3,4.24,7.6,4.23,23.53,7.13,16.46,4.24,23.92,8.48,2.8203,Fail,227.12,371.33,UB 533x210x82,UC 254x254x89,82.2,89.0,66.41,84.3,7604.0
2303,1,1,3,4.17,4.95,7.12,8.58,14.61,12.37,4.17,14.47,8.34,1.7348,Fail,165.74,355.85,UB 305x165x40,UC 203x203x60,40.5,60.0,96.43,95.0,4533.66
2304,4,2,3,3.96,6.93,6.47,18.89,11.26,8.03,15.84,64.5,31.68,2.036,Fail,323.69,2341.92,UB 457x191x67,UC 305x305x118,67.1,118.0,81.18,122.02,52938.47
2305,3,1,1,3.88,5.22,6.73,13.66,11.27,7.82,11.64,52.94,23.28,2.274,Fail,309.61,724.92,UB 457x191x67,UC 305x305x97,67.1,96.9,77.65,83.73,9322.73
2306,4,1,3,3.49,5.47,4.34,6.66,6.37,1.31,13.96,10.48,27.92,0.3752,Pass,80.45,553.18,UB 305x165x40,UC 203x203x46,40.5,46.1,58.8,90.12,12911.49
2307,1,2,2,3.9,5.03,5.82,11.73,4.99,9.15,3.9,5.25,7.8,0.6733,Pass,86.02,286.24,UB 305x165x40,UC 203x203x46,40.5,46.1,58.67,67.22,4254.66
2308,2,2,1,3.45,7.5,6.93,26.33,5.85,20.83,6.9,32.36,13.8,2.345,Fail,301.52,1003.28,UB 533x210x82,UC 305x305x97,82.2,96.9,66.99,88.97,12361.54
2309,4,1,2,3.87,6.81,7.92,16.49,5.38,21.19,15.48,271.77,30.96,8.778,Fail,1088.85,1770.27,UB 610x229x101,UC 305x305x118,101.2,118.0,137.48,217.88,32053.97
2310,5,1,1,3.5,5.95,6.14,10.56,3.62,5.44,17.5,68.63,35.0,1.9609,Fail,321.17,721.01,UB 457x191x67,UC 305x305x97,67.1,96.9,80.54,81.43,14895.39
2311,1,1,3,3.3,7.3,6.08,20.02,4.37,23.41,3.3,13.74,6.6,2.0813,Fail,184.85,354.84,UB 457x191x67,UC 254x254x73,67.1,73.1,75.64,85.23,6336.97
2312,5,2,3,3.8,4.7,7.65,6.71,12.33,12.0,19.0,101.43,38.0,2.6692,Fail,444.07,1719.59,UB 533x210x82,UC 305x305x118,82.2,118.0,78.39,139.99,70654.95
2313,4,1,1,3.43,6.22,4.74,22.11,6.07,3.06,13.72,24.81,27.44,0.904,Pass,195.76,895.53,UB 406x178x54,UC 254x254x73,54.3,73.1,84.99,91.35,8772.75
2314,3,2,2,4.25,4.85,5.31,10.66,12.56,19.61,12.75,104.67,25.5,4.1049,Fail,477.47,1070.95,UB 533x210x82,UC 305x305x118,82.2,118.0,84.28,134.67,28573.24
2315,1,1,3,3.85,4.43,5.7,16.96,5.8,21.73,3.85,18.31,7.7,2.3778,Fail,155.6,294.52,UB 305x165x40,UC 254x254x73,40.5,73.1,90.53,72.7,4354.24
2316,4,1,3,3.72,6.97,7.73,19.81,7.17,23.3,14.88,265.14,29.76,8.9094,Fail,1121.11,2048.15,UB 610x229x101,UC 305x305x118,101.2,118.0,141.55,229.38,44107.17
2317,3,1,1,4.22,4.55,6.42,11.42,6.89,19.85,12.66,169.49,25.32,6.6938,Fail,826.54,831.38,UB 610x229x101,UC 305x305x118,101.2,118.0,104.36,156.21,12636.5
2318,3,2,1,3.91,6.3,7.16,22.24,3.46,13.31,11.73,59.46,23.46,2.5345,Fail,309.65,1070.9,UB 457x191x67,UC 305x305x118,67.1,118.0,77.65,90.92,17701.52
2319,5,2,2,3.34,4.07,7.62,25.82,10.89,8.51,16.7,43.05,33.4,1.2888,Fail,281.73,3058.6,UB 406x178x54,UC 305x305x118,54.3,118.0,93.99,136.05,36778.41
2320,1,3,1,3.81,5.64,6.09,27.62,4.21,7.37,3.81,2.94,7.62,0.3854,Pass,139.54,390.38,UB 406x178x54,UC 203x203x46,54.3,46.1,71.57,93.71,4565.39
2321,3,3,3,4.16,5.19,7.0,27.52,10.71,18.1,12.48,65.22,24.96,2.613,Fail,342.95,2012.26,UB 457x191x67,UC 305x305x118,67.1,118.0,86.01,126.5,53008.4
2322,5,2,2,3.26,7.64,5.48,24.38,8.37,15.88,16.3,102.83,32.6,3.1543,Fail,510.71,3069.26,UB 533x210x82,UC 305x305x118,82.2,118.0,90.15,174.44,49664.52
2323,5,2,3,3.19,6.07,4.44,19.81,4.33,1.79,15.95,9.47,31.9,0.297,Pass,129.45,1769.55,UB 406x178x54,UC 254x254x89,54.3,89.0,67.67,94.8,41067.78
2324,5,2,3,3.81,6.64,6.65,20.78,2.96,3.44,19.05,34.87,38.1,0.9153,Pass,194.29,2205.88,UB 406x178x54,UC 305x305x118,54.3,118.0,87.11,92.0,57646.15
2325,5,3,1,3.96,7.63,5.81,7.05,2.19,8.2,19.8,71.22,39.6,1.7985,Fail,242.94,686.32,UB 406x178x54,UC 305x305x97,54.3,96.9,81.05,83.37,34087.89
2326,5,3,2,4.37,5.05,5.31,7.47,5.46,23.15,21.85,231.23,43.7,5.2912,Fail,780.82,1103.2,UB 610x229x101,UC 305x305x118,101.2,118.0,98.59,194.05,75432.18
2327,4,2,1,3.78,5.56,6.09,7.08,11.44,15.95,15.12,97.26,30.24,3.2162,Fail,443.48,932.04,UB 533x210x82,UC 305x305x118,82.2,118.0,78.28,118.94,24024.65
2328,2,3,3,3.51,5.74,6.15,24.38,9.52,15.24,7.02,15.86,14.04,1.1299,Fail,182.6,1161.13,UB 406x178x54,UC 254x254x89,54.3,89.0,80.35,85.67,25491.53
2329,4,3,1,3.41,7.67,6.31,27.19,2.29,19.87,13.64,70.7,27.28,2.5915,Fail,400.47,1762.48,UB 533x210x82,UC 305x305x118,82.2,118.0,70.69,116.9,36306.45
2330,5,3,1,4.25,5.78,6.31,14.26,3.92,21.54,21.25,207.06,42.5,4.872,Fail,693.91,1154.53,UB 610x229x101,UC 305x305x118,101.2,118.0,87.61,176.78,50379.52
2331,4,3,1,3.33,7.16,4.36,25.73,6.07,12.61,13.32,39.88,26.64,1.4971,Fail,294.91,1660.02,UB 457x191x67,UC 305x305x118,67.1,118.0,93.05,87.61,28785.44
2332,1,3,2,4.44,4.05,7.34,12.96,3.64,9.86,4.44,6.32,8.88,0.7113,Pass,134.07,291.31,UB 305x165x40,UC 203x203x46,40.5,46.1,78.0,67.75,6310.59
2333,1,1,3,3.36,6.34,4.04,28.96,8.92,21.32,3.36,12.53,6.72,1.8639,Fail,190.76,409.87,UB 457x191x67,UC 254x254x73,67.1,73.1,76.96,90.27,5293.09
2334,4,2,1,3.97,5.26,4.49,23.09,2.55,1.48,15.88,10.48,31.76,0.3301,Pass,106.77,1066.39,UB 356x171x45,UC 254x254x73,45.0,73.1,72.28,80.34,13176.77
2335,5,2,3,4.2,7.42,6.87,6.07,6.26,21.98,21.0,329.92,42.0,7.8552,Fail,935.82,1285.61,UB 610x229x101,UC 305x305x118,101.2,118.0,118.16,239.7,91058.14
2336,3,1,3,3.69,5.6,7.62,28.32,12.34,13.27,11.07,78.21,22.14,3.5326,Fail,487.64,1946.47,UB 533x210x82,UC 305x305x118,82.2,118.0,86.08,129.82,27248.47
2337,2,2,2,3.21,5.76,4.87,13.72,11.37,10.02,6.42,10.68,12.84,0.832,Pass,138.65,809.14,UB 356x171x45,UC 254x254x73,45.0,73.1,92.87,75.01,9963.92
2338,2,1,2,3.36,6.47,6.82,20.67,9.08,24.39,6.72,54.36,13.44,4.0447,Fail,407.77,959.43,UB 533x210x82,UC 305x305x118,82.2,118.0,71.98,94.54,12433.6
2339,4,1,2,3.95,5.17,6.66,7.15,6.35,9.65,15.8,114.53,31.6,3.6242,Fail,520.73,952.04,UB 533x210x82,UC 305x305x118,82.2,118.0,91.92,106.39,25045.32
2340,4,1,3,3.73,4.74,5.39,26.93,3.32,7.25,14.92,67.78,29.84,2.2713,Fail,380.31,1461.18,UB 457x191x67,UC 305x305x118,67.1,118.0,95.38,97.4,27853.4
2341,4,3,3,3.06,4.54,6.03,11.0,8.32,11.42,12.24,21.2,24.48,0.8661,Pass,162.18,1181.03,UB 305x165x40,UC 254x254x89,40.5,89.0,94.36,94.44,37977.84
2342,2,3,3,3.63,7.06,5.51,5.12,13.88,7.37,7.26,9.51,14.52,0.655,Pass,145.36,720.3,UB 406x178x54,UC 254x254x73,54.3,73.1,83.8,70.35,24872.52
2343,5,1,2,4.21,5.03,7.27,22.07,3.0,22.33,21.05,486.96,42.1,11.5668,Fail,1780.37,2760.95,UB 610x229x101,UC 305x305x118,101.2,118.0,224.79,343.54,37253.42
2344,5,3,2,4.44,5.29,7.57,13.37,13.34,15.87,22.2,171.08,44.4,3.8531,Fail,585.64,2558.86,UB 610x229x101,UC 305x305x118,101.2,118.0,73.95,195.15,86169.22
2345,3,2,2,3.06,5.49,4.5,9.72,9.28,0.03,9.18,0.11,18.36,0.0058,Pass,74.14,851.44,UB 305x165x40,UC 203x203x60,40.5,60.0,86.69,82.36,12239.91
2346,4,1,1,3.4,5.95,4.83,8.36,13.14,21.81,13.6,166.95,27.2,6.138,Fail,863.38,986.19,UB 610x229x101,UC 305x305x118,101.2,118.0,109.01,158.79,15146.69
2347,3,3,2,4.01,5.81,6.12,19.48,9.7,19.86,12.03,65.88,24.06,2.7381,Fail,339.85,1544.81,UB 457x191x67,UC 305x305x118,67.1,118.0,85.23,112.53,37416.1
2348,1,3,2,3.86,4.18,5.98,11.5,11.83,22.94,3.86,8.74,7.72,1.1321,Fail,129.25,374.58,UB 305x165x40,UC 203x203x46,40.5,46.1,75.2,97.91,5596.48
2349,5,3,3,4.38,6.28,4.69,18.41,13.16,23.46,21.9,260.75,43.8,5.9532,Fail,835.0,2505.68,UB 610x229x101,UC 305x305x118,101.2,118.0,105.43,243.0,107957.04
2350,5,2,2,4.31,7.02,5.4,26.39,5.08,20.79,21.55,330.97,43.1,7.6791,Fail,999.34,2768.18,UB 610x229x101,UC 305x305x118,101.2,118.0,126.18,286.26,60593.22
2351,3,3,3,4.34,4.54,5.96,16.34,13.55,0.53,13.02,2.16,26.04,0.0828,Pass,139.91,1374.32,UB 305x165x40,UC 254x254x89,40.5,89.0,81.4,84.01,33849.48
2352,4,3,3,4.48,7.16,7.03,25.98,12.67,19.39,17.92,170.1,35.84,4.746,Fail,618.46,3158.67,UB 610x229x101,UC 305x305x118,101.2,118.0,78.09,212.95,102762.3
2353,1,1,2,4.42,6.36,7.04,27.53,8.59,5.14,4.42,8.11,8.84,0.9178,Pass,269.59,572.99,UB 457x191x67,UC 254x254x73,67.1,73.1,74.08,84.51,5108.42
2354,4,2,3,4.12,7.85,4.89,10.85,7.26,19.02,16.48,187.15,32.96,5.678,Fail,630.6,1340.66,UB 610x229x101,UC 305x305x118,101.2,118.0,79.62,171.21,66572.37
2355,4,1,2,3.14,6.87,6.42,20.57,3.47,23.79,12.56,152.0,25.12,6.0511,Fail,817.27,1594.06,UB 610x229x101,UC 305x305x118,101.2,118.0,103.19,168.26,27630.67
2356,2,3,3,4.31,7.88,4.75,8.19,3.73,6.61,8.62,16.32,17.24,0.9468,Pass,120.99,435.43,UB 406x178x54,UC 203x203x60,54.3,60.0,73.1,82.69,24734.62
2357,2,1,2,3.1,7.39,7.45,10.82,3.1,0.87,6.2,1.63,12.4,0.1318,Pass,105.42,453.45,UB 406x178x54,UC 203x203x46,54.3,46.1,70.41,94.57,7358.86
2358,3,2,2,3.2,5.07,5.12,5.49,11.19,12.37,9.6,24.67,19.2,1.2848,Fail,180.56,778.1,UB 356x171x45,UC 254x254x89,45.0,89.0,84.72,88.9,15943.5
2359,5,3,2,3.15,4.86,5.08,29.95,5.12,13.77,15.75,42.88,31.5,1.3614,Fail,283.39,2441.51,UB 406x178x54,UC 305x305x118,54.3,118.0,94.54,118.25,45211.17
2360,1,1,3,3.72,6.46,4.4,20.86,3.88,18.77,3.72,15.96,7.44,2.1455,Fail,166.64,287.64,UB 406x178x54,UC 254x254x73,54.3,73.1,83.59,76.1,5012.09
2361,5,2,1,3.88,6.94,5.9,23.61,14.78,21.64,19.4,238.72,38.8,6.1527,Fail,874.79,2709.94,UB 610x229x101,UC 305x305x118,101.2,118.0,110.45,249.64,36737.96
2362,5,2,1,3.27,5.49,7.97,26.05,12.31,4.64,16.35,25.17,32.7,0.7697,Pass,258.15,2550.63,UB 406x178x54,UC 305x305x118,54.3,118.0,86.12,111.47,24029.5
2363,1,2,3,3.97,4.86,5.68,7.7,12.77,1.29,3.97,0.79,7.94,0.1,Pass,93.2,339.9,UB 305x165x40,UC 203x203x46,40.5,46.1,64.79,57.99,5841.2
2364,2,2,2,3.79,4.4,5.53,6.26,2.16,13.65,7.58,23.54,15.16,1.5525,Fail,142.08,248.18,UB 305x165x40,UC 254x254x73,40.5,73.1,82.67,80.35,9812.86
2365,4,3,3,3.25,7.74,4.61,5.88,9.73,19.49,13.0,59.1,26.0,2.273,Fail,308.15,1138.26,UB 457x191x67,UC 305x305x118,67.1,118.0,77.28,91.09,64320.88
2366,2,2,2,4.08,4.28,5.44,15.23,9.07,0.78,8.16,1.76,16.32,0.1081,Pass,102.12,719.3,UB 305x165x40,UC 203x203x60,40.5,60.0,59.41,80.91,9130.32
2367,3,2,2,3.91,4.12,4.38,11.08,6.34,19.95,11.73,74.12,23.46,3.1595,Fail,403.9,651.71,UB 533x210x82,UC 305x305x118,82.2,118.0,71.3,106.45,25033.86
2368,1,1,2,3.32,5.85,4.76,24.47,10.51,4.29,3.32,2.36,6.64,0.3553,Pass,120.12,415.19,UB 406x178x54,UC 203x203x60,54.3,60.0,87.77,90.34,3182.04
2369,1,1,1,3.81,5.52,4.17,17.73,13.5,16.38,3.81,14.3,7.62,1.8762,Fail,151.53,233.46,UB 406x178x54,UC 254x254x73,54.3,73.1,65.84,67.89,2166.38
2370,4,1,1,3.18,7.22,5.02,26.75,11.23,6.98,12.72,48.13,25.44,1.8918,Fail,370.53,1366.79,UB 533x210x82,UC 305x305x118,82.2,118.0,70.53,84.25,14052.86
2371,4,1,2,3.17,4.67,7.23,29.11,8.16,0.16,12.68,0.88,25.36,0.0347,Pass,259.45,2059.39,UB 406x178x54,UC 305x305x118,54.3,118.0,86.56,83.78,18301.84
2372,3,2,1,3.61,7.93,4.58,10.64,5.92,21.42,10.83,81.77,21.66,3.7753,Fail,389.28,733.05,UB 457x191x67,UC 305x305x118,67.1,118.0,97.63,101.94,16818.74
2373,2,1,2,3.22,6.59,4.06,13.56,4.79,14.69,6.44,28.54,12.88,2.216,Fail,232.68,436.03,UB 406x178x54,UC 254x254x73,54.3,73.1,77.62,95.34,6735.27
2374,1,1,3,4.37,6.66,4.07,11.79,11.64,11.15,4.37,17.14,8.74,1.9606,Fail,147.56,271.22,UB 406x178x54,UC 254x254x73,54.3,73.1,86.75,69.75,5328.13
2375,4,1,2,3.93,4.83,4.73,21.04,6.59,2.36,15.72,26.68,31.44,0.8486,Pass,165.96,1186.91,UB 305x165x40,UC 254x254x89,40.5,89.0,96.56,86.27,13806.9
2376,2,2,2,3.12,5.86,7.27,23.01,2.31,24.27,6.24,23.49,12.48,1.8824,Fail,207.85,965.09,UB 356x171x45,UC 305x305x97,45.0,96.9,98.69,83.99,12532.1
2377,2,2,2,4.24,5.44,6.16,7.8,2.48,2.64,8.48,7.4,16.96,0.4364,Pass,54.81,357.26,UB 254x146x31,UC 203x203x46,31.1,46.1,87.96,71.46,7847.47
2378,5,3,1,3.48,7.72,6.33,26.04,4.22,10.75,17.4,60.74,34.8,1.7455,Fail,344.43,2281.28,UB 533x210x82,UC 305x305x118,82.2,118.0,68.7,114.1,45869.64
2379,4,3,2,4.1,7.21,7.54,11.38,9.23,19.78,16.4,127.87,32.8,3.8986,Fail,481.3,1806.55,UB 533x210x82,UC 305x305x118,82.2,118.0,84.96,150.42,64391.45
2380,5,3,2,3.19,5.85,8.0,27.7,8.5,6.73,15.95,24.21,31.9,0.7588,Pass,304.8,3582.88,UB 457x191x67,UC 305x305x118,67.1,118.0,76.44,133.12,61721.27
2381,4,2,1,3.77,4.92,7.28,18.94,3.15,14.11,15.08,80.51,30.16,2.6693,Fail,396.92,1045.05,UB 457x191x67,UC 305x305x118,67.1,118.0,99.54,111.14,21820.61
2382,5,1,2,3.44,7.39,4.52,15.93,2.57,10.09,17.2,136.92,34.4,3.9801,Fail,573.73,1237.11,UB 610x229x101,UC 305x305x118,101.2,118.0,72.44,117.51,32544.1
2383,5,1,2,3.91,6.92,4.51,9.93,6.24,5.76,19.55,115.11,39.1,2.9439,Fail,431.72,1062.49,UB 533x210x82,UC 305x305x118,82.2,118.0,76.21,92.66,29788.2
2384,5,2,3,3.66,5.8,7.8,17.6,3.52,14.35,18.3,117.63,36.6,3.2139,Fail,495.5,2010.27,UB 533x210x82,UC 305x305x118,82.2,118.0,87.47,158.13,73835.4
2385,5,2,2,3.41,4.75,6.86,5.24,2.86,4.16,17.05,24.19,34.1,0.7095,Pass,126.98,676.46,UB 305x165x40,UC 254x254x73,40.5,73.1,73.88,82.7,25323.35
2386,4,3,3,3.22,4.06,7.61,5.04,4.71,5.45,12.88,11.52,25.76,0.4472,Pass,83.88,661.87,UB 254x146x31,UC 203x203x60,31.1,60.0,77.03,91.54,29785.78
2387,1,1,1,3.82,5.51,7.17,23.59,14.92,11.34,3.82,10.0,7.64,1.3084,Fail,212.75,357.31,UB 406x178x54,UC 254x254x73,54.3,73.1,80.74,68.67,2494.02
2388,5,1,3,3.01,6.06,6.29,24.45,14.99,3.03,15.05,23.36,30.1,0.7762,Pass,224.94,2673.99,UB 457x191x67,UC 305x305x118,67.1,118.0,69.97,100.99,35001.49
2389,1,2,1,3.03,7.82,7.4,14.61,11.79,15.69,3.03,4.33,6.06,0.7151,Pass,236.71,454.74,UB 533x210x82,UC 254x254x73,82.2,73.1,62.29,74.87,5725.01
2390,2,1,3,3.74,7.74,6.97,19.55,8.92,19.33,7.48,68.64,14.96,4.5884,Fail,435.61,946.94,UB 533x210x82,UC 305x305x118,82.2,118.0,76.89,96.03,19026.15
2391,4,3,3,3.93,5.55,6.17,23.33,5.9,24.72,15.72,121.17,31.44,3.8541,Fail,543.67,1950.55,UB 533x210x82,UC 305x305x118,82.2,118.0,95.97,167.18,75921.79
2392,1,3,2,3.72,5.03,4.98,6.27,13.98,20.4,3.72,7.11,7.44,0.9554,Pass,89.96,324.67,UB 305x165x40,UC 203x203x46,40.5,46.1,71.06,84.92,5504.86
2393,5,3,2,4.03,5.0,4.47,7.42,12.86,23.83,20.15,177.96,40.3,4.4158,Fail,692.56,1431.68,UB 610x229x101,UC 305x305x118,101.2,118.0,87.45,183.36,69396.96
2394,1,1,3,4.32,5.27,6.65,18.88,6.8,6.48,4.32,8.81,8.64,1.0194,Fail,154.31,357.0,UB 356x171x45,UC 203x203x60,45.0,60.0,72.8,79.02,4817.7
2395,5,1,3,4.44,5.24,7.89,9.73,5.38,21.2,22.2,565.67,44.4,12.7404,Fail,1863.68,2320.17,UB 610x229x101,UC 305x305x118,101.2,118.0,235.31,344.89,55516.6
2396,1,1,2,3.31,7.05,5.11,15.28,7.8,9.38,3.31,5.49,6.62,0.83,Pass,126.3,311.15,UB 457x191x67,UC 203x203x60,67.1,60.0,64.47,91.07,3982.29
2397,5,3,3,3.38,6.33,6.82,26.58,7.62,3.71,16.9,17.07,33.8,0.505,Pass,201.77,3162.97,UB 457x191x67,UC 305x305x118,67.1,118.0,69.15,114.32,84849.1
2398,1,1,1,3.83,5.07,6.58,5.4,3.81,19.25,3.83,16.61,7.66,2.1682,Fail,128.03,100.82,UB 305x165x40,UC 203x203x60,40.5,60.0,74.49,78.58,1862.85
2399,1,3,3,3.23,4.55,4.89,16.17,13.99,7.22,3.23,1.48,6.46,0.2287,Pass,99.79,426.95,UB 305x165x40,UC 203x203x46,40.5,46.1,78.34,72.68,6970.29
2400,1,1,2,3.21,6.12,6.0,6.75,5.41,8.12,3.21,3.99,6.42,0.6219,Pass,66.35,177.16,UB 305x165x40,UC 203x203x46,40.5,46.1,76.86,60.81,2603.47
2401,2,2,1,4.18,5.43,7.88,15.29,4.08,23.26,8.36,61.78,16.72,3.6947,Fail,305.51,515.4,UB 457x191x67,UC 305x305x118,67.1,118.0,76.62,86.88,12006.19
2402,3,2,1,3.01,4.35,6.48,29.81,9.28,3.49,9.03,5.28,18.06,0.2923,Pass,171.68,1253.53,UB 305x165x40,UC 254x254x89,40.5,89.0,99.89,88.66,9298.08
2403,3,1,3,3.17,5.67,4.28,9.42,10.21,8.18,9.51,28.82,19.02,1.5153,Fail,223.61,668.46,UB 406x178x54,UC 254x254x73,54.3,73.1,74.6,97.84,13439.29
2404,5,1,2,4.0,7.57,4.46,5.79,8.04,4.32,20.0,98.38,40.0,2.4594,Fail,351.84,931.94,UB 457x191x67,UC 305x305x97,67.1,96.9,88.24,94.67,25232.53
2405,1,2,2,3.61,4.22,4.51,11.06,3.86,2.17,3.61,0.9,7.22,0.1241,Pass,46.11,206.45,UB 254x146x31,UC 152x152x23,31.1,23.0,59.59,92.95,2376.29
2406,1,3,3,4.36,4.8,7.62,19.19,14.87,15.68,4.36,9.74,8.72,1.1175,Fail,273.18,632.85,UB 406x178x54,UC 254x254x73,54.3,73.1,91.14,73.04,13192.33
2407,1,2,1,3.19,6.62,5.06,18.31,6.87,12.44,3.19,3.81,6.38,0.597,Pass,164.21,341.56,UB 406x178x54,UC 203x203x46,54.3,46.1,91.56,99.79,3144.49
2408,4,2,2,3.34,7.26,7.56,27.84,11.8,7.8,13.36,36.05,26.72,1.3494,Fail,337.57,3421.68,UB 533x210x82,UC 305x305x118,82.2,118.0,74.84,134.36,43425.22
2409,1,2,3,3.27,4.58,5.76,29.69,13.08,7.5,3.27,2.21,6.54,0.3378,Pass,192.88,668.65,UB 356x171x45,UC 203x203x60,45.0,60.0,90.5,84.32,6336.0
2410,1,1,3,3.13,4.95,5.46,22.98,12.38,24.58,3.13,10.12,6.26,1.6172,Fail,148.46,432.09,UB 356x171x45,UC 254x254x73,45.0,73.1,83.07,75.23,4195.62
2411,3,2,1,3.39,5.4,7.84,7.08,14.99,13.37,10.17,33.64,20.34,1.6538,Fail,227.27,914.34,UB 406x178x54,UC 305x305x97,54.3,96.9,75.82,86.54,13262.89
2412,2,2,1,4.12,4.5,5.84,28.82,7.13,24.67,8.24,58.09,16.48,3.5251,Fail,330.97,758.07,UB 457x191x67,UC 305x305x118,67.1,118.0,83.0,96.2,10600.7
2413,5,2,2,4.06,5.55,5.4,22.47,7.2,3.82,20.3,43.96,40.6,1.0827,Fail,211.18,2307.49,UB 356x171x45,UC 305x305x118,45.0,118.0,99.09,103.5,36341.1
2414,2,2,1,4.43,6.49,5.77,29.94,13.08,11.05,8.86,38.91,17.72,2.196,Fail,299.65,1171.79,UB 457x191x67,UC 305x305x97,67.1,96.9,93.75,92.93,10958.04
2415,3,3,2,3.71,7.32,6.65,19.45,10.31,9.04,11.13,25.68,22.26,1.1537,Fail,252.62,1831.43,UB 457x191x67,UC 305x305x118,67.1,118.0,93.05,82.06,39730.88
2416,1,2,1,4.21,5.21,6.26,29.84,14.66,3.14,4.21,2.44,8.42,0.2901,Pass,197.89,558.67,UB 406x178x54,UC 254x254x73,54.3,73.1,78.88,70.7,3997.87
2417,3,2,1,3.46,5.23,5.68,23.47,6.92,3.81,10.38,10.19,20.76,0.491,Pass,130.94,1043.07,UB 356x171x45,UC 254x254x73,45.0,73.1,84.21,79.86,9677.27
2418,1,1,1,3.5,6.55,7.37,20.12,11.77,4.09,3.5,2.85,7.0,0.4068,Pass,180.2,315.37,UB 457x191x67,UC 203x203x60,67.1,60.0,71.44,94.24,2708.06
2419,3,3,1,3.03,5.6,6.76,25.03,10.36,2.2,9.09,2.83,18.18,0.1556,Pass,170.85,1344.14,UB 406x178x54,UC 254x254x89,54.3,89.0,77.9,92.34,16350.34
2420,1,1,3,4.07,5.97,4.78,18.76,8.91,11.59,4.07,13.23,8.14,1.6247,Fail,134.92,327.69,UB 406x178x54,UC 254x254x73,54.3,73.1,73.79,67.48,5234.14
2421,1,3,2,3.35,4.9,6.71,24.72,8.51,21.6,3.35,5.1,6.7,0.7614,Pass,221.24,589.43,UB 406x178x54,UC 203x203x60,54.3,60.0,73.81,84.15,7721.45
2422,2,3,1,3.79,5.11,7.21,18.42,14.91,10.13,7.58,13.25,15.16,0.8741,Pass,170.16,838.11,UB 356x171x45,UC 254x254x73,45.0,73.1,86.14,97.24,9787.78
2423,1,2,1,4.22,7.97,4.73,9.02,13.42,7.78,4.22,6.96,8.44,0.8252,Pass,218.59,358.99,UB 457x191x67,UC 203x203x60,67.1,60.0,90.57,96.31,4610.5
2424,3,1,3,3.28,7.45,4.47,15.04,6.04,18.6,9.84,86.32,19.68,4.3861,Fail,504.95,843.52,UB 533x210x82,UC 305x305x118,82.2,118.0,89.13,102.85,23251.45
2425,5,2,1,4.24,4.96,4.57,22.84,10.34,12.63,21.2,160.65,42.4,3.7888,Fail,602.05,1671.51,UB 610x229x101,UC 305x305x118,101.2,118.0,76.02,168.27,31985.9
2426,1,1,1,3.24,8.0,4.81,19.87,9.16,14.81,3.24,8.56,6.48,1.3211,Fail,206.88,268.56,UB 533x210x82,UC 254x254x73,82.2,73.1,73.34,88.96,3053.34
2427,5,1,1,3.13,5.1,7.75,10.25,13.95,11.87,15.65,94.43,31.3,3.0168,Fail,544.88,1373.27,UB 533x210x82,UC 305x305x118,82.2,118.0,96.18,116.29,17949.5
2428,1,1,1,4.13,5.99,4.4,25.57,11.91,13.87,4.13,16.71,8.26,2.0233,Fail,173.56,289.91,UB 457x191x67,UC 254x254x73,67.1,73.1,64.22,79.72,2601.95
2429,1,3,1,4.33,7.03,7.54,8.89,14.84,8.87,4.33,6.0,8.66,0.6934,Pass,172.62,381.0,UB 457x191x67,UC 203x203x60,67.1,60.0,65.72,86.69,6932.41
2430,5,1,3,3.76,4.39,6.59,26.14,10.27,20.54,18.8,286.42,37.6,7.6176,Fail,1326.12,3011.35,UB 610x229x101,UC 305x305x118,101.2,118.0,167.44,279.56,46639.8
2431,3,2,1,3.94,4.31,7.83,13.52,6.39,4.14,11.82,16.1,23.64,0.681,Pass,127.74,697.41,UB 305x165x40,UC 254x254x73,40.5,73.1,74.32,73.95,10132.95
2432,1,1,2,4.38,6.23,6.7,25.93,8.79,0.09,4.38,0.16,8.76,0.0186,Pass,235.71,523.59,UB 457x191x67,UC 254x254x73,67.1,73.1,66.93,69.3,4973.45
2433,2,2,3,4.14,6.86,5.87,28.64,3.38,0.69,8.28,2.08,16.56,0.1255,Pass,195.9,1170.39,UB 457x191x67,UC 254x254x89,67.1,89.0,82.41,88.84,23297.72
2434,5,1,3,3.7,7.34,4.52,10.07,9.74,18.95,18.5,326.21,37.0,8.8166,Fail,1170.8,1561.67,UB 610x229x101,UC 305x305x118,101.2,118.0,147.83,218.18,46042.88
2435,4,2,2,3.74,4.48,4.79,13.47,4.95,11.19,14.96,59.59,29.92,1.9915,Fail,309.85,977.46,UB 457x191x67,UC 305x305x118,67.1,118.0,77.71,91.35,30815.93
2436,4,3,1,4.35,4.03,7.19,18.68,10.76,17.91,17.4,110.78,34.8,3.1834,Fail,487.13,1283.71,UB 533x210x82,UC 305x305x118,82.2,118.0,85.99,135.54,33832.27
2437,3,2,2,4.3,6.0,4.06,21.28,10.7,7.33,12.9,44.73,25.8,1.7339,Fail,246.19,1425.58,UB 406x178x54,UC 305x305x118,54.3,118.0,86.58,84.06,23532.44
2438,2,1,2,4.45,4.65,7.3,14.77,2.49,24.83,8.9,128.44,17.8,7.2156,Fail,624.7,679.04,UB 610x229x101,UC 305x305x118,101.2,118.0,78.88,134.09,15034.76
2439,5,3,2,3.83,7.39,5.04,21.66,2.26,20.02,19.15,152.36,38.3,3.9781,Fail,559.68,2085.41,UB 533x210x82,UC 305x305x118,82.2,118.0,98.8,169.76,71023.53
2440,3,1,2,3.93,4.47,6.31,29.56,14.11,17.42,11.79,114.91,23.58,4.8731,Fail,666.82,1900.19,UB 610x229x101,UC 305x305x118,101.2,118.0,84.19,159.69,20081.46
2441,2,1,2,3.08,4.46,5.63,12.45,3.89,1.82,6.16,2.51,12.32,0.2038,Pass,71.39,385.08,UB 254x146x31,UC 203x203x46,31.1,46.1,77.04,57.37,3936.84
2442,4,1,1,3.3,4.19,7.76,25.33,8.79,6.45,13.2,37.35,26.4,1.4147,Fail,274.16,1253.09,UB 406x178x54,UC 305x305x97,54.3,96.9,91.46,90.72,10307.4
2443,2,2,1,4.05,6.78,6.48,26.64,9.51,7.21,8.1,18.86,16.2,1.1639,Fail,245.82,1044.6,UB 457x191x67,UC 254x254x89,67.1,89.0,89.82,90.33,10573.75
2444,3,3,1,3.33,4.04,7.65,23.46,9.81,20.24,9.99,29.75,19.98,1.4888,Fail,234.47,1110.01,UB 406x178x54,UC 305x305x97,54.3,96.9,78.22,94.92,16677.68
2445,1,2,1,3.07,4.4,7.65,14.43,11.36,19.09,3.07,4.37,6.14,0.711,Pass,151.29,315.51,UB 305x165x40,UC 203x203x60,40.5,60.0,88.03,84.62,2747.47
2446,5,2,3,3.44,6.85,4.98,21.69,14.16,21.56,17.2,156.65,34.4,4.5536,Fail,695.88,3042.48,UB 610x229x101,UC 305x305x118,101.2,118.0,87.86,219.53,74762.92
2447,2,2,3,3.14,4.01,4.07,7.96,11.89,22.8,6.28,19.25,12.56,1.5326,Fail,170.61,480.49,UB 305x165x40,UC 254x254x89,40.5,89.0,99.26,81.31,12272.55
2448,4,2,1,3.74,7.28,6.34,15.61,14.47,8.0,14.96,54.29,29.92,1.8146,Fail,315.51,1826.9,UB 457x191x67,UC 305x305x118,67.1,118.0,92.52,99.43,23512.46
2449,2,3,2,3.48,7.06,7.46,8.42,12.02,22.65,6.96,24.95,13.92,1.7927,Fail,199.41,901.35,UB 406x178x54,UC 254x254x89,54.3,89.0,90.15,92.04,20814.97
2450,4,2,1,3.2,6.37,7.06,17.44,3.28,9.06,12.8,33.44,25.6,1.3061,Fail,216.98,1146.0,UB 406x178x54,UC 305x305x97,54.3,96.9,72.39,85.54,17576.47
2451,2,2,3,3.07,6.69,6.39,9.02,11.55,0.47,6.14,0.57,12.28,0.0461,Pass,123.6,804.99,UB 406x178x54,UC 203x203x60,54.3,60.0,77.19,97.21,16478.66
2452,3,2,2,4.14,7.37,5.48,12.0,12.05,11.71,12.42,69.07,24.84,2.7808,Fail,327.08,1399.32,UB 457x191x67,UC 305x305x118,67.1,118.0,82.03,101.29,28710.27
2453,1,2,1,3.66,4.11,4.81,25.67,8.03,9.04,3.66,3.89,7.32,0.531,Pass,91.93,325.79,UB 305x165x40,UC 203x203x46,40.5,46.1,64.51,70.22,2262.59
2454,3,3,2,3.8,6.56,4.92,21.61,2.8,2.44,11.4,7.21,22.8,0.316,Pass,142.94,1201.12,UB 406x178x54,UC 254x254x73,54.3,73.1,86.37,95.56,26029.44
2455,3,2,1,3.8,7.11,7.55,12.41,2.95,7.54,11.4,32.43,22.8,1.4225,Fail,182.09,709.94,UB 406x178x54,UC 254x254x73,54.3,73.1,69.19,99.32,13322.6
2456,3,3,2,4.01,5.53,4.65,9.32,5.37,18.79,12.03,60.95,24.06,2.5332,Fail,291.19,667.8,UB 406x178x54,UC 305x305x118,54.3,118.0,97.14,81.83,31201.89
2457,5,2,1,4.34,4.74,6.06,12.51,2.59,10.42,21.7,141.21,43.4,3.2537,Fail,499.08,803.08,UB 533x210x82,UC 305x305x118,82.2,118.0,88.1,125.29,30628.14
2458,3,1,1,3.67,7.57,6.73,8.6,14.29,21.49,11.01,147.12,22.02,6.6813,Fail,710.01,863.67,UB 610x229x101,UC 305x305x118,101.2,118.0,89.65,137.58,13879.68
2459,2,2,1,4.09,7.87,5.6,15.44,3.8,15.09,8.18,43.47,16.36,2.6572,Fail,245.06,587.34,UB 457x191x67,UC 254x254x89,67.1,89.0,74.76,96.81,10847.3
2460,2,3,2,4.08,7.34,6.43,15.16,10.73,0.76,8.16,1.68,16.32,0.1031,Pass,181.84,1065.93,UB 457x191x67,UC 254x254x89,67.1,89.0,81.62,82.92,24483.38
2461,3,3,3,4.49,6.37,4.94,6.44,6.35,9.26,13.47,47.75,26.94,1.7725,Fail,195.43,640.76,UB 356x171x45,UC 254x254x89,45.0,89.0,91.7,91.35,37503.48
2462,2,2,1,3.52,4.1,6.1,25.86,12.04,11.86,7.04,15.28,14.08,1.0855,Fail,141.86,779.63,UB 305x165x40,UC 254x254x73,40.5,73.1,82.53,89.96,5898.44
2463,5,2,3,3.13,7.62,6.38,16.23,14.37,19.41,15.65,109.42,31.3,3.4958,Fail,548.25,3106.69,UB 533x210x82,UC 305x305x118,82.2,118.0,96.78,185.51,70814.58
2464,3,1,3,3.98,5.29,5.8,23.42,8.5,22.05,11.94,164.1,23.88,6.8717,Fail,838.31,1419.23,UB 610x229x101,UC 305x305x118,101.2,118.0,105.85,174.56,28260.82
2465,4,3,2,3.52,4.64,7.4,19.67,13.21,6.03,14.08,18.55,28.16,0.6588,Pass,245.9,2326.24,UB 406x178x54,UC 305x305x118,54.3,118.0,82.04,91.48,41865.79
2466,5,2,1,4.27,5.91,7.44,23.74,3.69,18.22,21.35,257.24,42.7,6.0244,Fail,848.51,1821.2,UB 610x229x101,UC 305x305x118,101.2,118.0,107.13,227.52,38371.56
2467,2,1,3,3.26,7.77,4.59,7.58,11.9,20.9,6.52,46.38,13.04,3.5571,Fail,337.87,538.31,UB 457x191x67,UC 305x305x97,67.1,96.9,84.73,86.35,12921.11
2468,3,3,2,3.64,4.48,5.97,15.57,2.74,7.36,10.92,15.51,21.84,0.7101,Pass,110.18,830.98,UB 305x165x40,UC 254x254x73,40.5,73.1,64.11,81.99,20280.74
2469,5,3,2,3.17,5.07,6.21,19.43,5.02,9.37,15.85,30.46,31.7,0.961,Pass,198.68,1958.48,UB 356x171x45,UC 305x305x118,45.0,118.0,93.22,89.4,43888.35
2470,1,2,3,3.01,6.34,7.23,9.68,13.68,18.67,3.01,4.55,6.02,0.7551,Pass,169.82,487.77,UB 406x178x54,UC 203x203x60,54.3,60.0,74.61,82.63,8454.6
2471,5,3,1,3.14,7.92,5.06,21.97,5.49,20.72,15.7,83.89,31.4,2.6718,Fail,439.92,2003.81,UB 533x210x82,UC 305x305x118,82.2,118.0,77.66,131.2,42670.16
2472,1,2,3,3.04,4.29,5.86,27.18,2.25,5.4,3.04,1.19,6.08,0.1965,Pass,133.73,439.4,UB 305x165x40,UC 203x203x46,40.5,46.1,77.81,74.84,5207.66
2473,1,2,1,3.67,7.11,7.55,22.13,14.24,7.28,3.67,3.82,7.34,0.521,Pass,267.74,593.3,UB 533x210x82,UC 254x254x73,82.2,73.1,64.5,84.82,5809.26
2474,2,1,1,3.62,5.84,5.02,11.99,9.51,21.32,7.24,58.5,14.48,4.0397,Fail,379.53,416.82,UB 457x191x67,UC 305x305x97,67.1,96.9,95.18,96.17,5721.05
2475,4,1,3,3.42,5.77,7.92,27.9,2.07,5.56,13.68,42.71,27.36,1.5609,Fail,281.73,1878.01,UB 406x178x54,UC 305x305x118,54.3,118.0,93.99,91.79,28248.24
2476,5,1,3,3.6,7.72,5.04,8.91,6.55,18.21,18.0,295.48,36.0,8.2077,Fail,1053.97,1326.56,UB 610x229x101,UC 305x305x118,101.2,118.0,133.08,195.03,47918.72
2477,5,2,1,4.05,4.88,6.42,8.18,11.11,24.78,20.25,266.28,40.5,6.5748,Fail,1006.93,1346.45,UB 610x229x101,UC 305x305x118,101.2,118.0,127.14,248.61,33959.68
2478,4,1,3,4.29,4.64,6.29,25.56,4.89,16.31,17.16,245.77,34.32,7.1613,Fail,1046.95,1939.43,UB 610x229x101,UC 305x305x118,101.2,118.0,132.19,215.27,38989.28
2479,3,3,2,3.09,7.32,6.87,16.31,10.4,20.6,9.27,31.07,18.54,1.6758,Fail,269.58,1671.13,UB 457x191x67,UC 305x305x118,67.1,118.0,83.52,87.42,37451.41
2480,4,1,3,3.97,5.42,4.82,17.23,10.1,15.67,15.88,193.67,31.76,6.0979,Fail,866.4,1504.83,UB 610x229x101,UC 305x305x118,101.2,118.0,109.39,173.89,35473.6
2481,3,1,2,4.08,6.02,6.18,12.53,2.04,18.7,12.24,161.76,24.48,6.6079,Fail,720.71,789.91,UB 610x229x101,UC 305x305x118,101.2,118.0,91.0,139.96,21653.93
2482,3,2,1,3.25,6.18,6.66,28.06,9.35,21.06,9.75,48.99,19.5,2.5125,Fail,356.93,1516.37,UB 457x191x67,UC 305x305x118,67.1,118.0,89.51,107.05,15901.11
2483,2,3,1,3.25,7.09,7.62,24.42,14.28,22.05,6.5,19.34,13.0,1.4878,Fail,295.63,1204.91,UB 533x210x82,UC 305x305x97,82.2,96.9,68.06,86.71,17043.29
2484,2,3,1,3.42,6.17,7.66,19.62,4.25,3.92,6.84,3.93,13.68,0.2871,Pass,137.27,667.84,UB 406x178x54,UC 254x254x73,54.3,73.1,70.27,76.85,11347.91
2485,2,1,1,3.26,7.83,4.98,6.68,4.0,9.36,6.52,20.87,13.04,1.6008,Fail,160.84,215.25,UB 356x171x45,UC 203x203x60,45.0,60.0,99.31,89.37,3870.6
2486,3,2,1,3.17,7.54,4.9,13.44,6.27,17.95,9.51,42.73,19.02,2.2468,Fail,283.49,847.69,UB 457x191x67,UC 305x305x97,67.1,96.9,71.09,93.27,14559.43
2487,1,1,2,3.87,7.25,7.23,12.12,12.18,15.59,3.87,16.03,7.74,2.071,Fail,194.16,426.8,UB 457x191x67,UC 254x254x73,67.1,73.1,73.82,86.41,5097.34
2488,2,1,1,3.44,4.99,7.68,19.8,3.72,20.3,6.88,43.27,13.76,3.1444,Fail,325.41,496.02,UB 457x191x67,UC 305x305x97,67.1,96.9,81.61,87.03,6067.32
2489,1,2,3,4.12,6.15,6.58,8.06,12.81,19.72,4.12,14.7,8.24,1.7845,Fail,146.9,412.75,UB 356x171x45,UC 203x203x60,45.0,60.0,94.03,98.48,7845.3
2490,3,1,1,4.32,4.23,7.12,23.78,7.11,22.69,12.96,204.48,25.92,7.8888,Fail,1004.18,1207.67,UB 610x229x101,UC 305x305x118,101.2,118.0,126.79,194.67,13008.84
2491,5,3,3,3.2,4.23,4.57,29.17,7.22,1.88,16.0,5.87,32.0,0.1834,Pass,92.7,2217.53,UB 305x165x40,UC 305x305x97,40.5,96.9,75.94,91.46,46190.4
2492,4,2,3,3.56,4.64,7.63,14.6,9.74,21.67,14.24,98.44,28.48,3.4564,Fail,530.35,1717.86,UB 533x210x82,UC 305x305x118,82.2,118.0,93.62,159.68,54947.59
2493,1,3,1,4.35,5.37,7.94,7.44,3.72,9.89,4.35,6.26,8.7,0.7193,Pass,75.72,149.62,UB 254x146x31,UC 203x203x46,31.1,46.1,91.85,51.4,3594.06
2494,1,3,1,3.15,5.49,6.89,8.2,7.51,23.77,3.15,4.64,6.3,0.7366,Pass,79.87,204.46,UB 305x165x40,UC 203x203x46,40.5,46.1,71.68,64.04,3611.97
2495,4,2,1,4.0,6.03,7.67,11.3,3.34,22.64,16.0,174.95,32.0,5.467,Fail,675.73,810.6,UB 610x229x101,UC 305x305x118,101.2,118.0,85.32,169.6,30406.22
2496,1,3,2,3.18,7.23,4.91,5.11,9.71,16.5,3.18,3.73,6.36,0.5857,Pass,117.08,282.69,UB 406x178x54,UC 203x203x46,54.3,46.1,70.2,80.57,7425.38
2497,5,2,2,4.31,5.08,4.76,22.63,2.82,17.28,21.55,235.2,43.1,5.4571,Fail,816.04,1731.75,UB 610x229x101,UC 305x305x118,101.2,118.0,103.03,218.46,52760.34
2498,3,2,1,3.48,5.08,6.88,8.49,9.56,2.63,10.44,7.07,20.88,0.3388,Pass,91.32,673.88,UB 305x165x40,UC 203x203x60,40.5,60.0,65.25,86.44,8735.04
2499,2,3,1,3.78,5.77,7.67,16.52,3.82,11.65,7.56,15.79,15.12,1.0442,Fail,127.15,548.61,UB 356x171x45,UC 254x254x73,45.0,73.1,75.68,70.02,10298.09
2500,2,2,3,4.11,7.44,4.61,7.34,9.09,17.7,8.22,50.51,16.44,3.0721,Fail,251.31,594.84,UB 406x178x54,UC 305x305x97,54.3,96.9,84.81,87.04,20527.9
2501,3,3,3,3.48,7.73,7.16,19.77,11.57,24.23,10.44,56.54,20.88,2.7077,Fail,380.4,2021.23,UB 533x210x82,UC 305x305x118,82.2,118.0,71.43,119.27,63773.21
2502,3,3,2,3.74,5.73,6.54,25.74,4.58,5.22,11.22,13.54,22.44,0.6033,Pass,176.16,1610.09,UB 406x178x54,UC 254x254x89,54.3,89.0,71.49,94.96,28906.64
2503,2,1,3,3.88,6.23,5.42,13.95,10.03,1.43,7.76,5.2,15.52,0.3352,Pass,113.14,600.5,UB 406x178x54,UC 203x203x60,54.3,60.0,72.67,96.84,9962.78
2504,3,2,3,3.81,5.16,5.73,6.43,8.76,15.91,11.43,59.09,22.86,2.5848,Fail,308.36,737.03,UB 457x191x67,UC 305x305x118,67.1,118.0,77.33,88.2,34875.58
2505,3,3,3,3.8,7.32,6.17,29.32,6.17,10.93,11.4,33.71,22.8,1.4787,Fail,301.39,2032.04,UB 533x210x82,UC 305x305x118,82.2,118.0,68.68,95.3,61442.81
2506,4,1,2,4.18,4.07,6.03,14.95,3.63,14.61,16.72,191.19,33.44,5.7175,Fail,879.83,1387.55,UB 610x229x101,UC 305x305x118,101.2,118.0,111.09,173.06,26544.14
2507,2,2,2,4.39,7.45,6.55,12.97,6.85,19.64,8.78,70.83,17.56,4.0334,Fail,315.38,835.32,UB 457x191x67,UC 305x305x118,67.1,118.0,79.09,92.93,20597.16
2508,4,1,3,3.24,4.73,5.4,23.87,8.93,8.82,12.96,50.71,25.92,1.9562,Fail,354.67,1583.74,UB 457x191x67,UC 305x305x118,67.1,118.0,88.95,94.99,26008.53
2509,4,1,2,3.67,6.21,4.75,24.01,13.45,16.15,14.68,164.14,29.36,5.5907,Fail,804.96,1956.43,UB 610x229x101,UC 305x305x118,101.2,118.0,101.64,174.32,25626.06
2510,1,1,1,3.37,5.09,5.15,19.33,9.72,19.7,3.37,10.7,6.74,1.5879,Fail,134.4,228.04,UB 356x171x45,UC 203x203x60,45.0,60.0,74.2,90.12,1730.4
2511,5,3,3,3.63,4.68,6.77,5.99,7.33,0.01,18.15,0.08,36.3,0.0023,Pass,79.59,1106.58,UB 254x146x31,UC 254x254x73,31.1,73.1,73.09,73.47,42593.94
2512,3,1,3,3.54,4.78,4.27,25.9,10.41,0.47,10.62,2.25,21.24,0.1058,Pass,92.44,1036.99,UB 356x171x45,UC 254x254x73,45.0,73.1,76.81,79.72,12250.48
2513,2,3,1,3.07,7.04,6.3,11.14,11.92,13.47,6.14,9.68,12.28,0.7885,Pass,173.29,682.16,UB 457x191x67,UC 254x254x73,67.1,73.1,64.14,73.36,12641.12
2514,2,1,1,3.45,5.85,4.35,19.8,6.97,0.14,6.9,0.37,13.8,0.0269,Pass,96.68,379.8,UB 406x178x54,UC 203x203x46,54.3,46.1,67.17,97.42,3487.8
2515,1,2,1,4.4,4.57,5.94,5.93,7.2,10.01,4.4,8.77,8.8,0.9966,Pass,60.02,149.23,UB 254x146x31,UC 203x203x46,31.1,46.1,66.6,65.67,2339.75
2516,4,1,2,4.46,7.48,5.56,10.46,8.83,23.48,17.84,514.21,35.68,14.4118,Fail,1579.12,1511.76,UB 610x229x101,UC 305x305x118,101.2,118.0,199.38,288.76,30717.18
2517,1,1,3,3.49,5.85,4.8,15.59,7.78,10.64,3.49,6.92,6.98,0.992,Pass,100.42,273.09,UB 356x171x45,UC 203x203x46,45.0,46.1,90.63,98.6,3636.11
2518,2,1,3,3.17,7.93,7.54,24.66,3.49,16.07,6.34,32.86,12.68,2.5918,Fail,314.51,943.6,UB 533x210x82,UC 305x305x97,82.2,96.9,69.27,86.29,17566.99
2519,5,2,2,4.07,7.86,5.2,28.47,11.3,9.73,20.35,135.76,40.7,3.3357,Fail,547.32,3727.76,UB 533x210x82,UC 305x305x118,82.2,118.0,96.61,198.31,53817.66
2520,3,2,1,4.37,4.79,4.71,16.75,13.63,13.08,13.11,76.78,26.22,2.9282,Fail,358.42,944.2,UB 457x191x67,UC 305x305x118,67.1,118.0,89.89,101.28,15983.16
2521,4,2,1,3.63,6.77,7.16,20.11,4.34,24.37,14.52,143.07,29.04,4.9266,Fail,629.06,1418.71,UB 610x229x101,UC 305x305x118,101.2,118.0,79.43,170.65,29937.25
2522,3,2,1,3.71,7.43,4.4,18.76,2.26,2.16,11.13,8.85,22.26,0.3976,Pass,160.78,855.81,UB 457x191x67,UC 254x254x73,67.1,73.1,68.73,80.77,13521.41
2523,4,3,3,3.85,4.69,6.79,6.03,4.19,14.01,15.4,59.27,30.8,1.9242,Fail,283.48,687.63,UB 406x178x54,UC 305x305x97,54.3,96.9,94.57,97.34,53797.63
2524,4,2,2,4.16,4.31,5.98,10.48,6.49,19.52,16.64,149.36,33.28,4.4879,Fail,646.64,1098.01,UB 610x229x101,UC 305x305x118,101.2,118.0,81.65,167.89,42664.03
2525,2,3,2,3.86,5.79,7.04,5.27,6.67,7.34,7.72,10.73,15.44,0.695,Pass,85.2,467.23,UB 305x165x40,UC 203x203x60,40.5,60.0,63.9,76.33,14341.23
2526,5,2,3,3.34,7.37,4.55,18.99,2.54,17.21,16.7,118.16,33.4,3.5376,Fail,510.85,1786.34,UB 533x210x82,UC 305x305x118,82.2,118.0,90.18,150.27,64710.21
2527,2,1,3,3.65,6.82,4.25,5.3,14.44,14.89,7.3,45.45,14.6,3.1128,Fail,297.58,504.67,UB 406x178x54,UC 254x254x89,54.3,89.0,99.28,98.51,10929.51
2528,2,3,2,3.94,5.25,6.97,11.7,3.19,18.15,7.88,27.45,15.76,1.7419,Fail,159.81,537.94,UB 305x165x40,UC 254x254x73,40.5,73.1,92.98,98.3,15256.15
2529,2,2,3,3.91,7.34,4.13,24.53,8.2,1.94,7.82,4.78,15.64,0.3058,Pass,233.32,1094.64,UB 533x210x82,UC 254x254x89,82.2,89.0,63.86,92.11,24116.08
2530,4,1,2,3.73,6.59,5.64,7.35,4.89,12.63,14.92,140.29,29.84,4.7015,Fail,600.78,832.3,UB 610x229x101,UC 305x305x118,101.2,118.0,75.86,115.66,27698.54
2531,5,2,2,3.32,4.2,6.91,7.06,11.78,21.08,16.6,105.68,33.2,3.1832,Fail,578.37,1590.43,UB 610x229x101,UC 305x305x118,101.2,118.0,73.03,164.06,51359.16
2532,3,2,2,4.34,7.4,4.53,26.92,11.82,10.1,13.02,70.43,26.04,2.7048,Fail,390.92,2046.07,UB 533x210x82,UC 305x305x118,82.2,118.0,77.46,119.91,31478.87
2533,1,2,3,3.45,6.78,6.08,25.41,11.71,14.28,3.45,5.84,6.9,0.8468,Pass,253.64,719.71,UB 457x191x67,UC 254x254x73,67.1,73.1,92.23,88.59,10337.56
2534,1,1,2,3.71,6.78,6.31,7.75,12.1,7.7,3.71,6.63,7.42,0.8935,Pass,122.94,311.67,UB 406x178x54,UC 203x203x60,54.3,60.0,77.54,81.46,3810.59
2535,1,3,2,3.97,7.35,5.54,12.25,5.07,10.3,3.97,5.16,7.94,0.65,Pass,134.76,340.14,UB 406x178x54,UC 203x203x46,54.3,46.1,86.19,94.78,8194.73
2536,4,1,2,4.35,4.91,4.99,11.68,7.52,12.73,17.4,206.22,34.8,5.9258,Fail,833.63,1194.53,UB 610x229x101,UC 305x305x118,101.2,118.0,105.26,161.29,26361.71
2537,2,1,2,3.72,5.76,4.84,25.44,8.12,19.79,7.44,59.37,14.88,3.9898,Fail,402.56,848.49,UB 533x210x82,UC 305x305x118,82.2,118.0,71.06,91.33,11291.14
2538,1,3,1,3.27,4.73,5.64,26.44,13.85,16.06,3.27,3.45,6.54,0.5279,Pass,140.2,438.77,UB 356x171x45,UC 203x203x60,45.0,60.0,82.59,76.21,3861.9
2539,1,3,1,4.16,5.81,6.59,15.77,4.83,19.0,4.16,10.41,8.32,1.2516,Fail,114.06,267.04,UB 356x171x45,UC 203x203x46,45.0,46.1,78.26,93.82,4289.11
2540,5,1,2,3.71,4.82,5.66,12.62,12.57,17.41,18.55,240.88,37.1,6.4929,Fail,1087.24,2052.44,UB 610x229x101,UC 305x305x118,101.2,118.0,137.28,217.53,31906.0
2541,5,3,2,4.48,4.1,7.38,24.97,10.29,21.2,22.4,213.8,44.8,4.7723,Fail,793.08,2948.65,UB 610x229x101,UC 305x305x118,101.2,118.0,100.14,247.53,80264.04
2542,3,3,1,3.21,4.47,5.82,11.56,13.13,10.56,9.63,14.22,19.26,0.7382,Pass,127.83,792.41,UB 305x165x40,UC 254x254x73,40.5,73.1,74.38,82.4,11718.77
2543,1,3,2,4.02,5.77,5.63,10.15,12.91,19.06,4.02,9.2,8.04,1.1437,Fail,125.78,415.22,UB 356x171x45,UC 203x203x60,45.0,60.0,85.81,82.37,7258.05
2544,4,1,3,4.4,6.7,7.52,16.86,14.27,14.51,17.6,285.16,35.2,8.1012,Fail,1012.95,2263.68,UB 610x229x101,UC 305x305x118,101.2,118.0,127.9,220.65,45727.62
2545,2,3,3,3.12,7.98,7.27,28.26,8.38,14.05,6.24,11.6,12.48,0.9296,Pass,315.8,1591.5,UB 533x210x82,UC 305x305x118,82.2,118.0,91.87,84.53,41866.32
2546,4,3,2,4.45,7.08,7.09,10.83,3.18,18.44,17.8,156.99,35.6,4.4099,Fail,501.28,1160.38,UB 533x210x82,UC 305x305x118,82.2,118.0,88.49,140.78,64805.47
2547,1,3,2,4.23,5.23,5.05,15.13,5.8,0.76,4.23,0.45,8.46,0.0533,Pass,81.85,331.97,UB 305x165x40,UC 203x203x46,40.5,46.1,82.56,62.23,5882.57
2548,5,3,3,4.43,4.94,7.54,21.86,5.09,8.17,22.15,84.93,44.3,1.9172,Fail,320.75,2368.33,UB 457x191x67,UC 305x305x118,67.1,118.0,80.44,133.99,92063.68
2549,5,3,1,3.17,5.44,6.26,29.46,7.85,24.85,15.85,83.66,31.7,2.6392,Fail,483.02,2229.34,UB 533x210x82,UC 305x305x118,82.2,118.0,85.26,153.58,38668.88
2550,5,1,1,3.93,7.28,5.76,5.05,5.36,15.18,19.65,318.04,39.3,8.0927,Fail,1032.84,951.95,UB 610x229x101,UC 305x305x118,101.2,118.0,130.41,182.08,22471.28
2551,2,2,1,3.84,6.05,7.1,21.47,5.19,1.36,7.68,2.86,15.36,0.1863,Pass,128.79,731.46,UB 406x178x54,UC 254x254x73,54.3,73.1,73.99,78.59,8309.75
2552,2,3,3,4.23,4.3,6.9,7.79,8.13,21.5,8.46,39.33,16.92,2.3244,Fail,208.51,532.75,UB 356x171x45,UC 305x305x97,45.0,96.9,97.83,79.18,25212.38
2553,1,2,3,3.57,6.56,6.65,21.95,6.47,16.13,3.57,7.33,7.14,1.0263,Fail,188.98,559.9,UB 457x191x67,UC 254x254x73,67.1,73.1,63.96,69.51,10668.95
2554,5,1,1,3.57,7.4,7.53,19.52,11.4,3.55,17.85,54.62,35.7,1.5299,Fail,317.84,1690.63,UB 457x191x67,UC 305x305x118,67.1,118.0,99.88,87.35,18443.23
2555,5,1,2,3.0,7.76,7.1,7.86,2.71,14.98,15.0,133.6,30.0,4.4532,Fail,599.87,1025.31,UB 610x229x101,UC 305x305x118,101.2,118.0,75.74,118.17,36770.08
2556,2,2,3,3.45,5.79,4.19,5.78,10.18,0.79,6.9,1.13,13.8,0.0819,Pass,73.46,483.54,UB 305x165x40,UC 203x203x46,40.5,46.1,85.42,77.99,10623.51
2557,1,2,1,3.6,6.11,6.4,15.37,4.26,21.75,3.6,9.89,7.2,1.3738,Fail,128.5,267.15,UB 356x171x45,UC 203x203x60,45.0,60.0,86.73,75.89,3259.8
2558,3,2,3,3.49,7.79,6.64,5.48,3.91,12.69,10.47,42.71,20.94,2.0398,Fail,214.86,594.07,UB 406x178x54,UC 254x254x89,54.3,89.0,71.68,95.49,31068.79
2559,5,2,3,3.28,6.59,6.53,7.22,7.45,0.05,16.4,0.37,32.8,0.0114,Pass,80.89,1399.88,UB 356x171x45,UC 254x254x73,45.0,73.1,81.32,90.51,39471.33
2560,5,3,1,4.08,7.54,5.54,7.75,12.4,10.15,20.4,97.08,40.8,2.3794,Fail,352.76,1519.74,UB 457x191x67,UC 305x305x118,67.1,118.0,88.47,108.66,41870.3
2561,2,1,3,3.05,4.53,4.07,20.62,7.93,15.89,6.1,21.23,12.2,1.7404,Fail,216.89,575.6,UB 406x178x54,UC 254x254x73,54.3,73.1,72.36,97.75,8187.12
2562,2,2,1,4.01,7.53,5.12,10.46,12.44,9.54,8.02,25.17,16.04,1.5695,Fail,216.26,687.25,UB 457x191x67,UC 254x254x73,67.1,73.1,77.94,90.42,9620.99
2563,2,3,2,3.5,6.09,7.29,17.11,2.08,4.47,7.0,4.78,14.0,0.3411,Pass,138.74,742.18,UB 356x171x45,UC 203x203x60,45.0,60.0,83.96,89.88,15221.7
2564,3,3,3,3.21,4.65,7.51,10.37,9.76,14.64,9.63,20.02,19.26,1.0397,Fail,159.15,1075.34,UB 305x165x40,UC 254x254x89,40.5,89.0,92.6,91.86,31442.4
2565,2,1,2,3.55,4.04,6.21,11.66,7.87,20.57,7.1,44.87,14.2,3.1598,Fail,335.89,599.82,UB 457x191x67,UC 305x305x97,67.1,96.9,84.24,94.92,9087.97
2566,1,1,3,3.57,7.04,4.0,27.96,5.82,9.39,3.57,7.19,7.14,1.0066,Fail,171.88,370.03,UB 457x191x67,UC 254x254x73,67.1,73.1,93.96,81.91,5587.67
2567,2,3,2,3.06,5.42,6.79,15.62,8.52,1.98,6.12,1.32,12.24,0.1078,Pass,154.53,873.32,UB 356x171x45,UC 203x203x60,45.0,60.0,74.45,99.49,13685.4
2568,5,2,2,4.17,5.11,4.07,11.08,7.2,17.54,20.85,213.09,41.7,5.1101,Fail,762.84,1194.88,UB 610x229x101,UC 305x305x118,101.2,118.0,96.32,192.82,50013.18
2569,5,3,1,3.18,7.5,6.28,29.95,5.23,9.24,15.9,37.99,31.8,1.1945,Fail,316.9,2591.18,UB 533x210x82,UC 305x305x118,82.2,118.0,73.23,108.9,43828.92
2570,4,2,1,4.5,7.84,4.92,5.96,7.24,11.59,18.0,154.36,36.0,4.2877,Fail,462.84,798.98,UB 533x210x82,UC 305x305x118,82.2,118.0,81.7,120.0,27908.26
2571,5,3,2,3.43,4.29,5.49,12.76,12.62,24.19,17.15,95.74,34.3,2.7913,Fail,515.43,1822.79,UB 533x210x82,UC 305x305x118,82.2,118.0,90.99,155.19,58204.23
2572,2,1,3,3.08,5.03,6.42,14.67,4.16,10.27,6.16,14.91,12.32,1.2105,Fail,148.67,512.73,UB 305x165x40,UC 254x254x73,40.5,73.1,86.5,71.61,8352.21
2573,5,1,1,3.58,5.59,7.87,28.72,9.4,10.2,17.9,134.28,35.8,3.7509,Fail,648.51,2042.23,UB 610x229x101,UC 305x305x118,101.2,118.0,81.88,149.64,22070.32
2574,2,2,2,3.92,6.36,7.56,20.02,12.67,14.7,7.84,33.15,15.68,2.1141,Fail,263.66,1374.29,UB 457x191x67,UC 305x305x97,67.1,96.9,67.04,99.8,18045.65
2575,5,3,3,3.37,5.28,6.21,16.94,14.64,13.9,16.85,56.99,33.7,1.6911,Fail,321.94,2620.12,UB 457x191x67,UC 305x305x118,67.1,118.0,80.74,132.58,78071.54
2576,4,3,2,3.68,4.75,7.67,15.85,5.91,6.18,14.72,22.44,29.44,0.7621,Pass,173.02,1569.84,UB 356x171x45,UC 305x305x97,45.0,96.9,81.18,86.09,35856.22
2577,5,1,1,3.78,7.47,5.01,20.2,5.21,8.18,18.9,152.95,37.8,4.0463,Fail,597.38,1270.67,UB 610x229x101,UC 305x305x118,101.2,118.0,75.43,120.22,21550.56
2578,5,3,3,3.28,7.06,4.34,29.78,7.23,0.73,16.4,3.51,32.8,0.107,Pass,229.17,2941.3,UB 533x210x82,UC 305x305x118,82.2,118.0,64.26,114.57,87188.0
2579,1,2,2,3.07,7.92,6.79,28.25,3.91,15.42,3.07,4.51,6.14,0.7346,Pass,282.83,716.2,UB 533x210x82,UC 254x254x73,82.2,73.1,78.83,97.05,9274.72
2580,1,2,3,3.98,4.91,4.14,12.11,14.17,1.77,3.98,1.1,7.96,0.1384,Pass,95.88,373.63,UB 305x165x40,UC 203x203x46,40.5,46.1,85.78,68.73,5301.61
2581,3,1,1,3.31,7.25,5.98,8.81,10.26,13.59,9.93,63.97,19.86,3.2209,Fail,387.95,624.62,UB 457x191x67,UC 305x305x97,67.1,96.9,97.29,95.06,9175.27
2582,2,1,3,3.92,5.74,5.31,21.78,5.86,18.56,7.84,66.81,15.68,4.261,Fail,402.21,732.1,UB 533x210x82,UC 305x305x118,82.2,118.0,71.0,90.06,16413.37
2583,2,2,1,3.49,7.88,6.6,6.39,4.37,8.42,6.98,13.94,13.96,0.9989,Pass,116.71,350.48,UB 406x178x54,UC 203x203x60,54.3,60.0,65.99,78.14,8086.15
2584,2,1,3,4.4,7.97,5.71,28.56,3.33,23.58,8.8,149.23,17.6,8.4792,Fail,674.82,970.07,UB 610x229x101,UC 305x305x118,101.2,118.0,85.2,142.0,21693.94
2585,5,3,2,3.19,7.75,7.76,25.68,9.09,24.32,15.95,102.46,31.9,3.2119,Fail,534.71,3866.59,UB 533x210x82,UC 305x305x118,82.2,118.0,94.39,199.88,76767.33
2586,1,3,2,3.6,4.53,4.02,16.85,6.74,15.7,3.6,4.72,7.2,0.655,Pass,77.91,309.77,UB 305x165x40,UC 203x203x46,40.5,46.1,60.47,71.17,4945.19
2587,1,2,3,3.61,4.4,6.1,19.3,14.72,3.82,3.61,1.6,7.22,0.2216,Pass,174.66,548.74,UB 356x171x45,UC 203x203x46,45.0,46.1,81.95,97.78,6051.55
2588,3,1,2,3.37,7.76,5.96,8.01,4.12,5.64,10.11,29.43,20.22,1.4553,Fail,188.64,557.28,UB 406x178x54,UC 254x254x73,54.3,73.1,71.04,81.42,12110.09
2589,1,3,1,3.72,6.47,7.4,7.42,2.67,12.25,3.72,4.61,7.44,0.6202,Pass,67.24,146.31,UB 305x165x40,UC 203x203x46,40.5,46.1,75.35,50.48,4142.95
2590,2,3,1,3.11,7.96,5.4,10.64,3.12,14.39,6.22,11.43,12.44,0.9187,Pass,137.98,413.18,UB 406x178x54,UC 203x203x60,54.3,60.0,86.98,79.23,10518.1
2591,2,1,1,4.04,7.33,6.98,19.6,11.39,14.77,8.08,66.59,16.16,4.1207,Fail,403.21,682.33,UB 533x210x82,UC 305x305x118,82.2,118.0,71.18,82.01,8518.89
2592,5,2,1,3.31,4.16,5.19,9.6,5.82,24.91,16.55,123.06,33.1,3.7179,Fail,670.73,988.96,UB 610x229x101,UC 305x305x118,101.2,118.0,84.69,167.5,28015.66
2593,3,2,2,3.82,4.0,5.08,15.78,7.77,23.97,11.46,81.01,22.92,3.5345,Fail,466.15,941.62,UB 533x210x82,UC 305x305x118,82.2,118.0,82.29,127.69,25605.29
2594,4,1,1,3.47,4.26,7.87,5.13,12.88,10.34,13.88,71.76,27.76,2.585,Fail,435.23,847.14,UB 533x210x82,UC 305x305x118,82.2,118.0,76.83,88.67,14528.05
2595,1,3,1,4.18,6.52,7.91,22.2,13.09,24.37,4.18,14.09,8.36,1.6857,Fail,236.33,533.98,UB 457x191x67,UC 254x254x73,67.1,73.1,77.98,85.47,7192.46
2596,1,2,3,3.36,6.63,7.46,19.83,3.02,8.79,3.36,3.25,6.72,0.483,Pass,168.89,473.83,UB 406x178x54,UC 203x203x60,54.3,60.0,83.46,78.29,8944.97
2597,2,2,1,3.91,4.29,7.18,17.72,6.48,13.62,7.82,26.09,15.64,1.6679,Fail,170.34,544.47,UB 305x165x40,UC 254x254x89,40.5,89.0,99.11,81.45,7310.58
2598,1,3,3,4.21,5.28,7.34,11.51,11.34,15.48,4.21,8.64,8.42,1.0264,Fail,171.1,433.49,UB 305x165x40,UC 203x203x60,40.5,60.0,99.55,78.29,10174.92
2599,3,1,3,4.0,7.69,4.19,17.3,8.15,1.26,12.0,11.74,24.0,0.489,Pass,180.51,883.6,UB 457x191x67,UC 254x254x89,67.1,89.0,92.26,82.54,19796.67
2600,1,3,1,4.34,7.2,6.87,12.97,6.05,13.49,4.34,9.24,8.68,1.064,Fail,148.4,291.07,UB 406x178x54,UC 203x203x60,54.3,60.0,88.98,76.0,5921.12
2601,1,1,3,4.38,6.85,4.6,7.04,9.02,17.02,4.38,26.64,8.76,3.0406,Fail,176.73,213.82,UB 356x171x45,UC 254x254x73,45.0,73.1,99.99,77.15,5036.42
2602,5,2,2,4.15,7.07,6.95,6.0,8.68,22.88,20.75,320.97,41.5,7.7342,Fail,958.28,1535.24,UB 610x229x101,UC 305x305x118,101.2,118.0,121.0,250.38,64601.22
2603,5,3,2,4.03,5.11,7.89,23.59,10.58,13.35,20.15,100.72,40.3,2.4992,Fail,428.5,3224.45,UB 533x210x82,UC 305x305x118,82.2,118.0,75.64,177.48,73376.61
2604,1,1,2,3.48,6.43,5.35,29.27,6.97,17.3,3.48,11.59,6.96,1.6652,Fail,176.57,483.99,UB 457x191x67,UC 254x254x73,67.1,73.1,76.8,89.14,4256.63
2605,5,1,1,4.08,5.37,5.67,10.0,14.12,15.12,20.4,304.8,40.8,7.4706,Fail,1146.4,1564.02,UB 610x229x101,UC 305x305x118,101.2,118.0,144.75,213.2,20801.28
2606,4,2,2,4.28,6.01,6.03,6.34,11.99,10.8,17.12,105.54,34.24,3.0825,Fail,397.86,1337.96,UB 457x191x67,UC 305x305x118,67.1,118.0,99.78,121.31,37570.66
2607,1,3,3,4.45,6.23,7.97,6.06,4.19,24.48,4.45,17.52,8.9,1.9682,Fail,103.03,215.51,UB 305x165x40,UC 203x203x60,40.5,60.0,68.34,84.36,11173.2
2608,1,3,3,3.92,6.16,6.89,22.32,13.51,7.05,3.92,3.22,7.84,0.4107,Pass,233.3,693.67,UB 457x191x67,UC 254x254x73,67.1,73.1,66.77,74.64,15092.69
2609,2,1,1,3.3,7.42,4.58,14.74,3.3,8.38,6.6,18.93,13.2,1.4344,Fail,178.31,320.33,UB 406x178x54,UC 203x203x60,54.3,60.0,92.37,95.11,4190.4
2610,3,3,2,3.84,5.37,7.2,11.02,10.56,2.79,11.52,7.72,23.04,0.335,Pass,158.13,1219.12,UB 305x165x40,UC 254x254x73,40.5,73.1,92.14,92.07,22975.84
2611,4,1,2,4.49,7.19,6.69,8.97,2.24,5.65,17.96,123.76,35.92,3.4453,Fail,409.61,779.23,UB 533x210x82,UC 305x305x118,82.2,118.0,72.31,85.33,28606.58
2612,4,3,1,3.71,7.81,5.45,11.96,8.24,17.46,14.84,83.6,29.68,2.8166,Fail,373.36,1221.79,UB 457x191x67,UC 305x305x118,67.1,118.0,93.63,104.86,32437.3
2613,1,3,3,4.34,7.09,7.67,27.39,3.04,18.77,4.34,12.8,8.68,1.4741,Fail,238.4,645.75,UB 457x191x67,UC 254x254x73,67.1,73.1,86.46,87.17,16960.82
2614,3,2,3,3.11,6.47,5.36,11.1,5.54,21.91,9.33,44.8,18.66,2.4007,Fail,290.84,854.35,UB 406x178x54,UC 305x305x118,54.3,118.0,97.03,84.94,29501.28
2615,4,2,2,3.2,5.63,4.99,22.58,9.49,23.07,12.8,79.49,25.6,3.105,Fail,480.12,1967.27,UB 533x210x82,UC 305x305x118,82.2,118.0,84.75,150.31,34544.74
2616,3,1,1,3.21,5.54,6.96,12.53,3.69,12.15,9.63,44.1,19.26,2.2895,Fail,306.36,512.47,UB 457x191x67,UC 254x254x89,67.1,89.0,76.83,96.85,8460.78
2617,5,2,1,3.32,5.55,5.61,13.27,12.56,9.83,16.6,56.32,33.2,1.6965,Fail,306.64,1542.41,UB 457x191x67,UC 305x305x118,67.1,118.0,76.9,99.79,24847.36
2618,1,2,2,3.36,7.32,5.48,8.23,8.9,16.03,3.36,6.11,6.72,0.9089,Pass,146.85,348.69,UB 406x178x54,UC 203x203x46,54.3,46.1,84.21,99.36,5564.3
2619,4,2,1,3.94,6.35,4.04,10.41,2.57,2.96,15.76,22.32,31.52,0.708,Pass,117.29,612.94,UB 305x165x40,UC 254x254x73,40.5,73.1,91.64,69.37,12990.58
2620,2,1,3,3.36,4.12,5.46,5.58,5.41,3.95,6.72,7.14,13.44,0.5312,Pass,67.15,261.81,UB 203x133x25,UC 203x203x46,25.1,46.1,93.19,65.94,4950.18
2621,2,2,2,3.85,6.78,5.47,26.44,9.47,20.61,7.7,44.83,15.4,2.9108,Fail,316.79,1311.31,UB 457x191x67,UC 305x305x118,67.1,118.0,89.22,92.97,18041.1
2622,4,1,1,3.93,6.13,4.17,26.58,8.03,22.93,15.72,291.95,31.44,9.2859,Fail,1239.9,1414.52,UB 610x229x101,UC 305x305x118,101.2,118.0,156.55,227.2,15758.72
2623,4,2,3,3.48,7.25,7.93,19.76,3.78,7.98,13.92,42.24,27.84,1.5173,Fail,257.21,2019.7,UB 457x191x67,UC 305x305x118,67.1,118.0,71.51,97.51,54433.63
2624,5,3,2,4.04,7.7,4.9,7.26,9.25,15.77,20.2,147.41,40.4,3.6489,Fail,481.04,1534.36,UB 533x210x82,UC 305x305x118,82.2,118.0,84.91,140.96,73196.7
2625,1,3,3,3.89,5.39,5.4,10.28,13.52,21.13,3.89,8.85,7.78,1.1381,Fail,116.17,388.89,UB 356x171x45,UC 203x203x60,45.0,60.0,72.19,78.48,9561.0
2626,3,2,2,3.24,4.67,7.18,14.27,3.6,15.41,9.72,30.89,19.44,1.589,Fail,221.49,922.69,UB 406x178x54,UC 305x305x97,54.3,96.9,73.89,89.12,20059.0
2627,1,2,3,3.61,4.05,7.88,15.21,12.54,21.01,3.61,8.53,7.22,1.1817,Fail,237.03,501.15,UB 406x178x54,UC 203x203x60,54.3,60.0,79.08,90.12,8209.48
2628,3,3,2,3.05,4.04,5.8,21.01,11.85,22.54,9.15,24.22,18.3,1.3232,Fail,218.94,1432.14,UB 406x178x54,UC 305x305x118,54.3,118.0,73.04,82.51,26438.0
2629,4,1,1,3.3,7.2,4.25,17.6,2.35,9.36,13.2,72.76,26.4,2.7561,Fail,396.04,726.76,UB 457x191x67,UC 305x305x97,67.1,96.9,99.32,94.91,11262.68
2630,2,3,1,3.1,4.92,6.9,28.78,7.5,20.22,6.2,12.67,12.4,1.0218,Fail,169.6,853.0,UB 356x171x45,UC 254x254x73,45.0,73.1,83.69,94.52,8766.56
2631,3,2,1,3.52,5.76,4.25,8.22,5.32,1.88,10.56,5.6,21.12,0.2649,Pass,71.14,464.28,UB 305x165x40,UC 203x203x46,40.5,46.1,71.35,72.05,7269.38
2632,2,3,2,3.46,6.27,4.23,14.38,5.43,18.63,6.92,19.06,13.84,1.3775,Fail,157.58,611.49,UB 356x171x45,UC 254x254x73,45.0,73.1,94.58,85.95,14194.52
2633,2,1,3,4.22,6.78,7.95,16.69,2.71,18.07,8.44,91.17,16.88,5.4008,Fail,439.89,705.29,UB 533x210x82,UC 305x305x118,82.2,118.0,77.65,98.16,20267.77
2634,1,3,3,3.12,6.57,6.1,19.39,7.17,24.11,3.12,4.9,6.24,0.786,Pass,166.53,490.92,UB 406x178x54,UC 203x203x60,54.3,60.0,94.4,91.31,11250.97
2635,3,3,2,3.87,5.72,5.55,8.08,5.06,22.03,11.61,63.93,23.22,2.7532,Fail,310.92,664.65,UB 457x191x67,UC 305x305x118,67.1,118.0,77.97,87.14,35740.4
2636,5,2,2,3.94,6.24,5.58,28.87,6.87,11.72,19.7,128.75,39.4,3.2676,Fail,518.08,2996.86,UB 533x210x82,UC 305x305x118,82.2,118.0,91.45,184.73,50069.52
2637,2,1,3,4.04,7.39,7.21,7.22,5.45,21.39,8.08,96.74,16.16,5.9866,Fail,451.31,486.3,UB 533x210x82,UC 305x305x118,82.2,118.0,79.67,96.37,19599.13
2638,1,3,1,3.25,6.41,5.73,11.05,4.47,20.43,3.25,4.73,6.5,0.727,Pass,98.76,206.02,UB 356x171x45,UC 203x203x46,45.0,46.1,79.18,68.46,3960.7
2639,5,3,2,3.32,6.73,4.84,29.96,7.26,6.48,16.6,28.93,33.2,0.8715,Pass,264.38,3027.81,UB 457x191x67,UC 305x305x118,67.1,118.0,90.45,115.43,56817.39
2640,2,3,1,3.48,7.05,7.26,28.37,13.65,11.5,6.96,12.91,13.92,0.9277,Pass,291.32,1276.32,UB 533x210x82,UC 305x305x97,82.2,96.9,72.65,88.39,17123.69
2641,5,3,3,3.28,4.66,5.89,10.92,14.13,3.99,16.4,14.06,32.8,0.4287,Pass,112.63,1918.81,UB 305x165x40,UC 305x305x97,40.5,96.9,69.9,86.04,51063.06
2642,5,2,3,3.21,4.55,6.74,5.54,3.22,17.22,16.05,79.5,32.1,2.4766,Fail,430.57,786.1,UB 533x210x82,UC 305x305x118,82.2,118.0,76.0,113.08,62618.46
2643,1,1,2,3.93,4.91,7.19,17.91,5.81,5.31,3.93,4.99,7.86,0.6349,Pass,182.7,359.41,UB 356x171x45,UC 203x203x46,45.0,46.1,85.72,83.84,3044.09
2644,3,2,3,3.11,6.36,4.6,20.2,12.4,12.08,9.33,24.57,18.66,1.3168,Fail,238.99,1560.63,UB 457x191x67,UC 305x305x97,67.1,96.9,66.86,94.94,29424.89
2645,3,1,2,4.26,6.76,4.51,14.73,13.89,11.06,12.78,118.07,25.56,4.6192,Fail,532.93,1126.62,UB 533x210x82,UC 305x305x118,82.2,118.0,94.08,115.19,18497.95
2646,4,3,3,3.91,4.28,6.2,10.53,2.38,17.92,15.64,77.19,31.28,2.4679,Fail,375.07,776.22,UB 457x191x67,UC 305x305x118,67.1,118.0,94.06,100.35,63282.3
2647,4,2,1,3.32,4.62,7.09,15.81,10.13,19.48,13.28,69.14,26.56,2.6031,Fail,421.78,1198.58,UB 533x210x82,UC 305x305x118,82.2,118.0,74.45,119.93,22472.04
2648,2,2,2,3.7,4.87,7.76,15.35,11.44,17.5,7.4,28.74,14.8,1.9421,Fail,227.35,1025.05,UB 406x178x54,UC 305x305x97,54.3,96.9,75.85,88.68,14683.25
2649,1,2,2,4.39,6.92,4.11,25.07,2.04,13.96,4.39,13.66,8.78,1.5562,Fail,204.59,459.27,UB 457x191x67,UC 254x254x73,67.1,73.1,71.62,72.21,7328.86
2650,1,1,2,4.2,5.34,5.25,20.6,12.35,3.38,4.2,4.17,8.4,0.4966,Pass,140.49,412.19,UB 356x171x45,UC 203x203x60,45.0,60.0,97.19,81.88,3177.9
2651,3,1,3,4.24,6.56,7.16,12.44,2.7,22.45,12.72,231.96,25.44,9.1181,Fail,927.73,917.92,UB 610x229x101,UC 305x305x118,101.2,118.0,117.14,178.56,33016.8
2652,3,1,3,3.97,5.74,7.13,14.17,4.17,11.34,11.91,87.11,23.82,3.6571,Fail,436.32,906.33,UB 533x210x82,UC 305x305x118,82.2,118.0,77.02,95.57,27454.52
2653,2,2,3,4.39,7.37,5.72,9.0,12.96,6.13,8.78,22.08,17.56,1.2573,Fail,193.02,869.51,UB 457x191x67,UC 254x254x73,67.1,73.1,70.08,91.67,22522.86
2654,4,1,3,3.99,5.43,7.39,25.24,7.25,23.88,15.96,300.55,31.92,9.4158,Fail,1313.4,2360.42,UB 610x229x101,UC 305x305x118,101.2,118.0,165.83,267.81,41807.33
2655,3,2,3,3.11,6.29,5.07,19.88,10.39,5.22,9.33,10.62,18.66,0.5692,Pass,180.69,1496.47,UB 406x178x54,UC 254x254x89,54.3,89.0,94.41,90.86,25594.69
2656,5,1,3,4.05,6.28,5.94,19.36,9.04,6.94,20.25,147.79,40.5,3.6492,Fail,571.04,2034.03,UB 610x229x101,UC 305x305x118,101.2,118.0,72.1,141.3,49860.56
2657,5,1,2,3.9,6.82,5.71,19.73,10.06,7.87,19.5,154.61,39.0,3.9644,Fail,611.92,2154.5,UB 610x229x101,UC 305x305x118,101.2,118.0,77.26,149.13,35715.8
2658,3,1,2,3.9,7.2,4.83,25.59,12.08,10.91,11.7,89.22,23.4,3.8128,Fail,499.86,1484.08,UB 533x210x82,UC 305x305x118,82.2,118.0,88.24,115.54,18374.47
2659,2,1,1,4.12,7.9,5.03,14.53,3.7,3.92,8.24,19.71,16.48,1.1957,Fail,164.6,340.55,UB 457x191x67,UC 203x203x60,67.1,60.0,71.65,95.66,5448.01
2660,5,3,3,4.4,6.13,6.6,21.51,13.83,8.24,22.0,92.09,44.0,2.0928,Fail,357.66,3235.47,UB 457x191x67,UC 305x305x118,67.1,118.0,89.7,161.85,92786.98
2661,3,3,2,3.34,4.07,6.8,9.56,7.86,18.53,10.02,27.59,20.04,1.3766,Fail,201.6,852.33,UB 356x171x45,UC 305x305x97,45.0,96.9,94.59,81.45,23940.31
2662,2,1,1,4.22,7.89,6.81,12.6,8.47,4.32,8.44,23.58,16.88,1.397,Fail,192.74,454.36,UB 457x191x67,UC 254x254x73,67.1,73.1,82.5,78.38,6413.34
2663,2,2,2,4.07,6.99,6.78,6.61,8.67,12.53,8.14,33.6,16.28,2.0638,Fail,183.52,647.68,UB 406x178x54,UC 254x254x89,54.3,89.0,65.41,86.91,15492.67
2664,2,1,1,3.68,6.57,6.6,6.45,10.54,24.31,7.36,74.85,14.72,5.0852,Fail,433.42,413.09,UB 533x210x82,UC 305x305x118,82.2,118.0,76.51,89.32,7804.22
2665,3,1,2,3.78,5.54,4.31,23.28,11.07,6.39,11.34,40.72,22.68,1.7954,Fail,276.6,1131.61,UB 406x178x54,UC 305x305x97,54.3,96.9,92.28,88.94,12108.87
2666,3,2,2,3.7,7.92,6.4,29.31,14.59,9.79,11.1,40.9,22.2,1.8422,Fail,427.91,2787.86,UB 610x229x101,UC 305x305x118,101.2,118.0,67.52,129.08,37873.51
2667,3,3,2,4.03,6.49,6.27,24.92,4.51,16.96,12.09,60.26,24.18,2.4923,Fail,315.5,1629.92,UB 457x191x67,UC 305x305x118,67.1,118.0,79.12,106.58,38974.58
2668,2,1,3,4.29,5.78,4.81,25.1,2.66,13.58,8.58,67.43,17.16,3.9294,Fail,363.9,678.05,UB 457x191x67,UC 305x305x118,67.1,118.0,91.26,81.39,15075.24
2669,5,1,2,3.13,5.6,4.03,15.47,6.63,7.97,15.65,66.71,31.3,2.1312,Fail,383.04,1215.35,UB 457x191x67,UC 305x305x118,67.1,118.0,96.06,87.69,22124.86
2670,4,3,3,3.61,5.11,6.0,28.17,14.31,8.06,14.44,28.31,28.88,0.9803,Pass,213.76,2702.06,UB 406x178x54,UC 305x305x118,54.3,118.0,71.31,109.39,56219.82
2671,3,2,2,3.15,7.86,5.02,15.77,2.07,1.31,9.45,3.26,18.9,0.1726,Pass,142.07,989.45,UB 457x191x67,UC 254x254x73,67.1,73.1,69.06,83.02,21773.62
2672,5,2,2,3.78,7.24,7.23,26.4,5.79,1.44,18.9,15.05,37.8,0.3981,Pass,231.2,3327.67,UB 457x191x67,UC 305x305x118,67.1,118.0,97.39,127.6,49199.91
2673,1,2,2,3.53,5.3,4.62,27.29,13.2,6.5,3.53,2.66,7.06,0.3763,Pass,169.05,636.95,UB 406x178x54,UC 203x203x60,54.3,60.0,75.55,91.28,5138.14
2674,5,3,3,3.71,5.18,4.57,26.2,4.62,13.23,18.55,75.11,37.1,2.0246,Fail,361.27,2091.35,UB 457x191x67,UC 305x305x118,67.1,118.0,90.6,128.06,74275.9
2675,5,2,1,3.77,4.93,5.27,16.75,2.54,1.59,18.85,13.38,37.7,0.355,Pass,86.51,996.63,UB 305x165x40,UC 254x254x73,40.5,73.1,63.73,75.19,15462.43
2676,1,1,2,3.29,7.53,5.19,28.42,4.0,5.3,3.29,3.18,6.58,0.4832,Pass,175.73,435.96,UB 533x210x82,UC 254x254x73,82.2,73.1,68.3,85.86,5006.36
2677,4,1,1,3.07,6.77,6.93,18.51,11.57,5.58,12.28,32.84,24.56,1.337,Fail,269.44,1216.14,UB 457x191x67,UC 305x305x97,67.1,96.9,74.41,82.88,12113.89
2678,5,2,3,3.1,5.08,6.31,19.6,7.63,1.66,15.5,7.23,31.0,0.2333,Pass,136.51,2184.89,UB 305x165x40,UC 305x305x97,40.5,96.9,98.43,93.15,37752.98
2679,5,2,3,3.73,7.38,7.29,19.4,8.33,21.02,18.65,209.9,37.3,5.6274,Fail,767.24,2902.97,UB 610x229x101,UC 305x305x118,101.2,118.0,96.87,237.21,89481.3
2680,3,1,3,3.4,4.84,5.56,11.76,2.17,7.94,10.2,32.76,20.4,1.6058,Fail,225.49,545.52,UB 406x178x54,UC 254x254x73,54.3,73.1,75.23,96.19,14553.05
2681,1,2,1,3.53,7.08,7.01,17.3,14.84,24.34,3.53,10.92,7.06,1.5465,Fail,256.36,511.81,UB 457x191x67,UC 254x254x73,67.1,73.1,90.93,83.78,4859.64
2682,1,3,2,3.75,6.56,4.89,11.28,2.24,8.42,3.75,3.3,7.5,0.4397,Pass,84.02,232.85,UB 356x171x45,UC 203x203x46,45.0,46.1,73.93,60.33,6491.7
2683,5,1,1,3.99,5.73,4.67,20.42,5.51,16.27,19.95,313.71,39.9,7.8625,Fail,1181.39,1528.92,UB 610x229x101,UC 305x305x118,101.2,118.0,149.17,217.07,19941.2
2684,1,1,1,3.53,6.12,7.9,8.5,8.77,15.26,3.53,10.52,7.06,1.4901,Fail,116.05,186.64,UB 356x171x45,UC 203x203x60,45.0,60.0,76.68,77.53,2109.0
2685,1,2,1,4.27,4.61,4.91,19.09,7.72,11.5,4.27,9.03,8.54,1.0575,Fail,100.96,282.15,UB 305x165x40,UC 203x203x46,40.5,46.1,72.43,86.18,2524.47
2686,3,3,2,3.69,6.44,7.82,7.84,6.01,12.84,11.07,33.34,22.14,1.506,Fail,184.9,882.44,UB 356x171x45,UC 254x254x89,45.0,89.0,86.76,94.51,28092.96
2687,4,3,2,4.49,6.75,6.89,10.04,8.51,18.87,17.96,161.95,35.92,4.5085,Fail,534.36,1513.9,UB 533x210x82,UC 305x305x118,82.2,118.0,94.33,156.68,63529.42
2688,2,3,2,4.18,6.08,5.59,17.86,14.19,2.65,8.36,5.37,16.72,0.321,Pass,160.81,1126.91,UB 406x178x54,UC 254x254x73,54.3,73.1,90.28,99.3,18132.58
2689,4,1,1,3.97,4.88,7.88,15.73,11.58,9.01,15.88,105.93,31.76,3.3353,Fail,515.49,1194.73,UB 533x210x82,UC 305x305x118,82.2,118.0,91.0,110.94,15886.34
2690,5,2,3,3.93,5.12,5.84,25.97,5.8,12.91,19.65,127.56,39.3,3.2459,Fail,530.89,2425.43,UB 533x210x82,UC 305x305x118,82.2,118.0,93.71,175.68,66261.12
2691,1,2,1,4.05,5.54,4.73,19.76,10.54,16.06,4.05,10.9,8.1,1.3458,Fail,157.67,359.99,UB 356x171x45,UC 203x203x60,45.0,60.0,99.79,87.0,3093.75
2692,1,2,1,4.47,6.12,7.57,24.11,8.09,12.52,4.47,12.6,8.94,1.4096,Fail,200.75,471.98,UB 406x178x54,UC 254x254x73,54.3,73.1,92.51,71.44,4522.96
2693,3,1,2,4.23,7.29,6.25,15.36,9.13,20.9,12.69,226.95,25.38,8.9419,Fail,902.04,1282.61,UB 610x229x101,UC 305x305x118,101.2,118.0,113.89,182.76,23214.25
2694,4,1,1,3.2,6.9,4.88,16.84,7.85,12.56,12.8,85.76,25.6,3.3499,Fail,491.29,947.24,UB 533x210x82,UC 305x305x118,82.2,118.0,86.72,97.35,13788.13
2695,5,1,1,4.33,4.91,6.72,19.33,2.47,20.31,21.65,483.34,43.3,11.1626,Fail,1712.97,2091.56,UB 610x229x101,UC 305x305x118,101.2,118.0,216.28,313.29,21988.36
2696,4,2,2,4.31,6.86,6.51,16.2,10.72,13.8,17.24,147.6,34.48,4.2808,Fail,535.99,2129.76,UB 533x210x82,UC 305x305x118,82.2,118.0,94.61,170.25,44685.22
2697,4,2,3,3.48,5.04,6.51,16.13,8.45,7.85,13.92,34.24,27.84,1.23,Fail,211.99,1628.28,UB 356x171x45,UC 305x305x118,45.0,118.0,99.47,85.27,37514.52
2698,5,3,1,4.48,7.51,6.18,20.61,2.52,11.31,22.4,148.93,44.8,3.3244,Fail,458.91,1702.16,UB 533x210x82,UC 305x305x118,82.2,118.0,81.01,137.76,49825.18
2699,2,2,3,3.1,6.33,5.28,20.06,9.25,7.56,6.2,7.52,12.4,0.6063,Pass,169.0,993.69,UB 406x178x54,UC 254x254x73,54.3,73.1,93.17,87.3,16098.82
2700,5,3,3,3.94,4.67,7.31,10.25,5.43,12.79,19.7,85.66,39.4,2.174,Fail,362.83,1350.64,UB 457x191x67,UC 305x305x118,67.1,118.0,90.99,112.56,85425.08
2701,4,1,3,3.03,4.62,4.07,16.97,3.03,5.94,12.12,26.83,24.24,1.1068,Fail,207.81,794.39,UB 356x171x45,UC 254x254x73,45.0,73.1,97.51,95.97,14809.78
2702,4,3,1,3.27,7.74,7.15,20.07,10.22,8.34,13.08,26.08,26.16,0.9971,Pass,280.53,1941.29,UB 533x210x82,UC 305x305x118,82.2,118.0,69.3,86.42,37020.67
2703,1,3,3,3.15,7.71,6.59,18.5,10.37,21.18,3.15,4.82,6.3,0.7657,Pass,240.65,606.79,UB 533x210x82,UC 254x254x73,82.2,73.1,65.29,85.46,17789.76
2704,1,3,1,4.22,4.11,7.31,5.18,7.22,17.88,4.22,9.48,8.44,1.1231,Fail,74.23,140.66,UB 254x146x31,UC 203x203x46,31.1,46.1,68.16,72.24,3232.63
2705,5,1,1,3.07,6.34,4.88,24.48,9.66,3.6,15.35,30.45,30.7,0.9918,Pass,245.77,1393.65,UB 457x191x67,UC 305x305x97,67.1,96.9,69.36,83.16,13478.28
2706,5,3,1,3.34,7.62,6.05,28.24,7.68,7.59,16.7,37.21,33.4,1.1141,Fail,324.61,2666.46,UB 533x210x82,UC 305x305x118,82.2,118.0,78.42,112.14,44501.92
2707,4,1,1,4.07,4.18,5.96,16.51,9.98,21.56,16.28,259.31,32.56,7.964,Fail,1229.01,1572.62,UB 610x229x101,UC 305x305x118,101.2,118.0,155.18,230.13,15893.5
2708,2,1,2,3.53,5.78,7.2,16.06,11.62,19.15,7.06,47.89,14.12,3.3913,Fail,346.46,911.18,UB 457x191x67,UC 305x305x118,67.1,118.0,86.89,84.03,11190.47
2709,2,1,2,3.49,6.53,6.73,24.19,7.72,22.63,6.98,57.82,13.96,4.1415,Fail,417.58,1011.84,UB 533x210x82,UC 305x305x118,82.2,118.0,73.71,96.93,12588.08
2710,3,1,3,3.14,5.91,6.41,26.93,4.89,6.85,9.42,23.95,18.84,1.2711,Fail,226.2,1300.24,UB 406x178x54,UC 254x254x89,54.3,89.0,82.33,99.76,16823.13
2711,3,2,1,3.47,7.93,6.15,7.62,2.99,1.6,10.41,5.4,20.82,0.2596,Pass,94.84,501.19,UB 406x178x54,UC 203x203x46,54.3,46.1,66.31,89.44,11052.1
2712,4,1,3,4.38,4.41,4.61,10.67,10.43,8.07,17.52,128.21,35.04,3.6588,Fail,547.88,1086.63,UB 533x210x82,UC 305x305x118,82.2,118.0,96.71,114.48,31433.52
2713,1,1,2,3.8,5.78,5.3,23.75,12.65,19.41,3.8,17.07,7.6,2.2458,Fail,184.62,483.02,UB 406x178x54,UC 254x254x73,54.3,73.1,88.1,93.18,3759.4
2714,5,1,3,3.06,6.56,7.51,16.26,7.8,1.34,15.3,11.49,30.6,0.3753,Pass,172.97,1865.09,UB 406x178x54,UC 305x305x97,54.3,96.9,85.13,87.17,31218.51
2715,2,1,3,4.46,7.22,6.51,13.93,8.66,6.59,8.92,41.64,17.84,2.3343,Fail,241.43,694.32,UB 457x191x67,UC 254x254x89,67.1,89.0,67.78,87.74,15468.59
2716,4,3,2,3.04,7.05,4.93,24.3,11.43,10.68,12.16,24.68,24.32,1.0149,Fail,281.0,2465.1,UB 457x191x67,UC 305x305x118,67.1,118.0,99.81,99.3,44834.24
2717,3,1,1,3.65,7.75,6.45,16.99,11.86,12.65,10.95,86.29,21.9,3.94,Fail,485.17,955.54,UB 533x210x82,UC 305x305x118,82.2,118.0,85.64,98.71,12171.84
2718,2,1,2,3.87,5.99,5.81,27.92,9.82,17.58,7.74,61.73,15.48,3.9878,Fail,408.47,1061.14,UB 533x210x82,UC 305x305x118,82.2,118.0,72.1,96.75,12254.84
2719,2,3,2,3.35,6.04,7.85,24.35,4.71,0.94,6.7,0.99,13.4,0.0737,Pass,243.37,1171.05,UB 406x178x54,UC 254x254x89,54.3,89.0,81.19,84.43,19879.18
2720,5,1,2,3.84,7.69,6.65,21.06,14.95,5.67,19.2,113.85,38.4,2.9649,Fail,512.37,2878.7,UB 533x210x82,UC 305x305x118,82.2,118.0,90.44,151.42,34007.97
2721,2,2,1,3.56,7.97,5.49,18.75,10.15,6.36,7.12,11.51,14.24,0.8086,Pass,254.35,899.74,UB 533x210x82,UC 254x254x89,82.2,89.0,72.19,87.39,11750.82
2722,2,3,2,4.2,4.1,5.87,10.18,5.79,9.61,8.4,16.89,16.8,1.0051,Fail,101.59,481.35,UB 254x146x31,UC 254x254x73,31.1,73.1,93.29,68.42,12584.57
2723,4,3,2,3.58,6.91,5.38,20.8,6.64,7.09,14.32,28.2,28.64,0.9847,Pass,219.02,1935.86,UB 457x191x67,UC 305x305x118,67.1,118.0,72.17,82.94,48520.85
2724,1,3,2,3.4,7.73,7.72,7.87,2.83,0.07,3.4,0.08,6.8,0.0112,Pass,93.45,249.72,UB 356x171x45,UC 203x203x46,45.0,46.1,95.73,57.73,7790.73
2725,1,1,1,3.12,6.66,5.62,18.8,10.39,23.57,3.12,10.88,6.24,1.7442,Fail,174.57,267.03,UB 457x191x67,UC 254x254x73,67.1,73.1,68.74,76.84,2560.26
2726,1,1,2,4.26,6.67,5.55,27.23,11.17,6.38,4.26,8.97,8.52,1.0532,Fail,181.1,531.9,UB 457x191x67,UC 254x254x73,67.1,73.1,90.84,91.38,4700.73
2727,5,1,3,3.73,5.8,4.1,29.91,9.69,17.97,18.65,277.26,37.3,7.4333,Fail,1171.31,2416.91,UB 610x229x101,UC 305x305x118,101.2,118.0,147.89,238.9,41792.4
2728,2,3,2,3.43,6.55,4.97,10.03,14.15,20.3,6.86,20.57,13.72,1.499,Fail,188.2,846.52,UB 406x178x54,UC 254x254x89,54.3,89.0,85.16,82.45,18046.39
2729,4,3,2,4.45,7.0,6.3,21.15,7.0,20.48,17.8,173.46,35.6,4.8724,Fail,598.37,2178.97,UB 610x229x101,UC 305x305x118,101.2,118.0,75.55,185.3,71109.12
2730,1,3,1,3.62,5.81,4.49,23.66,14.87,10.35,3.62,3.46,7.24,0.4783,Pass,183.49,451.46,UB 406x178x54,UC 203x203x60,54.3,60.0,94.71,88.85,4605.73
2731,1,1,1,4.5,6.99,7.66,11.95,12.55,23.04,4.5,40.06,9.0,4.4515,Fail,259.5,286.1,UB 457x191x67,UC 254x254x89,67.1,89.0,66.71,90.5,3568.03
2732,2,1,1,4.02,7.92,5.07,19.71,2.52,22.49,8.04,103.7,16.08,6.4488,Fail,516.95,477.35,UB 533x210x82,UC 305x305x118,82.2,118.0,91.25,102.06,8065.99
2733,2,3,2,4.46,6.21,7.56,17.21,10.02,0.4,8.92,1.12,17.84,0.0626,Pass,221.27,1121.97,UB 406x178x54,UC 254x254x89,54.3,89.0,81.73,82.93,22164.34
2734,4,2,3,3.11,4.6,5.22,25.36,3.56,7.34,12.44,20.73,24.88,0.833,Pass,168.3,1582.71,UB 305x165x40,UC 305x305x97,40.5,96.9,97.92,89.21,28037.59
2735,5,1,1,3.37,7.43,4.25,12.6,7.14,9.01,16.85,114.61,33.7,3.401,Fail,508.55,964.36,UB 533x210x82,UC 305x305x118,82.2,118.0,89.77,98.97,17554.16
2736,3,1,2,4.22,4.44,5.53,17.24,3.67,5.45,12.66,46.08,25.32,1.8198,Fail,248.25,796.76,UB 406x178x54,UC 254x254x89,54.3,89.0,82.82,95.9,12533.62
2737,5,3,2,4.1,6.57,7.57,20.84,6.63,18.95,20.5,171.19,41.0,4.1754,Fail,603.87,2804.33,UB 610x229x101,UC 305x305x118,101.2,118.0,76.25,202.55,89591.14
2738,2,2,3,3.66,7.4,5.05,7.32,9.9,0.66,7.32,1.35,14.64,0.0922,Pass,127.94,645.42,UB 406x178x54,UC 203x203x60,54.3,60.0,87.46,92.87,16635.39
2739,5,2,1,4.46,6.97,5.34,6.59,11.39,5.21,22.3,93.01,44.6,2.0855,Fail,301.54,1272.42,UB 457x191x67,UC 305x305x118,67.1,118.0,75.62,94.34,30516.85
2740,3,2,3,3.38,6.2,5.92,9.51,13.84,5.72,10.14,15.31,20.28,0.7551,Pass,155.9,1265.72,UB 406x178x54,UC 254x254x89,54.3,89.0,69.75,81.55,27588.67
2741,1,2,2,4.13,7.83,4.26,28.13,5.59,18.28,4.13,14.99,8.26,1.8149,Fail,313.98,628.62,UB 533x210x82,UC 254x254x89,82.2,89.0,79.87,82.92,9270.92
2742,1,2,3,3.72,6.32,4.79,13.94,3.49,17.42,3.72,9.03,7.44,1.2139,Fail,119.44,288.59,UB 356x171x45,UC 203x203x46,45.0,46.1,85.23,94.32,6273.05
2743,5,2,3,3.78,6.36,5.27,6.59,13.37,0.2,18.9,2.0,37.8,0.0529,Pass,106.98,1714.54,UB 356x171x45,UC 254x254x89,45.0,89.0,99.46,96.19,42304.95
2744,1,3,2,3.43,5.76,6.6,15.62,8.68,1.29,3.43,0.39,6.86,0.0573,Pass,158.76,462.86,UB 356x171x45,UC 203x203x46,45.0,46.1,89.95,83.54,6606.28
2745,5,2,3,3.08,4.4,6.79,17.01,5.16,7.8,15.4,30.73,30.8,0.9979,Pass,204.62,1729.62,UB 356x171x45,UC 305x305x118,45.0,118.0,96.01,86.24,43476.15
2746,5,1,2,3.14,4.26,4.92,17.03,7.36,15.78,15.7,116.6,31.4,3.7133,Fail,708.66,1637.09,UB 610x229x101,UC 305x305x118,101.2,118.0,89.48,147.9,27540.36
2747,1,2,3,3.12,5.82,4.18,21.78,10.2,8.0,3.12,2.17,6.24,0.348,Pass,158.56,484.92,UB 406x178x54,UC 203x203x60,54.3,60.0,79.02,78.94,6817.37
2748,3,1,2,4.14,7.36,5.63,18.7,12.89,3.57,12.42,36.29,24.84,1.4608,Fail,258.63,1339.99,UB 533x210x82,UC 305x305x97,82.2,96.9,62.14,90.65,18219.35
2749,4,3,3,3.3,7.7,6.89,14.31,5.42,17.67,13.2,56.32,26.4,2.1332,Fail,309.53,1639.66,UB 457x191x67,UC 305x305x118,67.1,118.0,77.63,101.77,71913.07
2750,2,1,2,3.05,4.74,4.22,28.97,7.61,8.38,6.1,11.46,12.2,0.939,Pass,152.44,734.7,UB 356x171x45,UC 254x254x73,45.0,73.1,75.46,76.19,5474.46
2751,3,3,1,4.01,7.66,4.55,12.21,3.24,7.23,12.03,27.43,24.06,1.1401,Fail,166.51,648.06,UB 406x178x54,UC 254x254x73,54.3,73.1,87.03,82.76,17486.81
2752,2,1,2,3.61,4.15,5.26,11.4,11.6,14.16,7.22,33.14,14.44,2.2952,Fail,251.36,594.19,UB 406x178x54,UC 254x254x89,54.3,89.0,83.86,93.65,7492.49
2753,1,1,2,3.64,5.0,7.4,17.98,3.67,21.32,3.64,15.21,7.28,2.0898,Fail,173.62,351.16,UB 356x171x45,UC 254x254x73,45.0,73.1,81.46,71.29,3603.5
2754,3,1,1,4.49,4.93,7.91,8.26,10.64,1.18,13.47,12.98,26.94,0.4818,Pass,125.01,541.7,UB 305x165x40,UC 254x254x73,40.5,73.1,72.73,66.79,7058.75
2755,4,1,3,3.04,7.84,6.96,23.94,13.05,2.85,12.16,17.99,24.32,0.7397,Pass,291.37,2320.12,UB 533x210x82,UC 305x305x118,82.2,118.0,87.95,107.6,35520.9
2756,2,2,3,3.46,4.89,4.4,10.7,4.27,4.54,6.92,5.89,13.84,0.4252,Pass,62.28,406.3,UB 254x146x31,UC 203x203x46,31.1,46.1,93.03,74.51,8724.53
2757,4,1,1,3.24,6.93,5.02,25.81,7.35,7.08,12.96,50.58,25.92,1.9515,Fail,353.01,1173.48,UB 457x191x67,UC 305x305x97,67.1,96.9,88.53,96.75,11438.06
2758,2,1,2,3.28,5.6,7.09,12.45,7.76,19.83,6.56,37.77,13.12,2.8785,Fail,293.83,664.23,UB 406x178x54,UC 305x305x97,54.3,96.9,98.03,85.45,8718.36
2759,2,2,3,3.77,5.72,5.07,23.64,11.49,14.58,7.54,27.35,15.08,1.814,Fail,218.69,1113.13,UB 406x178x54,UC 305x305x97,54.3,96.9,82.4,85.35,18692.47
2760,3,1,2,4.13,6.55,5.89,27.62,12.67,6.92,12.39,65.33,24.78,2.6364,Fail,382.96,1701.47,UB 457x191x67,UC 305x305x118,67.1,118.0,96.04,104.72,17470.29
2761,5,3,3,3.94,4.71,5.89,10.8,7.26,19.36,19.7,130.11,39.4,3.3023,Fail,540.57,1388.52,UB 533x210x82,UC 305x305x118,82.2,118.0,95.42,150.39,89472.8
2762,3,3,1,4.5,7.93,5.62,25.35,9.32,1.66,13.5,9.82,27.0,0.3638,Pass,285.31,1578.3,UB 533x210x82,UC 305x305x118,82.2,118.0,85.31,84.96,30020.8
2763,4,2,1,3.55,4.99,6.56,6.51,13.91,10.41,14.2,48.43,28.4,1.7051,Fail,269.44,989.9,UB 406x178x54,UC 305x305x97,54.3,96.9,89.89,99.96,16865.69
2764,1,2,2,4.17,5.48,5.0,26.22,11.07,3.98,4.17,3.02,8.34,0.3625,Pass,166.84,621.8,UB 406x178x54,UC 203x203x60,54.3,60.0,76.91,92.94,5666.18
2765,4,2,2,3.65,5.27,4.93,10.21,9.55,17.23,14.6,90.61,29.2,3.1031,Fail,445.61,1187.13,UB 533x210x82,UC 305x305x118,82.2,118.0,78.66,126.73,35627.76
2766,4,1,3,4.32,6.31,7.55,23.7,4.0,5.06,17.28,90.44,34.56,2.6168,Fail,386.7,1770.14,UB 457x191x67,UC 305x305x118,67.1,118.0,96.98,109.07,35245.26
2767,4,2,3,3.23,4.41,5.9,8.92,7.95,16.12,12.92,50.86,25.84,1.9683,Fail,323.93,1004.61,UB 457x191x67,UC 305x305x118,67.1,118.0,81.24,95.54,42015.91
2768,4,1,3,3.94,7.72,5.3,10.31,10.57,10.27,15.76,150.91,31.52,4.7879,Fail,598.05,1257.52,UB 610x229x101,UC 305x305x118,101.2,118.0,75.51,124.71,40250.3
2769,3,3,3,3.64,6.68,4.1,24.62,7.11,13.46,10.92,34.05,21.84,1.5589,Fail,257.82,1458.28,UB 457x191x67,UC 305x305x97,67.1,96.9,75.4,98.07,42970.54
2770,3,3,2,3.89,4.95,6.43,27.24,9.1,16.43,11.67,45.7,23.34,1.9579,Fail,276.66,1819.31,UB 406x178x54,UC 305x305x118,54.3,118.0,92.3,105.71,32161.49
2771,4,1,2,4.29,6.7,6.0,7.54,13.66,12.88,17.16,232.19,34.32,6.7653,Fail,837.03,1450.5,UB 610x229x101,UC 305x305x118,101.2,118.0,105.69,169.75,30000.96
2772,2,3,2,3.13,4.98,5.99,10.21,3.7,1.47,6.26,0.99,12.52,0.0792,Pass,69.02,449.12,UB 254x146x31,UC 203x203x46,31.1,46.1,91.3,62.65,9231.46
2773,2,1,1,3.41,6.45,7.26,28.97,13.75,0.48,6.82,1.23,13.64,0.0899,Pass,222.35,820.52,UB 457x191x67,UC 254x254x89,67.1,89.0,91.38,90.07,6107.68
2774,2,2,3,3.41,4.83,4.53,8.06,5.71,19.59,6.82,23.9,13.64,1.7522,Fail,170.03,379.59,UB 305x165x40,UC 254x254x73,40.5,73.1,98.92,97.4,12414.71
2775,5,2,2,3.6,5.29,5.11,8.6,9.52,20.78,18.0,153.56,36.0,4.2657,Fail,666.78,1370.36,UB 610x229x101,UC 305x305x118,101.2,118.0,84.19,178.26,50690.4
2776,2,2,3,3.44,7.0,4.82,25.4,9.77,11.5,6.88,17.19,13.76,1.2489,Fail,257.34,1211.16,UB 457x191x67,UC 254x254x89,67.1,89.0,96.17,97.43,20684.64
2777,5,3,3,4.35,4.05,5.58,19.32,8.57,16.62,21.75,150.11,43.5,3.4508,Fail,586.34,1913.99,UB 610x229x101,UC 305x305x118,101.2,118.0,74.03,173.45,99537.36
2778,1,1,3,3.62,7.64,6.87,19.18,3.15,10.25,3.62,8.53,7.24,1.1783,Fail,145.05,347.86,UB 457x191x67,UC 254x254x73,67.1,73.1,79.38,71.06,6933.41
2779,1,2,3,4.33,4.9,5.31,20.0,2.43,23.9,4.33,20.06,8.66,2.3169,Fail,134.21,335.22,UB 305x165x40,UC 254x254x73,40.5,73.1,78.09,75.97,7321.37
2780,1,1,2,4.18,6.28,4.45,24.4,5.21,15.04,4.18,19.25,8.36,2.303,Fail,173.98,359.13,UB 406x178x54,UC 254x254x73,54.3,73.1,91.92,83.87,3822.9
2781,5,1,1,3.29,4.93,7.89,10.39,13.93,10.48,16.45,97.09,32.9,2.9511,Fail,532.82,1378.09,UB 533x210x82,UC 305x305x118,82.2,118.0,94.05,114.97,18302.44
2782,4,3,1,4.44,5.09,7.18,12.04,12.73,13.64,17.76,99.2,35.52,2.7928,Fail,393.8,1250.6,UB 457x191x67,UC 305x305x118,67.1,118.0,98.76,115.89,32670.82
2783,3,1,3,3.09,4.28,5.74,20.01,2.49,24.85,9.27,69.36,18.54,3.7412,Fail,553.62,968.35,UB 533x210x82,UC 305x305x118,82.2,118.0,97.73,115.13,21465.58
2784,5,1,1,3.6,7.9,6.31,22.76,10.62,2.08,18.0,34.38,36.0,0.9551,Pass,285.7,1695.84,UB 533x210x82,UC 305x305x118,82.2,118.0,81.21,88.25,20176.62
2785,1,1,2,3.98,7.69,7.57,5.97,8.89,20.77,3.98,24.17,7.96,3.0369,Fail,187.19,286.85,UB 406x178x54,UC 254x254x73,54.3,73.1,84.7,84.18,4642.53
2786,4,2,1,3.61,6.18,4.13,29.12,13.39,15.06,14.44,82.68,28.88,2.863,Fail,453.57,1998.44,UB 533x210x82,UC 305x305x118,82.2,118.0,80.06,137.45,22425.29
2787,2,2,1,3.18,7.38,4.8,17.55,11.66,8.23,6.36,9.68,12.72,0.7611,Pass,225.13,833.84,UB 457x191x67,UC 254x254x73,67.1,73.1,93.6,95.15,8683.56
2788,5,2,1,4.49,4.84,4.79,15.64,11.04,14.14,22.45,217.96,44.9,4.8544,Fail,735.03,1352.41,UB 610x229x101,UC 305x305x118,101.2,118.0,92.81,188.62,32961.98
2789,1,2,3,3.15,7.68,5.53,7.0,12.23,2.47,3.15,0.83,6.3,0.1319,Pass,162.68,395.16,UB 457x191x67,UC 203x203x60,67.1,60.0,69.44,76.8,9730.19
2790,1,2,1,3.3,4.54,6.82,19.57,6.02,21.19,3.3,6.37,6.6,0.9656,Pass,122.68,296.53,UB 305x165x40,UC 203x203x46,40.5,46.1,71.38,87.29,2476.89
2791,1,1,2,4.36,6.68,4.02,29.27,8.77,20.08,4.36,30.64,8.72,3.5132,Fail,253.51,450.41,UB 457x191x67,UC 254x254x89,67.1,89.0,90.39,96.15,4751.89
2792,1,2,1,3.18,7.36,5.84,20.8,6.12,22.72,3.18,7.16,6.36,1.1252,Fail,220.51,406.02,UB 457x191x67,UC 254x254x73,67.1,73.1,85.56,70.48,4545.76
2793,1,3,1,4.45,5.91,6.04,17.27,5.83,10.72,4.45,7.59,8.9,0.8525,Pass,121.42,295.32,UB 356x171x45,UC 203x203x46,45.0,46.1,92.36,87.62,4324.06
2794,5,1,1,3.83,7.86,4.15,20.93,5.92,24.27,19.15,489.43,38.3,12.7789,Fail,1615.12,1664.33,UB 610x229x101,UC 305x305x118,101.2,118.0,203.93,286.79,21192.92
2795,4,1,3,4.5,4.68,6.57,7.97,5.69,1.2,18.0,21.46,36.0,0.5961,Pass,102.05,741.18,UB 254x146x31,UC 254x254x73,31.1,73.1,93.71,70.55,17759.02
2796,2,1,2,3.33,4.21,6.39,15.83,10.6,9.71,6.66,17.15,13.32,1.2876,Fail,163.01,720.38,UB 305x165x40,UC 254x254x73,40.5,73.1,94.84,87.13,6014.47
2797,4,3,2,4.22,5.35,7.99,9.39,10.53,18.49,16.88,114.61,33.76,3.3949,Fail,461.79,1604.39,UB 533x210x82,UC 305x305x118,82.2,118.0,81.52,143.13,60750.7
2798,1,1,1,3.95,5.13,6.88,6.63,11.2,14.59,3.95,14.15,7.9,1.7912,Fail,119.15,174.6,UB 305x165x40,UC 203x203x60,40.5,60.0,69.33,79.57,1920.81
2799,5,3,3,3.41,6.1,7.64,15.65,9.86,12.67,17.05,58.31,34.1,1.71,Fail,304.98,2516.41,UB 457x191x67,UC 305x305x118,67.1,118.0,76.48,126.25,87507.64
2800,5,1,1,3.05,4.42,7.96,22.52,6.43,11.29,15.25,76.72,30.5,2.5154,Fail,495.29,1506.77,UB 533x210x82,UC 305x305x118,82.2,118.0,87.43,112.09,17374.36
2801,4,1,2,3.55,6.02,7.55,26.29,4.4,15.95,14.2,142.29,28.4,5.0103,Fail,726.34,2095.39,UB 610x229x101,UC 305x305x118,101.2,118.0,91.71,167.68,29589.25
2802,1,2,1,3.58,4.53,6.61,15.13,2.34,9.57,3.58,3.89,7.16,0.5427,Pass,80.16,198.4,UB 254x146x31,UC 203x203x46,31.1,46.1,86.31,55.6,2170.47
2803,1,2,1,4.0,4.33,7.44,21.35,5.57,20.97,4.0,12.7,8.0,1.587,Fail,157.42,313.05,UB 305x165x40,UC 203x203x60,40.5,60.0,91.59,88.65,3045.42
2804,1,2,3,3.97,7.84,7.44,11.52,12.24,12.8,3.97,9.12,7.94,1.1483,Fail,227.01,558.17,UB 457x191x67,UC 254x254x73,67.1,73.1,91.28,78.83,12184.01
2805,1,1,1,4.45,7.92,5.65,18.54,2.77,6.8,4.45,11.96,8.9,1.3439,Fail,143.24,205.66,UB 457x191x67,UC 203x203x60,67.1,60.0,84.4,97.28,2889.09
2806,1,2,1,3.8,4.03,5.63,9.8,11.36,3.04,3.8,1.5,7.6,0.1972,Pass,77.88,221.87,UB 254x146x31,UC 203x203x46,31.1,46.1,73.6,52.6,2077.69
2807,2,1,1,3.21,4.59,4.7,8.88,2.17,6.94,6.42,11.17,12.84,0.8697,Pass,101.36,169.65,UB 254x146x31,UC 203x203x46,31.1,46.1,93.08,81.82,2339.52
2808,3,1,3,3.29,8.0,6.36,12.43,2.02,2.31,9.87,11.38,19.74,0.5764,Pass,126.49,640.58,UB 406x178x54,UC 203x203x60,54.3,60.0,92.73,95.58,16166.66
2809,5,2,2,3.91,4.46,5.49,24.54,11.16,23.4,19.55,213.95,39.1,5.4718,Fail,912.92,2516.39,UB 610x229x101,UC 305x305x118,101.2,118.0,115.27,258.41,50970.3
2810,3,3,1,4.24,7.78,5.26,12.97,12.14,11.07,12.72,51.39,25.44,2.02,Fail,284.8,1136.37,UB 457x191x67,UC 305x305x97,67.1,96.9,94.26,94.54,23492.58
2811,2,1,3,3.8,4.53,7.3,24.79,7.68,2.94,7.6,8.58,15.2,0.5642,Pass,226.95,902.98,UB 406x178x54,UC 254x254x73,54.3,73.1,75.71,90.5,11168.99
2812,3,2,3,4.47,6.4,5.86,11.01,3.66,13.51,13.41,97.24,26.82,3.6257,Fail,365.45,778.23,UB 457x191x67,UC 305x305x118,67.1,118.0,91.65,102.49,39911.68
2813,1,1,2,3.15,5.15,7.47,28.58,5.15,1.93,3.15,0.85,6.3,0.1342,Pass,271.32,512.24,UB 406x178x54,UC 203x203x60,54.3,60.0,90.51,90.01,3595.42
2814,3,1,3,4.14,4.38,6.62,12.2,9.22,20.0,12.42,157.14,24.84,6.3262,Fail,805.87,1139.37,UB 610x229x101,UC 305x305x118,101.2,118.0,101.75,161.84,29102.54
2815,3,3,3,3.19,4.15,4.34,17.75,9.22,15.26,9.57,19.46,19.14,1.0165,Fail,167.0,990.09,UB 305x165x40,UC 254x254x89,40.5,89.0,97.16,89.66,26006.1
2816,1,2,1,4.13,5.99,7.65,21.06,14.58,16.84,4.13,12.59,8.26,1.5236,Fail,225.43,524.93,UB 406x178x54,UC 254x254x73,54.3,73.1,96.0,81.4,4358.63
2817,2,2,3,3.88,4.46,4.58,10.55,10.59,18.13,7.76,34.21,15.52,2.2046,Fail,211.41,569.61,UB 356x171x45,UC 305x305x97,45.0,96.9,99.2,79.53,15944.33
2818,4,2,1,4.23,5.61,6.3,12.97,6.32,8.08,16.92,73.37,33.84,2.1681,Fail,300.33,960.21,UB 457x191x67,UC 305x305x118,67.1,118.0,75.32,87.84,23075.02
2819,3,2,2,3.89,5.22,7.07,18.62,5.62,14.4,11.67,57.88,23.34,2.4797,Fail,309.18,1310.77,UB 457x191x67,UC 305x305x118,67.1,118.0,77.54,102.04,27237.4
2820,1,2,3,4.45,6.27,4.2,12.45,13.62,13.0,4.45,12.96,8.9,1.4559,Fail,173.63,425.5,UB 406x178x54,UC 203x203x60,54.3,60.0,80.54,97.32,7980.23
2821,5,2,1,3.57,6.91,5.55,15.51,5.13,11.31,17.85,93.69,35.7,2.6245,Fail,395.98,1405.47,UB 457x191x67,UC 305x305x118,67.1,118.0,99.3,115.46,27497.09
2822,3,2,2,4.34,4.33,5.27,16.1,3.21,5.57,13.02,30.7,26.04,1.1791,Fail,156.4,809.19,UB 305x165x40,UC 254x254x89,40.5,89.0,90.99,85.38,17427.42
2823,5,1,2,3.88,6.21,4.56,10.5,2.27,7.01,19.4,128.28,38.8,3.3063,Fail,488.12,874.96,UB 533x210x82,UC 305x305x118,82.2,118.0,86.16,96.59,28888.77
2824,4,3,2,3.92,4.64,6.45,14.94,5.5,11.5,15.68,51.66,31.36,1.6474,Fail,259.0,1321.83,UB 406x178x54,UC 305x305x118,54.3,118.0,86.41,89.88,42480.67
2825,4,1,2,4.2,7.25,6.13,21.88,5.13,3.52,16.8,61.82,33.6,1.84,Fail,303.59,1574.78,UB 457x191x67,UC 305x305x118,67.1,118.0,82.05,87.62,24313.27
2826,3,1,1,3.45,4.02,4.13,7.0,11.22,7.7,10.35,30.73,20.7,1.4846,Fail,226.93,413.61,UB 406x178x54,UC 254x254x73,54.3,73.1,75.71,89.32,5681.61
2827,3,2,1,4.41,5.59,4.43,18.36,6.1,7.04,13.23,45.51,26.46,1.7199,Fail,217.77,818.83,UB 406x178x54,UC 305x305x97,54.3,96.9,72.65,80.46,13499.31
2828,5,1,2,3.26,6.0,7.24,5.37,5.61,9.22,16.3,92.01,32.6,2.8224,Fail,444.57,1013.43,UB 533x210x82,UC 305x305x118,82.2,118.0,78.48,93.64,30840.96
2829,1,1,1,3.33,4.58,7.18,21.89,5.78,4.53,3.33,2.28,6.66,0.342,Pass,144.95,229.68,UB 305x165x40,UC 203x203x46,40.5,46.1,84.34,94.6,1566.61
2830,2,1,2,3.96,7.69,4.56,14.67,2.6,0.51,7.92,2.26,15.84,0.1425,Pass,112.1,422.46,UB 406x178x54,UC 203x203x60,54.3,60.0,98.43,87.28,7337.47
2831,2,3,2,3.59,7.62,6.76,20.0,7.75,2.48,7.18,3.41,14.36,0.2375,Pass,207.69,1170.9,UB 457x191x67,UC 254x254x89,67.1,89.0,97.88,90.48,24129.21
2832,3,1,3,3.21,4.52,5.21,15.18,9.04,19.23,9.63,62.87,19.26,3.2644,Fail,472.73,958.15,UB 533x210x82,UC 305x305x118,82.2,118.0,83.45,101.44,21257.96
2833,1,2,3,3.36,4.7,5.62,20.1,8.17,24.76,3.36,8.04,6.72,1.1963,Fail,121.25,437.13,UB 305x165x40,UC 203x203x60,40.5,60.0,80.93,83.89,5990.49
2834,1,2,1,4.48,7.28,7.01,29.28,3.57,5.77,4.48,6.23,8.96,0.6952,Pass,252.08,519.0,UB 533x210x82,UC 254x254x73,82.2,73.1,62.54,76.91,6087.26
2835,2,3,1,3.45,7.12,7.29,5.19,3.97,10.45,6.9,11.21,13.8,0.8125,Pass,90.22,284.14,UB 305x165x40,UC 203x203x46,40.5,46.1,91.16,87.42,8367.0
2836,5,1,1,3.86,6.57,4.85,20.47,8.36,12.18,19.3,226.12,38.6,5.8581,Fail,865.39,1457.73,UB 610x229x101,UC 305x305x118,101.2,118.0,109.27,166.63,20666.64
2837,5,1,1,3.09,4.09,6.83,21.2,7.59,9.42,15.45,64.79,30.9,2.0966,Fail,426.55,1339.54,UB 533x210x82,UC 305x305x118,82.2,118.0,75.3,97.46,16268.64
2838,2,2,2,4.07,6.71,6.8,6.6,11.62,8.85,8.14,23.34,16.28,1.4334,Fail,156.43,764.5,UB 406x178x54,UC 254x254x73,54.3,73.1,68.99,92.63,14158.42
2839,5,2,1,4.09,6.32,6.49,27.46,4.95,7.14,20.45,89.86,40.9,2.197,Fail,366.46,2151.29,UB 457x191x67,UC 305x305x118,67.1,118.0,91.9,127.94,29492.22
2840,3,3,1,3.21,4.94,7.85,21.27,8.09,22.9,9.63,32.18,19.26,1.6708,Fail,249.07,1103.32,UB 406x178x54,UC 305x305x97,54.3,96.9,83.09,97.51,17408.59
2841,5,1,2,3.5,5.16,6.94,25.95,7.77,19.56,17.5,228.84,35.0,6.5384,Fail,1099.44,2826.19,UB 610x229x101,UC 305x305x118,101.2,118.0,138.82,240.27,34269.44
2842,1,3,2,4.42,5.41,6.71,22.48,3.36,2.01,4.42,1.38,8.84,0.1558,Pass,173.72,476.13,UB 356x171x45,UC 203x203x46,45.0,46.1,81.51,89.83,7051.79
2843,4,2,2,4.45,6.85,5.36,13.62,10.56,16.2,17.8,193.44,35.6,5.4336,Fail,642.1,1747.77,UB 610x229x101,UC 305x305x118,101.2,118.0,81.07,184.72,48559.25
2844,4,1,1,3.04,6.3,6.22,25.53,10.42,11.92,12.16,64.81,24.32,2.665,Fail,453.82,1380.29,UB 533x210x82,UC 305x305x118,82.2,118.0,80.11,101.03,13972.67
2845,1,2,3,3.11,6.89,4.24,8.3,2.9,2.85,3.11,0.83,6.22,0.1331,Pass,75.42,187.17,UB 356x171x45,UC 152x152x30,45.0,30.0,70.96,93.15,5317.2
2846,4,3,3,4.02,5.77,5.55,25.65,10.22,5.11,16.08,27.73,32.16,0.8623,Pass,200.51,2313.98,UB 406x178x54,UC 305x305x118,54.3,118.0,86.36,94.81,59863.49
2847,2,1,1,3.3,5.95,6.16,19.64,2.93,3.45,6.6,6.95,13.2,0.5268,Pass,108.38,385.67,UB 356x171x45,UC 203x203x46,45.0,46.1,92.09,94.6,3396.84
2848,5,3,2,3.97,5.47,4.88,17.45,3.08,21.15,19.85,156.04,39.7,3.9304,Fail,599.93,1507.43,UB 610x229x101,UC 305x305x118,101.2,118.0,75.75,166.42,72772.22
2849,5,2,1,3.03,4.12,6.99,16.34,6.38,22.71,15.15,81.99,30.3,2.7061,Fail,521.02,1186.02,UB 533x210x82,UC 305x305x118,82.2,118.0,91.97,139.63,26118.15
2850,5,3,3,4.36,4.59,4.97,22.43,4.69,6.49,21.8,61.92,43.6,1.4201,Fail,253.0,1807.28,UB 406x178x54,UC 305x305x118,54.3,118.0,84.41,102.05,72304.88
2851,3,3,3,3.94,7.41,5.52,10.22,14.62,18.87,11.82,66.09,23.64,2.7957,Fail,339.47,1428.39,UB 457x191x67,UC 305x305x118,67.1,118.0,85.13,103.69,53549.87
2852,5,3,2,3.15,6.64,4.81,22.08,7.37,14.25,15.75,52.49,31.5,1.6663,Fail,316.43,2387.62,UB 457x191x67,UC 305x305x118,67.1,118.0,79.35,118.9,55261.52
2853,3,1,3,3.21,4.38,7.12,21.68,2.39,9.7,9.63,31.25,19.26,1.6228,Fail,253.88,1031.66,UB 406x178x54,UC 305x305x97,54.3,96.9,84.7,83.19,17278.27
2854,3,1,3,3.64,5.17,5.72,26.64,13.4,21.79,10.92,117.62,21.84,5.3855,Fail,713.11,1656.27,UB 610x229x101,UC 305x305x118,101.2,118.0,90.04,159.0,27006.48
2855,3,1,1,3.73,7.97,5.26,13.64,14.51,22.74,11.19,169.66,22.38,7.5809,Fail,799.81,958.12,UB 610x229x101,UC 305x305x118,101.2,118.0,100.99,152.91,13314.94
2856,4,2,3,3.59,7.72,5.54,16.73,7.34,13.22,14.36,80.59,28.72,2.8062,Fail,388.54,1833.99,UB 457x191x67,UC 305x305x118,67.1,118.0,97.44,122.35,50292.57
2857,5,2,3,3.64,4.66,7.26,19.44,11.21,20.76,18.2,150.33,36.4,4.13,Fail,701.8,2591.04,UB 610x229x101,UC 305x305x118,101.2,118.0,88.61,216.91,77696.92
2858,1,2,2,3.94,5.26,7.83,19.46,14.62,10.47,3.94,6.33,7.88,0.8038,Pass,315.45,712.34,UB 457x191x67,UC 254x254x73,67.1,73.1,79.11,77.19,7862.16
2859,4,3,2,4.29,4.57,6.69,26.66,11.96,18.77,17.16,115.66,34.32,3.3701,Fail,509.01,2554.74,UB 533x210x82,UC 305x305x118,82.2,118.0,89.85,177.83,55419.48
2860,4,3,2,3.27,7.78,6.96,22.55,9.98,14.61,13.08,45.61,26.16,1.7434,Fail,342.15,2775.62,UB 533x210x82,UC 305x305x118,82.2,118.0,75.59,123.86,59851.44
2861,2,2,3,4.32,7.47,4.29,19.39,5.92,21.72,8.64,74.09,17.28,4.2878,Fail,353.15,865.89,UB 457x191x67,UC 305x305x118,67.1,118.0,88.56,98.38,25435.49
2862,3,1,1,3.22,4.78,7.57,16.54,14.79,17.24,9.66,58.56,19.32,3.0312,Fail,444.2,976.07,UB 533x210x82,UC 305x305x118,82.2,118.0,78.41,96.11,10650.54
2863,1,2,2,4.46,6.89,5.85,26.93,6.86,21.6,4.46,22.35,8.92,2.5059,Fail,265.24,670.59,UB 457x191x67,UC 254x254x89,67.1,89.0,88.11,84.52,8701.58
2864,3,3,3,3.08,4.1,4.92,20.27,3.74,7.32,9.24,8.22,18.48,0.4446,Pass,87.77,915.78,UB 254x146x31,UC 254x254x73,31.1,73.1,87.95,71.8,20905.9
2865,5,3,1,4.16,4.77,6.58,27.02,11.01,23.16,20.8,189.74,41.6,4.5611,Fail,747.24,2164.02,UB 610x229x101,UC 305x305x118,101.2,118.0,94.35,211.6,47434.84
2866,3,2,1,4.08,5.58,5.6,23.25,2.15,4.93,12.24,24.2,24.48,0.9884,Pass,156.49,894.33,UB 356x171x45,UC 254x254x73,45.0,73.1,85.48,95.64,10649.66
2867,2,3,1,4.27,7.14,7.23,15.66,2.06,1.68,8.54,3.94,17.08,0.2306,Pass,117.44,530.68,UB 406x178x54,UC 203x203x60,54.3,60.0,80.84,85.55,11892.34
2868,2,1,1,4.23,7.36,7.57,23.0,8.73,12.58,8.46,66.7,16.92,3.942,Fail,389.38,714.13,UB 533x210x82,UC 305x305x97,82.2,96.9,68.74,98.49,8188.08
2869,3,1,2,4.23,7.09,7.48,10.09,14.91,5.31,12.69,56.82,25.38,2.2386,Fail,299.05,1307.88,UB 457x191x67,UC 305x305x118,67.1,118.0,75.0,82.29,19289.07
2870,4,3,3,3.57,7.79,6.04,28.46,10.99,15.13,14.28,63.66,28.56,2.2291,Fail,420.83,3105.97,UB 533x210x82,UC 305x305x118,82.2,118.0,92.02,146.42,81528.29
2871,4,3,3,3.96,6.79,5.52,26.3,10.32,6.33,15.84,35.35,31.68,1.1159,Fail,272.55,2568.22,UB 457x191x67,UC 305x305x118,67.1,118.0,91.39,108.13,69553.97
2872,3,2,3,3.2,6.25,5.48,15.48,9.39,20.85,9.6,46.21,19.2,2.4066,Fail,314.01,1273.37,UB 457x191x67,UC 305x305x118,67.1,118.0,78.75,97.42,33586.72
2873,1,1,1,3.39,5.48,7.47,27.7,14.1,9.36,3.39,5.36,6.78,0.791,Pass,238.93,387.91,UB 406x178x54,UC 254x254x73,54.3,73.1,86.22,81.44,2397.61
2874,1,1,1,4.35,5.17,4.44,13.62,13.7,17.88,4.35,24.76,8.7,2.8456,Fail,178.12,216.54,UB 356x171x45,UC 254x254x73,45.0,73.1,83.57,77.75,2136.84
2875,1,3,1,3.33,6.1,6.04,20.97,11.47,0.89,3.33,0.3,6.66,0.0447,Pass,161.27,427.44,UB 406x178x54,UC 203x203x60,54.3,60.0,92.29,76.79,4897.67
2876,3,3,1,3.09,4.25,4.97,13.71,7.0,12.72,9.27,14.63,18.54,0.7889,Pass,130.51,595.34,UB 305x165x40,UC 254x254x73,40.5,73.1,75.93,77.35,10934.77
2877,1,3,1,4.25,4.76,6.54,7.58,8.7,5.43,4.25,3.06,8.5,0.3606,Pass,80.05,192.54,UB 254x146x31,UC 203x203x46,31.1,46.1,93.31,53.52,3269.19
2878,3,2,2,3.53,4.2,4.17,20.98,3.34,10.08,10.59,26.18,21.18,1.2361,Fail,184.17,875.95,UB 356x171x45,UC 254x254x89,45.0,89.0,86.42,93.5,15262.29
2879,3,2,2,3.67,5.95,7.26,18.72,2.47,24.05,11.01,83.65,22.02,3.799,Fail,434.45,1213.05,UB 533x210x82,UC 305x305x118,82.2,118.0,76.69,128.88,31238.14
2880,5,1,1,4.33,7.16,6.63,15.12,9.88,17.35,21.65,498.61,43.3,11.5153,Fail,1484.26,1730.76,UB 610x229x101,UC 305x305x118,101.2,118.0,187.41,270.11,24174.28
2881,2,2,3,3.15,4.37,5.46,28.2,7.52,19.97,6.3,17.65,12.6,1.4008,Fail,176.27,1012.35,UB 356x171x45,UC 254x254x89,45.0,89.0,82.71,95.09,14297.4
2882,4,1,1,3.85,5.88,7.33,15.96,9.53,17.82,15.4,206.79,30.8,6.714,Fail,920.34,1270.35,UB 610x229x101,UC 305x305x118,101.2,118.0,116.2,175.26,17963.62
2883,2,3,1,3.24,4.26,7.48,22.99,13.24,8.32,6.48,5.8,12.96,0.4476,Pass,203.63,826.62,UB 356x171x45,UC 254x254x89,45.0,89.0,95.55,85.19,9606.96
2884,5,1,2,3.28,5.43,6.16,19.7,7.49,10.99,16.4,105.9,32.8,3.2285,Fail,564.47,1976.79,UB 533x210x82,UC 305x305x118,82.2,118.0,99.64,136.11,28433.43
2885,2,3,2,3.37,7.81,7.95,19.46,9.71,19.03,6.74,19.84,13.48,1.4716,Fail,269.75,1353.54,UB 533x210x82,UC 305x305x97,82.2,96.9,68.57,86.96,29848.79
2886,2,2,1,3.58,6.64,4.38,27.64,11.11,8.38,7.16,14.08,14.32,0.9832,Pass,247.17,990.78,UB 457x191x67,UC 254x254x89,67.1,89.0,90.44,86.96,9151.18
2887,1,1,3,3.5,7.26,7.72,15.69,8.3,21.73,3.5,15.65,7.0,2.2352,Fail,194.4,412.98,UB 457x191x67,UC 254x254x73,67.1,73.1,73.18,89.36,7103.46
2888,1,1,1,3.23,6.06,4.82,27.52,8.01,11.97,3.23,6.01,6.46,0.9304,Pass,140.76,276.74,UB 406x178x54,UC 203x203x60,54.3,60.0,99.1,96.46,1956.77
2889,4,2,3,3.84,6.59,5.02,6.74,6.82,18.47,15.36,129.67,30.72,4.221,Fail,513.85,921.8,UB 533x210x82,UC 305x305x118,82.2,118.0,90.71,136.89,53939.28
2890,1,1,2,3.19,6.07,7.77,15.66,14.59,0.11,3.19,0.09,6.38,0.0134,Pass,272.14,508.35,UB 406x178x54,UC 203x203x60,54.3,60.0,90.79,91.06,3824.85
2891,5,2,1,4.41,4.03,7.66,28.1,3.63,18.05,22.05,243.97,44.1,5.5322,Fail,904.45,1776.27,UB 610x229x101,UC 305x305x118,101.2,118.0,114.2,234.27,35396.0
2892,1,3,2,4.15,4.9,7.46,26.12,14.35,19.83,4.15,10.3,8.3,1.2415,Fail,340.2,777.8,UB 457x191x67,UC 254x254x73,67.1,73.1,85.32,82.53,10604.02
2893,4,2,3,4.43,4.46,7.52,17.53,3.82,3.21,17.72,31.18,35.44,0.8797,Pass,154.01,1439.35,UB 305x165x40,UC 305x305x97,40.5,96.9,89.61,87.56,37349.14
2894,4,3,3,4.38,4.79,7.12,6.54,7.75,2.07,17.52,14.02,35.04,0.4,Pass,95.7,998.49,UB 254x146x31,UC 254x254x73,31.1,73.1,87.88,79.82,38270.64
2895,1,1,1,4.07,5.11,4.77,21.88,8.36,22.21,4.07,24.0,8.14,2.9487,Fail,193.35,240.26,UB 356x171x45,UC 254x254x73,45.0,73.1,90.72,84.09,2079.27
2896,1,2,3,3.99,7.4,6.77,16.18,8.11,18.93,3.99,13.4,7.98,1.6788,Fail,215.13,519.39,UB 457x191x67,UC 254x254x73,67.1,73.1,78.47,78.53,11560.75
2897,4,1,3,3.87,6.52,4.43,14.12,9.93,8.75,15.48,109.46,30.96,3.5356,Fail,496.56,1203.82,UB 533x210x82,UC 305x305x118,82.2,118.0,87.65,107.3,31927.73
2898,4,2,2,3.61,4.16,6.44,22.03,8.81,5.86,14.44,26.72,28.88,0.9253,Pass,176.36,1888.77,UB 356x171x45,UC 305x305x118,45.0,118.0,82.75,85.92,26783.28
2899,3,2,1,3.03,6.85,4.61,28.4,12.92,23.62,9.09,45.71,18.18,2.5144,Fail,395.04,1627.54,UB 533x210x82,UC 305x305x118,82.2,118.0,69.73,107.74,16603.04
2900,4,3,3,3.55,7.12,6.5,28.93,4.37,20.94,14.2,81.93,28.4,2.8848,Fail,434.62,2545.97,UB 533x210x82,UC 305x305x118,82.2,118.0,76.72,149.77,80548.67
2901,5,1,2,3.37,6.5,4.05,5.53,11.01,11.96,16.85,139.87,33.7,4.1505,Fail,625.66,1114.87,UB 610x229x101,UC 305x305x118,101.2,118.0,79.0,122.72,29994.0
2902,2,2,1,4.14,5.34,7.15,19.67,3.07,23.62,8.28,60.21,16.56,3.6361,Fail,309.82,571.95,UB 457x191x67,UC 305x305x118,67.1,118.0,77.7,88.29,11607.34
2903,1,3,3,3.14,4.28,6.84,27.74,7.45,0.77,3.14,0.16,6.28,0.0263,Pass,220.61,570.03,UB 406x178x54,UC 203x203x60,54.3,60.0,73.6,87.65,10260.19
2904,1,1,2,3.52,6.29,4.84,11.54,8.09,8.41,3.52,5.82,7.04,0.826,Pass,91.48,250.16,UB 356x171x45,UC 203x203x46,45.0,46.1,94.62,90.1,2693.98
2905,4,3,1,3.33,5.16,6.0,10.18,8.4,2.23,13.32,5.96,26.64,0.2239,Pass,77.12,866.51,UB 305x165x40,UC 203x203x60,40.5,60.0,70.39,88.7,15297.12
2906,2,1,2,3.86,5.89,4.37,11.3,5.15,22.41,7.72,77.31,15.44,5.0072,Fail,432.37,458.59,UB 533x210x82,UC 305x305x118,82.2,118.0,76.32,91.28,11244.42
2907,5,2,3,3.58,5.13,7.33,25.31,2.3,5.19,17.9,37.11,35.8,1.0367,Fail,206.49,2377.02,UB 356x171x45,UC 305x305x118,45.0,118.0,96.88,103.83,49423.65
2908,4,3,1,4.23,5.63,5.46,24.47,3.85,9.82,16.92,62.84,33.84,1.8571,Fail,284.24,1318.24,UB 406x178x54,UC 305x305x118,54.3,118.0,94.83,91.18,28053.14
2909,3,2,3,4.35,7.95,5.99,8.21,2.03,20.27,13.05,147.46,26.1,5.6499,Fail,490.68,613.14,UB 533x210x82,UC 305x305x118,82.2,118.0,86.62,129.8,47456.77
2910,2,1,3,3.59,4.2,5.22,23.66,12.27,7.99,7.18,18.43,14.36,1.2837,Fail,170.04,803.56,UB 305x165x40,UC 254x254x73,40.5,73.1,98.93,91.84,8096.58
2911,5,1,3,4.15,5.12,7.3,17.39,3.49,23.86,20.75,498.98,41.5,12.0236,Fail,1836.78,2562.96,UB 610x229x101,UC 305x305x118,101.2,118.0,231.92,346.08,52113.68
2912,2,3,1,4.32,6.78,4.79,10.86,13.68,21.13,8.64,49.22,17.28,2.8482,Fail,260.46,661.46,UB 406x178x54,UC 305x305x97,54.3,96.9,95.86,86.56,13196.35
2913,2,2,3,4.07,7.33,4.8,5.32,13.79,1.42,8.14,3.98,16.28,0.2445,Pass,143.58,710.67,UB 406x178x54,UC 254x254x73,54.3,73.1,94.33,72.41,18200.23
2914,1,3,1,3.79,6.38,4.94,18.83,8.77,18.18,3.79,7.32,7.58,0.9658,Pass,167.0,352.12,UB 406x178x54,UC 203x203x60,54.3,60.0,89.83,83.44,4970.77
2915,3,3,1,3.26,6.57,7.79,13.4,14.37,1.61,9.78,2.92,19.56,0.1492,Pass,183.69,1259.48,UB 406x178x54,UC 254x254x89,54.3,89.0,98.71,93.92,18460.84
2916,5,3,1,3.94,4.2,6.96,6.23,5.41,5.52,19.7,35.44,39.4,0.8994,Pass,162.85,637.5,UB 305x165x40,UC 254x254x73,40.5,73.1,94.75,95.06,22261.16
2917,4,2,2,3.13,7.08,5.58,18.34,10.36,12.8,12.52,46.61,25.04,1.8615,Fail,318.74,2121.76,UB 457x191x67,UC 305x305x118,67.1,118.0,81.2,110.02,33683.9
2918,1,1,1,4.01,5.72,4.27,26.33,13.25,14.3,4.01,15.23,8.02,1.8987,Fail,167.73,294.92,UB 406x178x54,UC 254x254x73,54.3,73.1,92.84,77.56,2257.44
2919,4,3,2,4.15,7.39,7.49,27.78,4.86,24.84,16.6,169.7,33.2,5.1114,Fail,644.74,2791.44,UB 610x229x101,UC 305x305x118,101.2,118.0,81.41,208.66,74684.46
2920,1,1,2,4.02,7.79,6.7,23.54,2.11,15.32,4.02,18.61,8.04,2.3143,Fail,195.51,420.01,UB 457x191x67,UC 254x254x73,67.1,73.1,96.66,94.59,5129.58
2921,4,1,3,3.67,6.02,7.91,7.37,9.6,3.12,14.68,31.18,29.36,1.0619,Fail,181.19,1135.42,UB 356x171x45,UC 254x254x89,45.0,89.0,85.02,86.69,23329.36
2922,3,1,3,3.63,4.93,7.99,23.34,6.63,0.72,10.89,3.79,21.78,0.1738,Pass,248.02,1339.35,UB 406x178x54,UC 254x254x89,54.3,89.0,82.74,95.86,18775.49
2923,1,2,2,3.64,6.76,4.39,17.38,7.18,22.45,3.64,11.03,7.28,1.5149,Fail,184.74,427.21,UB 406x178x54,UC 254x254x73,54.3,73.1,95.09,68.19,6027.43
2924,5,3,1,3.61,4.94,6.18,27.65,10.67,0.61,18.05,3.19,36.1,0.0883,Pass,147.66,2141.74,UB 356x171x45,UC 305x305x118,45.0,118.0,89.48,84.16,29270.2
2925,4,3,1,3.69,5.61,6.37,9.6,7.62,11.1,14.76,43.86,29.52,1.4858,Fail,226.5,871.7,UB 406x178x54,UC 305x305x97,54.3,96.9,75.56,84.4,24287.16
2926,5,1,3,4.05,4.78,6.57,7.14,7.14,20.43,20.25,381.32,40.5,9.4153,Fail,1494.8,1982.28,UB 610x229x101,UC 305x305x118,101.2,118.0,188.74,277.61,48737.24
2927,2,1,3,4.38,6.41,7.57,18.44,9.92,11.59,8.76,64.91,17.52,3.705,Fail,348.17,944.21,UB 457x191x67,UC 305x305x118,67.1,118.0,87.31,84.95,17805.69
2928,5,3,1,4.21,6.26,4.42,13.09,10.09,12.01,21.05,116.12,42.1,2.7582,Fail,415.45,1412.06,UB 533x210x82,UC 305x305x118,82.2,118.0,73.34,121.47,42574.84
2929,2,2,2,4.46,7.34,5.52,5.62,12.9,22.8,8.92,86.39,17.84,4.8425,Fail,357.73,744.1,UB 457x191x67,UC 305x305x118,67.1,118.0,89.71,103.29,19827.91
2930,3,3,3,3.04,4.12,4.29,22.76,14.16,3.12,9.12,3.4,18.24,0.1863,Pass,88.71,1341.72,UB 305x165x40,UC 254x254x73,40.5,73.1,71.19,84.18,22928.53
2931,4,1,2,3.49,6.21,4.75,6.75,12.7,14.76,13.96,126.51,27.92,4.5311,Fail,630.49,1120.6,UB 610x229x101,UC 305x305x118,101.2,118.0,79.61,126.62,25116.3
2932,3,2,2,4.2,6.14,5.77,21.21,12.94,7.71,12.6,43.78,25.2,1.7373,Fail,259.26,1823.4,UB 406x178x54,UC 305x305x118,54.3,118.0,99.08,96.19,25022.03
2933,4,1,1,4.31,5.44,4.17,22.96,4.39,6.74,17.24,110.82,34.48,3.2139,Fail,469.76,888.02,UB 533x210x82,UC 305x305x118,82.2,118.0,82.92,94.91,14456.82
2934,2,3,2,3.84,7.56,5.4,16.58,2.65,5.82,7.68,9.48,15.36,0.617,Pass,153.8,721.48,UB 457x191x67,UC 254x254x73,67.1,73.1,66.24,74.1,21665.3
2935,1,1,3,3.29,4.49,6.92,8.75,10.24,1.6,3.29,0.77,6.58,0.1167,Pass,126.31,261.65,UB 305x165x40,UC 203x203x46,40.5,46.1,73.49,60.46,3622.29
2936,5,2,3,3.05,5.1,6.29,29.23,7.22,16.08,15.25,65.85,30.5,2.1589,Fail,412.41,2897.77,UB 533x210x82,UC 305x305x118,82.2,118.0,72.8,157.66,61629.51
2937,3,1,1,3.24,7.4,5.63,10.27,3.55,14.02,9.72,62.17,19.44,3.1978,Fail,363.22,455.61,UB 457x191x67,UC 305x305x97,67.1,96.9,91.09,86.56,9013.35
2938,4,1,1,3.02,7.81,6.56,5.5,3.77,6.54,12.08,39.94,24.16,1.6531,Fail,226.2,430.91,UB 406x178x54,UC 254x254x73,54.3,73.1,75.46,85.48,9774.52
2939,2,2,3,4.07,4.56,6.81,19.36,6.73,11.74,8.14,26.58,16.28,1.6325,Fail,167.01,862.05,UB 305x165x40,UC 254x254x89,40.5,89.0,97.17,92.54,16612.89
2940,3,1,3,4.21,5.98,7.13,7.3,10.35,6.93,12.63,66.61,25.26,2.6368,Fail,316.53,872.97,UB 457x191x67,UC 305x305x97,67.1,96.9,79.38,92.49,23217.49
2941,4,3,3,3.55,5.63,7.11,17.4,2.65,9.51,14.2,32.91,28.4,1.1588,Fail,192.53,1434.43,UB 356x171x45,UC 305x305x97,45.0,96.9,90.34,93.26,49534.08
2942,4,1,2,3.97,5.01,5.49,11.36,11.42,7.02,15.88,83.54,31.76,2.6303,Fail,405.78,1240.93,UB 533x210x82,UC 305x305x118,82.2,118.0,71.63,96.25,23405.35
2943,4,3,3,3.99,5.68,7.71,17.85,10.66,21.81,15.96,113.99,31.92,3.571,Fail,501.28,2211.95,UB 533x210x82,UC 305x305x118,82.2,118.0,88.49,165.87,82964.06
2944,5,1,2,3.84,7.42,6.65,28.17,10.51,23.62,19.2,463.42,38.4,12.0683,Fail,1626.32,3407.41,UB 610x229x101,UC 305x305x118,101.2,118.0,205.34,336.85,38316.76
2945,2,2,2,3.32,7.91,7.32,17.94,5.12,0.73,6.64,1.2,13.28,0.0907,Pass,186.73,1033.08,UB 457x191x67,UC 254x254x73,67.1,73.1,90.98,96.97,16631.65
2946,4,2,2,3.79,4.02,6.03,20.22,5.17,19.33,15.16,103.3,30.32,3.407,Fail,540.61,1455.58,UB 533x210x82,UC 305x305x118,82.2,118.0,95.43,153.56,35926.56
2947,4,3,3,3.33,7.32,5.01,11.1,14.68,10.77,13.32,34.49,26.64,1.2947,Fail,252.99,1863.11,UB 457x191x67,UC 305x305x118,67.1,118.0,80.61,87.59,64860.62
2948,5,3,2,4.3,4.13,4.1,23.1,5.97,19.99,21.5,174.38,43.0,4.0553,Fail,683.38,1678.55,UB 610x229x101,UC 305x305x118,101.2,118.0,86.29,185.38,65848.82
2949,3,3,1,3.89,6.13,5.6,9.13,12.7,1.28,11.67,4.0,23.34,0.1712,Pass,113.13,852.79,UB 356x171x45,UC 254x254x73,45.0,73.1,97.4,71.45,14813.92
2950,2,2,1,4.38,7.03,7.03,19.18,11.06,11.17,8.76,39.04,17.52,2.2282,Fail,259.49,929.68,UB 457x191x67,UC 305x305x97,67.1,96.9,83.76,82.64,11697.05
2951,4,1,3,3.47,6.54,7.69,21.67,14.6,0.12,13.88,1.12,27.76,0.0405,Pass,280.08,2287.24,UB 457x191x67,UC 305x305x118,67.1,118.0,80.88,95.37,32508.04
2952,5,1,1,3.63,5.34,7.97,7.75,2.5,3.32,18.15,44.75,36.3,1.2328,Fail,210.04,565.09,UB 356x171x45,UC 254x254x73,45.0,73.1,98.55,87.35,11296.56
2953,1,2,2,3.03,4.74,6.25,12.79,6.46,22.12,3.03,4.93,6.06,0.814,Pass,111.76,330.55,UB 305x165x40,UC 203x203x46,40.5,46.1,65.03,79.8,3927.72
2954,2,2,3,3.4,6.74,6.69,10.81,4.91,12.29,6.8,17.2,13.6,1.2645,Fail,141.74,615.29,UB 356x171x45,UC 254x254x73,45.0,73.1,93.23,79.76,16236.66
2955,3,1,1,4.2,6.9,4.4,8.56,10.54,14.4,12.6,148.02,25.2,5.8739,Fail,617.89,612.95,UB 610x229x101,UC 305x305x118,101.2,118.0,78.02,116.08,12808.56
2956,3,1,2,3.54,7.54,7.27,8.72,7.64,16.89,10.62,102.11,21.24,4.8073,Fail,514.77,919.37,UB 533x210x82,UC 305x305x118,82.2,118.0,90.87,108.59,20268.18
2957,2,3,2,3.17,4.2,5.45,10.59,4.5,17.87,6.34,11.35,12.68,0.8951,Pass,102.5,433.14,UB 254x146x31,UC 203x203x60,31.1,60.0,94.12,95.34,9627.88
2958,3,2,2,3.51,4.32,6.53,15.78,2.53,15.09,10.53,38.83,21.06,1.8439,Fail,252.05,860.53,UB 406x178x54,UC 305x305x97,54.3,96.9,84.09,96.07,19788.0
2959,1,3,1,3.49,4.31,6.66,28.08,6.47,8.94,3.49,2.38,6.98,0.3407,Pass,160.48,373.91,UB 305x165x40,UC 203x203x60,40.5,60.0,93.37,83.61,3801.45
2960,2,3,2,4.05,7.7,5.67,16.85,9.07,2.69,8.1,5.47,16.2,0.3375,Pass,201.97,1027.45,UB 457x191x67,UC 254x254x89,67.1,89.0,94.33,85.35,24038.17
2961,4,1,1,3.66,5.54,7.99,8.51,3.13,7.94,14.64,75.09,29.28,2.5646,Fail,370.95,576.16,UB 457x191x67,UC 305x305x97,67.1,96.9,93.03,88.82,12937.37
2962,4,2,2,4.08,7.05,6.99,24.03,5.35,2.54,16.32,22.91,32.64,0.7019,Pass,218.78,2384.84,UB 457x191x67,UC 305x305x118,67.1,118.0,82.07,97.26,39941.86
2963,4,1,3,3.39,4.47,7.9,21.38,7.1,0.35,13.56,2.31,27.12,0.0851,Pass,228.5,1641.82,UB 406x178x54,UC 305x305x97,54.3,96.9,76.23,87.3,24690.53
2964,5,1,2,3.86,4.34,7.33,11.01,12.27,5.87,19.3,89.31,38.6,2.3136,Fail,416.53,1872.71,UB 533x210x82,UC 305x305x118,82.2,118.0,73.53,114.77,31066.14
2965,5,3,2,4.42,5.74,5.98,6.48,6.36,17.81,22.1,195.86,44.2,4.4312,Fail,616.47,1127.83,UB 610x229x101,UC 305x305x118,101.2,118.0,77.84,161.65,81640.6
2966,5,3,3,3.21,7.28,7.66,22.6,7.44,5.69,16.05,23.78,32.1,0.7407,Pass,243.06,3167.27,UB 457x191x67,UC 305x305x118,67.1,118.0,92.4,117.03,90450.84
2967,1,1,1,3.42,4.92,7.1,27.99,8.9,0.96,3.42,0.56,6.84,0.082,Pass,191.55,308.36,UB 356x171x45,UC 203x203x60,45.0,60.0,89.88,93.76,1902.6
2968,5,2,1,3.99,6.6,4.23,14.23,12.61,10.02,19.95,118.4,39.9,2.9675,Fail,450.01,1684.43,UB 533x210x82,UC 305x305x118,82.2,118.0,79.44,133.56,30190.59
2969,3,1,3,3.22,4.7,6.89,7.68,5.32,11.78,9.66,39.68,19.32,2.0536,Fail,289.19,625.71,UB 406x178x54,UC 254x254x89,54.3,89.0,96.48,97.86,16674.73
2970,3,2,2,3.7,6.43,4.26,22.96,5.81,0.61,11.1,2.37,22.2,0.1068,Pass,152.95,1341.51,UB 406x178x54,UC 254x254x89,54.3,89.0,95.86,86.13,19339.51
2971,3,3,2,3.29,4.34,7.4,10.08,5.89,10.9,9.87,15.79,19.74,0.8001,Pass,123.05,832.67,UB 305x165x40,UC 254x254x73,40.5,73.1,71.59,88.29,20596.55
2972,5,2,1,4.37,4.34,4.15,21.33,4.04,24.53,21.85,329.31,43.7,7.5357,Fail,1181.55,1565.98,UB 610x229x101,UC 305x305x118,101.2,118.0,149.19,287.23,30553.66
2973,4,2,1,4.02,4.43,4.06,8.68,9.6,23.72,16.08,162.38,32.16,5.0493,Fail,728.76,840.55,UB 610x229x101,UC 305x305x118,101.2,118.0,92.02,177.74,23488.16
2974,4,3,1,3.58,7.13,5.36,6.61,7.87,21.43,14.32,86.21,28.64,3.0101,Fail,381.74,830.89,UB 457x191x67,UC 305x305x118,67.1,118.0,95.73,102.46,30754.73
2975,5,1,2,3.21,6.46,6.97,23.28,8.36,20.5,16.05,203.05,32.1,6.3254,Fail,985.75,2683.73,UB 610x229x101,UC 305x305x118,101.2,118.0,124.46,218.08,35276.96
2976,2,1,1,3.89,4.98,6.27,6.89,6.19,5.45,7.78,17.93,15.56,1.1525,Fail,122.29,238.91,UB 305x165x40,UC 203x203x60,40.5,60.0,71.15,77.56,3689.7
2977,4,2,2,3.17,4.11,4.55,17.85,7.87,0.02,12.68,0.09,25.36,0.0036,Pass,68.55,1273.99,UB 254x146x31,UC 254x254x73,31.1,73.1,94.9,76.5,14806.0
2978,3,2,3,4.11,7.36,4.32,26.58,2.73,6.85,12.33,39.45,24.66,1.5996,Fail,267.12,1457.25,UB 457x191x67,UC 305x305x97,67.1,96.9,93.16,96.43,34016.41
2979,1,1,1,3.01,7.1,5.51,25.17,5.17,12.36,3.01,5.22,6.02,0.8673,Pass,162.99,270.23,UB 457x191x67,UC 254x254x73,67.1,73.1,86.57,72.57,2572.39
2980,5,1,1,4.12,5.24,5.38,6.38,9.73,12.57,20.6,259.07,41.2,6.2881,Fail,963.49,1204.12,UB 610x229x101,UC 305x305x118,101.2,118.0,121.65,176.41,20470.64
2981,4,2,1,3.36,7.12,5.09,20.11,11.34,5.14,13.44,23.99,26.88,0.8926,Pass,251.45,1743.8,UB 457x191x67,UC 305x305x97,67.1,96.9,90.5,94.8,19556.52
2982,4,3,3,3.69,5.39,6.5,18.41,11.41,6.0,14.76,23.33,29.52,0.7903,Pass,166.99,2041.91,UB 356x171x45,UC 305x305x118,45.0,118.0,90.45,83.86,53549.28
2983,4,3,3,3.14,4.3,4.97,18.74,3.72,4.31,12.56,8.58,25.12,0.3415,Pass,82.93,1164.56,UB 254x146x31,UC 254x254x73,31.1,73.1,94.9,79.91,28528.43
2984,1,2,1,3.37,5.12,4.24,18.64,4.08,0.07,3.37,0.04,6.74,0.0065,Pass,83.19,244.44,UB 305x165x40,UC 152x152x30,40.5,30.0,84.08,98.54,1951.2
2985,2,3,3,3.82,5.45,4.94,5.79,9.15,4.92,7.64,6.79,15.28,0.4442,Pass,74.13,464.17,UB 305x165x40,UC 203x203x46,40.5,46.1,66.69,81.32,15734.34
2986,1,3,2,3.78,6.89,6.55,10.56,12.93,5.94,3.78,2.48,7.56,0.328,Pass,157.39,495.34,UB 406x178x54,UC 203x203x60,54.3,60.0,96.3,86.08,8934.06
2987,5,3,3,4.02,6.59,6.81,29.76,11.6,15.01,20.1,126.97,40.2,3.1584,Fail,520.84,3940.12,UB 533x210x82,UC 305x305x118,82.2,118.0,91.94,209.45,104037.6
2988,4,3,3,3.89,5.23,5.94,17.05,2.6,0.58,15.56,2.73,31.12,0.0876,Pass,86.8,1228.18,UB 305x165x40,UC 254x254x73,40.5,73.1,77.51,82.52,39913.46
2989,2,1,2,4.05,4.4,4.2,16.85,2.11,2.85,8.1,10.31,16.2,0.6361,Pass,82.82,373.23,UB 254x146x31,UC 203x203x46,31.1,46.1,85.84,85.89,4106.46
2990,2,2,3,3.55,7.18,7.18,21.78,12.89,8.02,7.1,13.6,14.2,0.9575,Pass,256.29,1461.53,UB 533x210x82,UC 305x305x97,82.2,96.9,63.32,89.77,28322.54
2991,2,1,2,3.01,5.49,7.06,27.05,9.59,2.01,6.02,2.87,12.04,0.2382,Pass,250.4,1060.29,UB 406x178x54,UC 254x254x73,54.3,73.1,83.54,97.45,7495.88
2992,3,3,2,3.54,7.74,5.68,16.82,10.02,8.6,10.62,21.45,21.24,1.0099,Fail,246.67,1585.79,UB 457x191x67,UC 305x305x97,67.1,96.9,99.21,90.35,35518.57
2993,4,1,3,3.28,5.71,4.31,15.98,11.55,20.27,13.12,134.23,26.24,5.1154,Fail,764.62,1404.57,UB 610x229x101,UC 305x305x118,101.2,118.0,96.54,153.95,32099.04
2994,5,3,2,4.13,7.39,4.96,13.86,3.39,18.55,20.65,182.81,41.3,4.4265,Fail,575.78,1516.65,UB 610x229x101,UC 305x305x118,101.2,118.0,72.7,162.15,82972.54
2995,4,2,3,3.33,4.1,5.45,10.19,3.28,13.61,13.32,46.31,26.64,1.7383,Fail,289.27,722.13,UB 406x178x54,UC 305x305x97,54.3,96.9,96.5,99.26,33266.32
2996,5,2,3,3.43,7.97,4.66,8.49,10.94,23.19,17.15,182.63,34.3,5.3244,Fail,693.78,1794.22,UB 610x229x101,UC 305x305x118,101.2,118.0,87.6,192.74,77768.6
2997,3,3,2,4.44,5.21,7.15,27.14,4.29,10.61,13.32,48.37,26.64,1.8155,Fail,240.7,1693.53,UB 406x178x54,UC 305x305x118,54.3,118.0,80.3,97.17,35817.38
2998,2,1,2,4.43,4.44,7.22,15.4,3.26,7.45,8.86,37.28,17.72,2.1039,Fail,204.59,579.57,UB 356x171x45,UC 254x254x89,45.0,89.0,96.0,82.28,8529.24
2999,1,2,1,3.44,4.91,6.4,29.76,11.58,5.18,3.44,1.89,6.88,0.274,Pass,180.33,498.28,UB 356x171x45,UC 203x203x60,45.0,60.0,94.79,97.97,2986.2
3000,4,2,2,3.04,5.0,5.25,18.47,9.35,14.83,12.16,40.26,24.32,1.6555,Fail,288.37,1652.24,UB 406x178x54,UC 305x305x118,54.3,118.0,96.2,100.89,26271.72
3001,4,1,1,3.57,6.23,7.85,5.07,5.62,5.5,14.28,51.0,28.56,1.7856,Fail,255.3,511.14,UB 406x178x54,UC 254x254x73,54.3,73.1,85.17,99.74,10291.82
3002,5,3,1,3.6,4.91,7.37,24.14,9.5,4.53,18.0,22.65,36.0,0.6291,Pass,189.01,2016.6,UB 356x171x45,UC 305x305x118,45.0,118.0,88.68,87.08,30253.5
3003,2,3,3,3.17,6.58,5.93,6.44,6.29,5.58,6.34,4.35,12.68,0.3427,Pass,82.47,467.96,UB 305x165x40,UC 203x203x46,40.5,46.1,100.0,78.54,16836.1
3004,1,1,2,3.07,6.97,6.74,19.48,3.07,11.29,3.07,5.05,6.14,0.8224,Pass,148.31,351.09,UB 406x178x54,UC 203x203x60,54.3,60.0,95.7,90.22,3704.54
3005,2,3,1,3.42,4.5,4.77,7.19,3.48,17.41,6.84,14.91,13.68,1.0899,Fail,110.36,211.27,UB 305x165x40,UC 203x203x60,40.5,60.0,64.21,90.34,7015.68
3006,4,3,1,4.27,5.92,6.71,18.15,11.48,20.91,17.08,141.42,34.16,4.14,Fail,553.89,1580.14,UB 533x210x82,UC 305x305x118,82.2,118.0,97.77,157.61,36627.49
3007,5,3,2,4.25,5.91,5.14,20.36,10.12,1.42,21.25,13.91,42.5,0.3274,Pass,152.22,2410.64,UB 406x178x54,UC 305x305x118,54.3,118.0,78.86,93.93,55695.16
3008,2,1,1,3.74,4.44,6.19,15.23,6.36,10.44,7.48,28.48,14.96,1.9037,Fail,206.34,379.17,UB 356x171x45,UC 254x254x73,45.0,73.1,96.82,88.06,4100.55
3009,5,3,1,3.83,6.14,4.41,28.51,14.58,10.82,19.15,74.7,38.3,1.9503,Fail,374.4,2543.01,UB 457x191x67,UC 305x305x118,67.1,118.0,93.89,134.43,36355.64
3010,4,1,3,4.2,7.42,7.46,12.83,13.2,2.37,16.8,42.22,33.6,1.2566,Fail,241.32,1732.89,UB 457x191x67,UC 305x305x118,67.1,118.0,84.77,82.61,35838.9
3011,4,1,1,3.25,5.84,7.82,25.82,7.83,4.45,13.0,28.98,26.0,1.1147,Fail,235.21,1331.12,UB 406x178x54,UC 305x305x97,54.3,96.9,84.0,86.23,10972.7
3012,4,1,2,3.9,6.44,4.87,27.85,8.59,2.22,15.6,28.37,31.2,0.9092,Pass,219.87,1725.18,UB 457x191x67,UC 305x305x97,67.1,96.9,77.59,97.02,19483.76
3013,2,3,3,4.07,6.59,7.55,6.34,8.9,23.69,8.14,44.01,16.28,2.7035,Fail,224.13,643.18,UB 406x178x54,UC 305x305x97,54.3,96.9,74.77,84.79,31047.5
3014,1,1,1,3.96,4.05,4.31,29.78,6.52,19.88,3.96,18.12,7.92,2.2876,Fail,158.62,243.57,UB 305x165x40,UC 254x254x73,40.5,73.1,92.29,71.32,1835.06
3015,2,1,2,3.33,7.93,4.78,28.02,12.43,6.05,6.66,14.77,13.32,1.109,Fail,318.93,1053.84,UB 533x210x82,UC 305x305x97,82.2,96.9,99.53,98.23,10926.53
3016,4,3,3,3.49,6.31,7.02,6.14,10.96,20.87,13.96,72.03,27.92,2.5798,Fail,357.77,1355.97,UB 457x191x67,UC 305x305x118,67.1,118.0,89.72,111.59,69289.74
3017,2,2,3,3.25,5.43,5.18,17.9,6.33,5.62,6.5,6.12,13.0,0.4707,Pass,107.65,747.72,UB 356x171x45,UC 203x203x60,45.0,60.0,75.14,85.88,12785.4
3018,4,1,3,3.9,6.34,7.03,8.09,8.26,6.96,15.6,87.97,31.2,2.8196,Fail,389.78,1090.71,UB 457x191x67,UC 305x305x118,67.1,118.0,97.75,89.52,32854.14
3019,2,3,3,3.23,7.64,7.11,27.3,3.38,20.22,6.46,18.01,12.92,1.3943,Fail,264.45,1273.95,UB 533x210x82,UC 305x305x97,82.2,96.9,67.51,82.95,39114.38
3020,1,3,3,4.11,5.29,7.52,6.67,11.61,24.54,4.11,12.52,8.22,1.5232,Fail,145.62,356.18,UB 305x165x40,UC 203x203x60,40.5,60.0,84.73,84.57,10171.26
3021,3,2,2,4.35,7.62,4.43,22.58,4.37,4.7,13.05,33.58,26.1,1.2867,Fail,249.85,1414.7,UB 457x191x67,UC 305x305x97,67.1,96.9,95.06,88.37,25934.89
3022,1,1,3,3.81,4.93,6.39,13.95,3.27,5.2,3.81,4.37,7.62,0.5731,Pass,94.57,226.59,UB 305x165x40,UC 203x203x46,40.5,46.1,56.89,61.78,3756.56
3023,5,2,2,3.35,5.26,4.87,6.32,5.15,22.37,16.75,128.47,33.5,3.8348,Fail,606.11,897.61,UB 610x229x101,UC 305x305x118,101.2,118.0,76.53,154.56,48543.18
3024,4,3,2,3.78,6.95,7.1,20.54,10.46,10.72,15.12,51.46,30.24,1.7016,Fail,300.77,2541.92,UB 457x191x67,UC 305x305x118,67.1,118.0,82.96,119.96,53443.46
3025,3,2,3,3.81,4.54,5.11,23.23,9.31,18.73,11.43,65.9,22.86,2.8826,Fail,381.22,1354.58,UB 457x191x67,UC 305x305x118,67.1,118.0,95.6,118.23,32753.88
3026,5,1,3,3.16,5.93,7.11,9.7,10.46,19.01,15.8,169.71,31.6,5.3707,Fail,855.68,1833.24,UB 610x229x101,UC 305x305x118,101.2,118.0,108.04,176.92,48503.48
3027,1,2,2,3.76,4.27,4.82,29.07,8.12,23.36,3.76,11.19,7.52,1.4884,Fail,130.83,528.74,UB 305x165x40,UC 254x254x73,40.5,73.1,79.84,69.58,4682.57
3028,4,1,2,4.04,4.48,6.63,22.67,14.67,17.66,16.16,212.64,32.32,6.5792,Fail,1012.77,2421.48,UB 610x229x101,UC 305x305x118,101.2,118.0,127.87,222.89,27617.09
3029,2,2,1,3.98,6.59,6.94,28.63,3.22,15.42,7.96,37.26,15.92,2.3407,Fail,258.69,905.72,UB 457x191x67,UC 305x305x97,67.1,96.9,72.67,86.54,10959.5
3030,2,1,2,4.01,4.98,6.93,15.85,6.01,0.36,8.02,1.34,16.04,0.0834,Pass,147.13,613.94,UB 305x165x40,UC 203x203x60,40.5,60.0,85.6,85.22,6342.66
3031,5,1,3,4.19,5.16,4.67,24.02,9.19,21.33,20.95,462.7,41.9,11.0429,Fail,1701.39,2594.08,UB 610x229x101,UC 305x305x118,101.2,118.0,214.82,325.66,44398.76
3032,2,3,3,3.05,6.77,4.98,25.92,6.78,17.44,6.1,12.03,12.2,0.9861,Pass,220.33,1094.5,UB 457x191x67,UC 254x254x89,67.1,89.0,80.89,84.28,27608.6
3033,3,2,2,3.53,7.58,4.36,21.71,8.69,16.43,10.59,56.75,21.18,2.6796,Fail,366.82,1592.86,UB 533x210x82,UC 305x305x118,82.2,118.0,65.33,105.45,28913.0
3034,3,2,2,3.01,7.21,5.14,12.72,6.57,15.52,9.03,30.2,18.06,1.6721,Fail,232.58,1050.61,UB 406x178x54,UC 305x305x97,54.3,96.9,90.62,85.61,19945.95
3035,5,3,1,4.35,5.87,5.28,25.77,3.75,20.97,21.75,220.35,43.5,5.0654,Fail,735.09,1755.72,UB 610x229x101,UC 305x305x118,101.2,118.0,92.81,199.27,49040.04
3036,1,3,3,3.94,6.03,7.3,14.64,2.99,22.55,3.94,10.23,7.88,1.2979,Fail,125.89,339.98,UB 356x171x45,UC 203x203x60,45.0,60.0,74.87,76.48,10980.6
3037,1,1,3,3.3,5.53,6.47,9.53,9.51,24.75,3.3,12.86,6.6,1.9485,Fail,143.65,282.9,UB 305x165x40,UC 203x203x60,40.5,60.0,88.78,98.74,4052.07
3038,1,3,1,3.36,5.53,5.53,19.58,14.18,10.59,3.36,2.66,6.72,0.3961,Pass,146.78,407.65,UB 406x178x54,UC 203x203x46,54.3,46.1,71.56,97.07,4241.96
3039,2,1,3,3.52,4.93,5.53,19.22,3.21,1.64,7.04,3.79,14.08,0.2692,Pass,88.8,513.43,UB 305x165x40,UC 203x203x46,40.5,46.1,74.11,85.96,6881.25
3040,5,1,3,4.02,7.34,7.17,24.59,5.97,7.01,20.1,159.31,40.2,3.9629,Fail,601.85,2497.01,UB 610x229x101,UC 305x305x118,101.2,118.0,75.99,157.73,55598.68
3041,2,2,1,3.57,6.69,6.05,9.7,7.33,5.04,7.14,8.39,14.28,0.5874,Pass,117.05,484.74,UB 356x171x45,UC 203x203x46,45.0,46.1,98.77,97.73,6016.82
3042,3,3,3,3.81,4.92,4.95,10.22,6.82,23.48,11.43,60.41,22.86,2.6426,Fail,325.24,741.37,UB 457x191x67,UC 305x305x118,67.1,118.0,81.56,91.33,45421.81
3043,5,2,2,4.35,5.02,4.15,15.87,12.51,20.3,21.75,284.0,43.5,6.5288,Fail,974.78,1844.55,UB 610x229x101,UC 305x305x118,101.2,118.0,123.08,254.33,50938.62
3044,2,2,1,4.09,4.71,7.78,28.62,9.21,8.59,8.18,20.05,16.36,1.2254,Fail,220.06,930.98,UB 406x178x54,UC 254x254x89,54.3,89.0,73.41,97.37,8948.87
3045,4,2,1,3.51,7.33,6.31,13.68,14.66,21.31,14.04,116.68,28.08,4.1552,Fail,552.65,1731.37,UB 533x210x82,UC 305x305x118,82.2,118.0,97.55,155.92,25804.92
3046,5,3,2,3.91,7.52,7.68,26.09,13.25,6.22,19.55,51.59,39.1,1.3194,Fail,355.97,4332.11,UB 533x210x82,UC 305x305x118,82.2,118.0,82.55,169.45,80751.12
3047,4,3,2,3.43,4.84,6.4,25.99,8.11,8.2,13.72,23.46,27.44,0.8548,Pass,185.17,2209.55,UB 356x171x45,UC 305x305x118,45.0,118.0,86.89,91.22,36484.32
3048,3,2,1,4.2,6.09,4.02,24.05,12.38,8.51,12.6,48.13,25.2,1.9101,Fail,279.49,1280.87,UB 457x191x67,UC 305x305x118,67.1,118.0,70.09,83.2,16252.15
3049,2,3,3,4.42,4.85,5.1,12.12,11.49,16.13,8.84,36.05,17.68,2.0392,Fail,189.95,698.13,UB 356x171x45,UC 254x254x89,45.0,89.0,89.13,95.45,23334.16
3050,4,3,2,3.64,6.36,6.45,11.46,2.21,17.52,14.56,70.23,29.12,2.4118,Fail,322.24,1008.23,UB 457x191x67,UC 305x305x118,67.1,118.0,80.81,95.59,49829.62
3051,4,3,3,3.03,7.45,7.42,19.61,3.11,6.52,12.12,15.43,24.24,0.6367,Pass,189.8,1890.08,UB 457x191x67,UC 305x305x97,67.1,96.9,74.89,90.59,66684.14
3052,4,1,1,3.04,7.03,7.19,11.52,14.37,17.9,12.16,104.23,24.32,4.2857,Fail,611.73,1224.75,UB 610x229x101,UC 305x305x118,101.2,118.0,77.24,123.81,17252.03
3053,4,1,2,3.59,7.32,5.68,23.2,2.0,8.47,14.36,88.18,28.72,3.0704,Fail,444.22,1435.99,UB 533x210x82,UC 305x305x118,82.2,118.0,78.41,103.77,24857.66
3054,5,3,3,3.63,4.08,4.38,17.28,5.8,14.07,18.15,66.7,36.3,1.8375,Fail,345.74,1369.29,UB 457x191x67,UC 305x305x118,67.1,118.0,86.7,106.97,68327.16
3055,2,1,2,4.04,7.88,5.47,27.19,14.78,14.39,8.08,67.42,16.16,4.1721,Fail,467.27,1226.35,UB 610x229x101,UC 305x305x118,101.2,118.0,63.58,101.22,14933.89
3056,3,1,2,3.49,7.64,6.58,24.54,7.31,17.69,10.47,102.8,20.94,4.9095,Fail,590.58,1553.55,UB 610x229x101,UC 305x305x118,101.2,118.0,74.57,133.27,22362.02
3057,2,2,2,3.47,4.54,6.85,27.53,13.72,19.89,6.94,25.26,13.88,1.8197,Fail,270.34,1409.99,UB 406x178x54,UC 305x305x118,54.3,118.0,90.19,82.61,14792.0
3058,4,1,2,4.25,6.15,4.67,13.28,7.79,7.52,17.0,125.34,34.0,3.6864,Fail,500.22,1105.8,UB 533x210x82,UC 305x305x118,82.2,118.0,88.3,106.98,24244.34
3059,1,1,2,3.08,7.45,7.44,18.47,13.33,24.97,3.08,11.64,6.16,1.8898,Fail,260.68,559.45,UB 533x210x82,UC 254x254x89,82.2,89.0,64.88,86.62,5928.16
3060,4,3,1,4.13,7.5,5.2,29.82,2.93,10.28,16.52,69.76,33.04,2.1114,Fail,354.57,1831.62,UB 533x210x82,UC 305x305x118,82.2,118.0,68.17,107.2,37229.92
3061,2,3,3,3.43,4.98,6.99,26.49,13.29,16.78,6.86,15.17,13.72,1.1058,Fail,257.21,1379.38,UB 406x178x54,UC 254x254x89,54.3,89.0,85.81,96.55,25367.94
3062,2,2,3,3.53,4.08,7.36,5.54,3.03,19.1,7.06,24.77,14.12,1.7545,Fail,168.97,284.16,UB 305x165x40,UC 254x254x73,40.5,73.1,98.31,96.07,14202.31
3063,4,3,3,3.57,5.33,7.87,20.26,4.71,18.98,14.28,65.17,28.56,2.2819,Fail,351.8,1866.64,UB 457x191x67,UC 305x305x118,67.1,118.0,88.23,123.14,69475.2
3064,5,2,1,4.36,7.61,5.96,13.76,6.89,11.87,21.8,205.45,43.6,4.7123,Fail,600.39,1557.8,UB 610x229x101,UC 305x305x118,101.2,118.0,75.81,165.81,39884.32
3065,2,2,2,3.62,4.21,4.78,15.56,5.3,17.0,7.24,24.44,14.48,1.688,Fail,174.03,558.54,UB 356x171x45,UC 254x254x89,45.0,89.0,81.66,85.17,10653.84
3066,2,3,3,3.39,6.03,6.39,23.68,11.34,5.82,6.78,5.59,13.56,0.4123,Pass,189.03,1256.46,UB 406x178x54,UC 254x254x89,54.3,89.0,96.24,84.02,25840.46
3067,5,1,3,4.44,4.78,5.48,21.99,3.15,17.85,22.2,458.67,44.4,10.3305,Fail,1594.38,2391.52,UB 610x229x101,UC 305x305x118,101.2,118.0,201.31,305.54,47268.8
3068,1,2,1,4.26,7.54,5.21,26.66,7.99,22.15,4.26,20.01,8.52,2.3486,Fail,312.38,521.19,UB 533x210x82,UC 254x254x73,82.2,73.1,73.29,99.58,5632.37
3069,2,3,2,4.34,5.55,7.77,16.11,6.07,1.03,8.68,2.32,17.36,0.1335,Pass,187.85,876.04,UB 356x171x45,UC 254x254x73,45.0,73.1,88.14,81.83,17704.0
3070,5,3,3,3.73,5.98,7.13,29.15,13.16,15.33,18.65,95.19,37.3,2.5519,Fail,455.11,3951.3,UB 533x210x82,UC 305x305x118,82.2,118.0,80.34,195.31,99869.72
3071,3,3,1,4.41,7.36,6.85,8.46,6.6,4.76,13.23,24.68,26.46,0.9329,Pass,144.13,701.85,UB 406x178x54,UC 254x254x73,54.3,73.1,75.25,78.58,19394.03
3072,4,2,1,4.44,7.14,5.9,16.64,9.25,7.03,17.76,85.14,35.52,2.3971,Fail,332.54,1502.03,UB 457x191x67,UC 305x305x118,67.1,118.0,83.4,103.94,24990.26
3073,3,1,1,4.44,5.92,5.87,7.01,9.76,8.77,13.32,100.85,26.64,3.7857,Fail,425.76,544.55,UB 533x210x82,UC 305x305x118,82.2,118.0,75.16,83.26,12101.87
3074,3,1,1,3.48,5.88,4.83,24.42,2.77,14.71,10.44,72.73,20.88,3.4832,Fail,453.28,719.07,UB 533x210x82,UC 305x305x118,82.2,118.0,80.01,90.3,10209.85
3075,1,3,3,3.07,7.4,6.95,24.91,6.84,8.93,3.07,1.93,6.14,0.314,Pass,231.53,659.46,UB 533x210x82,UC 254x254x73,82.2,73.1,63.48,82.92,17745.51
3076,5,1,1,4.12,6.89,5.37,18.13,14.46,8.34,20.6,198.27,41.2,4.8123,Fail,719.2,1646.12,UB 610x229x101,UC 305x305x118,101.2,118.0,90.81,149.75,22130.32
3077,4,2,1,3.51,4.72,4.8,21.92,14.24,10.75,14.04,46.87,28.08,1.669,Fail,293.18,1462.3,UB 406x178x54,UC 305x305x118,54.3,118.0,97.81,95.4,17168.74
3078,1,3,3,4.37,6.68,4.05,28.95,5.38,0.72,4.37,0.57,8.74,0.065,Pass,201.9,535.08,UB 457x191x67,UC 254x254x73,67.1,73.1,81.58,67.57,13750.95
3079,5,3,1,3.11,6.94,7.26,19.62,11.8,9.04,15.55,32.85,31.1,1.0563,Fail,260.33,2353.81,UB 457x191x67,UC 305x305x118,67.1,118.0,83.72,98.14,38392.34
3080,4,1,1,3.9,7.06,6.01,19.79,7.19,7.86,15.6,105.74,31.2,3.3892,Fail,480.97,1102.21,UB 533x210x82,UC 305x305x118,82.2,118.0,84.9,100.18,15958.03
3081,1,1,3,3.15,7.55,6.01,23.72,7.82,23.23,3.15,11.79,6.3,1.8719,Fail,216.95,457.58,UB 533x210x82,UC 254x254x89,82.2,89.0,66.98,82.26,7689.37
3082,4,2,1,3.47,5.23,5.79,28.08,8.64,19.1,13.88,83.93,27.76,3.0233,Fail,475.39,1672.59,UB 533x210x82,UC 305x305x118,82.2,118.0,83.92,140.45,22416.79
3083,4,3,2,4.0,5.12,5.85,19.59,7.2,16.27,16.0,81.87,32.0,2.5586,Fail,381.39,1711.64,UB 457x191x67,UC 305x305x118,67.1,118.0,95.65,125.86,47584.99
3084,4,3,1,4.06,4.06,5.49,8.33,7.25,24.45,16.24,118.19,32.48,3.6388,Fail,552.53,721.59,UB 533x210x82,UC 305x305x118,82.2,118.0,97.53,134.94,30560.58
3085,5,2,1,3.79,6.48,5.1,9.1,5.02,5.79,18.95,56.77,37.9,1.498,Fail,232.74,905.55,UB 406x178x54,UC 305x305x97,54.3,96.9,77.65,85.93,22208.76
3086,2,3,3,3.28,5.69,5.14,5.43,5.62,12.03,6.56,9.76,13.12,0.7437,Pass,83.5,353.53,UB 305x165x40,UC 203x203x46,40.5,46.1,56.13,95.05,15365.42
3087,2,3,3,3.63,7.66,4.27,6.37,2.87,21.89,7.26,28.96,14.52,1.9944,Fail,163.04,318.86,UB 356x171x45,UC 254x254x73,45.0,73.1,80.44,87.84,21375.7
3088,5,2,2,3.05,5.94,5.8,11.09,9.17,20.95,15.25,93.12,30.5,3.0531,Fail,492.74,1729.76,UB 533x210x82,UC 305x305x118,82.2,118.0,86.98,148.65,45146.34
3089,3,2,3,4.11,5.36,5.04,12.48,5.93,3.21,12.33,15.88,24.66,0.6441,Pass,104.5,834.38,UB 305x165x40,UC 254x254x73,40.5,73.1,78.17,76.79,21537.04
3090,2,2,3,3.39,4.41,7.72,23.66,10.74,22.91,6.78,26.44,13.56,1.9498,Fail,270.31,1212.67,UB 406x178x54,UC 305x305x97,54.3,96.9,90.18,99.19,19260.72
3091,2,3,2,3.97,7.35,7.97,18.43,11.72,17.49,7.94,31.32,15.88,1.9721,Fail,269.83,1376.62,UB 457x191x67,UC 305x305x97,67.1,96.9,95.44,94.2,26666.55
3092,4,2,2,4.39,7.46,5.92,7.39,3.17,5.09,17.56,60.63,35.12,1.7263,Fail,210.69,826.55,UB 356x171x45,UC 305x305x97,45.0,96.9,98.86,80.92,29764.48
3093,3,1,3,4.01,4.03,5.42,14.35,5.48,23.62,12.03,160.45,24.06,6.6687,Fail,887.42,1096.44,UB 610x229x101,UC 305x305x118,101.2,118.0,112.05,172.99,26123.42
3094,4,2,3,4.22,5.4,7.8,28.39,12.09,9.12,16.88,80.74,33.76,2.3916,Fail,372.02,3062.22,UB 457x191x67,UC 305x305x118,67.1,118.0,93.3,160.99,54338.64
3095,2,3,1,3.73,6.41,5.37,20.57,10.06,20.22,7.46,27.31,14.92,1.8301,Fail,224.7,795.81,UB 457x191x67,UC 254x254x89,67.1,89.0,64.31,90.21,13355.47
3096,5,2,3,4.33,7.17,4.3,9.27,14.97,24.48,21.65,400.44,43.3,9.2479,Fail,1146.85,2041.21,UB 610x229x101,UC 305x305x118,101.2,118.0,144.8,300.72,79262.76
3097,3,2,3,4.26,7.89,4.44,16.52,11.85,4.45,12.78,30.14,25.56,1.1792,Fail,275.49,1543.34,UB 533x210x82,UC 305x305x97,82.2,96.9,68.76,95.3,40280.11
3098,5,1,1,3.88,5.24,7.05,19.3,9.12,17.91,19.4,300.33,38.8,7.7405,Fail,1227.98,1852.0,UB 610x229x101,UC 305x305x118,101.2,118.0,155.05,232.74,21594.28
3099,1,3,1,4.49,7.84,4.26,11.46,7.01,6.48,4.49,5.2,8.98,0.579,Pass,160.78,268.13,UB 457x191x67,UC 203x203x46,67.1,46.1,70.95,98.29,5955.68
3100,5,1,2,4.37,4.41,6.43,14.25,8.02,21.03,21.85,496.49,43.7,11.3614,Fail,1812.73,2725.76,UB 610x229x101,UC 305x305x118,101.2,118.0,228.88,346.85,35178.5
3101,1,3,3,4.39,4.69,6.06,8.87,13.76,7.38,4.39,4.68,8.78,0.5335,Pass,117.24,371.55,UB 305x165x40,UC 203x203x46,40.5,46.1,68.21,76.01,8462.56
3102,1,2,3,3.6,4.79,4.34,27.07,6.63,4.89,3.6,2.08,7.2,0.2884,Pass,114.84,463.63,UB 356x171x45,UC 203x203x46,45.0,46.1,71.74,83.94,5473.62
3103,1,1,2,3.34,4.76,7.23,12.42,7.85,13.32,3.34,6.84,6.68,1.0236,Fail,157.93,316.52,UB 305x165x40,UC 203x203x46,40.5,46.1,91.88,91.63,2673.44
3104,1,1,3,4.5,6.96,5.44,18.73,10.63,7.82,4.5,13.6,9.0,1.511,Fail,154.51,393.48,UB 457x191x67,UC 254x254x73,67.1,73.1,78.91,79.85,6689.81
3105,4,2,3,4.26,5.73,7.0,12.64,14.84,7.59,17.04,71.37,34.08,2.0942,Fail,308.1,2059.88,UB 457x191x67,UC 305x305x118,67.1,118.0,77.27,120.0,53341.3
3106,5,3,1,3.9,4.39,5.63,20.35,13.76,6.67,19.5,42.06,39.0,1.0784,Fail,220.47,1733.15,UB 406x178x54,UC 305x305x118,54.3,118.0,73.55,89.08,31673.49
3107,2,1,2,3.46,4.33,6.47,23.34,3.34,10.48,6.92,21.45,13.84,1.5502,Fail,186.19,724.27,UB 356x171x45,UC 254x254x73,45.0,73.1,87.36,96.06,6533.41
3108,1,3,3,3.57,6.56,6.76,7.33,2.77,18.84,3.57,6.13,7.14,0.8591,Pass,73.63,196.39,UB 305x165x40,UC 203x203x46,40.5,46.1,78.62,63.91,9106.75
3109,5,3,1,3.24,5.0,7.2,8.09,8.96,10.44,16.2,36.32,32.4,1.1211,Fail,210.91,1055.09,UB 356x171x45,UC 305x305x97,45.0,96.9,98.96,85.57,25788.24
3110,5,1,1,4.03,6.53,6.0,28.2,7.23,16.26,20.15,347.91,40.3,8.633,Fail,1240.73,1987.22,UB 610x229x101,UC 305x305x118,101.2,118.0,156.66,237.97,22191.16
3111,4,3,3,4.17,7.82,4.12,9.84,5.52,14.32,16.68,102.48,33.36,3.072,Fail,367.1,1056.67,UB 457x191x67,UC 305x305x118,67.1,118.0,92.06,103.83,69948.19
3112,1,3,1,3.02,6.27,4.56,24.99,10.23,23.42,3.02,4.2,6.04,0.695,Pass,196.8,432.1,UB 457x191x67,UC 203x203x60,67.1,60.0,69.21,95.37,5197.81
3113,3,2,1,4.14,6.21,5.82,22.59,4.05,0.76,12.42,4.19,24.84,0.1688,Pass,135.69,1031.01,UB 406x178x54,UC 254x254x73,54.3,73.1,79.96,87.51,12338.08
3114,4,2,3,3.51,5.97,4.52,25.13,9.23,23.48,14.04,114.79,28.08,4.0878,Fail,587.77,2052.96,UB 610x229x101,UC 305x305x118,101.2,118.0,74.21,175.7,55681.15
3115,2,3,2,3.13,5.34,7.6,25.29,6.31,24.9,6.26,16.68,12.52,1.3322,Fail,248.32,1193.15,UB 406x178x54,UC 254x254x89,54.3,89.0,82.84,95.78,18507.88
3116,1,3,1,4.37,7.79,5.6,25.15,2.57,13.81,4.37,9.99,8.74,1.1429,Fail,235.91,413.17,UB 533x210x82,UC 254x254x73,82.2,73.1,64.66,75.4,8238.88
3117,2,1,2,3.02,7.13,7.39,27.16,5.43,23.87,6.04,38.88,12.08,3.2189,Fail,368.69,1087.41,UB 457x191x67,UC 305x305x118,67.1,118.0,94.17,86.01,11113.81
3118,4,3,3,4.45,4.17,6.32,11.43,3.08,12.57,17.8,85.41,35.6,2.3991,Fail,350.44,874.4,UB 457x191x67,UC 305x305x118,67.1,118.0,87.88,97.71,67392.59
3119,5,3,2,3.65,7.85,5.04,5.88,13.71,8.23,18.25,55.14,36.5,1.5108,Fail,266.04,1880.2,UB 457x191x67,UC 305x305x118,67.1,118.0,75.55,95.78,63072.43
3120,3,2,1,3.33,6.24,6.12,28.17,7.76,22.0,9.99,55.94,19.98,2.7998,Fail,379.39,1420.4,UB 457x191x67,UC 305x305x118,67.1,118.0,95.15,110.8,15793.24
3121,3,2,3,4.47,7.91,6.49,10.94,4.68,16.48,13.41,131.49,26.82,4.9026,Fail,451.61,978.79,UB 533x210x82,UC 305x305x118,82.2,118.0,79.72,126.3,48997.31
3122,1,2,3,3.19,7.71,7.37,5.58,3.15,2.44,3.19,0.82,6.38,0.1279,Pass,73.72,198.04,UB 356x171x45,UC 152x152x30,45.0,30.0,77.5,96.1,6908.85
3123,2,3,2,3.01,5.12,7.32,11.93,11.79,22.56,6.02,12.91,12.04,1.072,Fail,178.38,888.92,UB 356x171x45,UC 254x254x73,45.0,73.1,83.7,92.71,14698.34
3124,1,3,3,3.02,6.04,4.83,8.03,11.37,6.41,3.02,1.16,6.04,0.1915,Pass,100.19,318.79,UB 356x171x45,UC 203x203x46,45.0,46.1,82.8,69.53,8097.35
3125,5,3,2,4.09,6.24,7.8,19.24,6.0,14.73,20.45,128.56,40.9,3.1433,Fail,474.25,2556.86,UB 533x210x82,UC 305x305x118,82.2,118.0,83.72,168.54,77685.36
3126,1,2,2,4.21,6.92,7.83,10.83,7.73,14.02,4.21,11.77,8.42,1.3975,Fail,172.58,433.86,UB 406x178x54,UC 203x203x60,54.3,60.0,77.08,92.12,7078.95
3127,5,2,1,4.44,5.64,4.86,6.41,9.34,18.22,22.2,288.36,44.4,6.4945,Fail,890.46,1023.42,UB 610x229x101,UC 305x305x118,101.2,118.0,112.43,216.28,34510.44
3128,2,3,3,3.59,4.03,6.23,26.61,11.87,10.1,7.18,9.97,14.36,0.6942,Pass,197.25,1142.79,UB 356x171x45,UC 254x254x73,45.0,73.1,92.55,94.65,19478.53
3129,5,3,2,4.25,5.33,6.76,8.73,13.58,9.19,21.25,85.19,42.5,2.0044,Fail,325.46,2018.88,UB 457x191x67,UC 305x305x118,67.1,118.0,81.62,123.58,64327.77
3130,5,3,1,4.31,4.64,7.62,22.92,13.71,19.0,21.55,174.61,43.1,4.0513,Fail,665.11,2199.67,UB 610x229x101,UC 305x305x118,101.2,118.0,83.98,196.5,49853.12
3131,1,3,1,3.23,5.49,4.17,27.46,8.69,10.68,3.23,2.33,6.46,0.3612,Pass,150.97,391.87,UB 406x178x54,UC 203x203x46,54.3,46.1,74.97,96.57,3885.59
3132,3,3,2,3.73,5.64,5.98,5.46,14.34,6.96,11.19,17.67,22.38,0.7898,Pass,129.86,1058.84,UB 305x165x40,UC 254x254x73,40.5,73.1,97.95,94.59,21795.77
3133,5,1,2,4.46,6.94,6.3,25.77,8.17,3.66,22.3,114.25,44.6,2.5618,Fail,431.89,2495.73,UB 533x210x82,UC 305x305x118,82.2,118.0,76.24,135.53,34702.62
3134,2,2,3,3.3,7.75,5.29,13.62,12.23,8.24,6.6,11.27,13.2,0.8536,Pass,224.01,1000.26,UB 457x191x67,UC 254x254x89,67.1,89.0,95.92,84.18,21758.46
3135,2,3,3,3.93,5.1,6.83,29.13,3.13,17.15,7.86,25.48,15.72,1.6206,Fail,194.59,1090.1,UB 356x171x45,UC 305x305x97,45.0,96.9,91.31,81.34,25070.54
3136,3,3,2,4.03,7.93,4.63,16.09,11.89,20.98,12.09,82.3,24.18,3.4037,Fail,408.44,1557.09,UB 533x210x82,UC 305x305x118,82.2,118.0,72.1,118.0,43853.35
3137,1,3,3,3.74,5.03,4.9,20.33,6.62,7.96,3.74,2.85,7.48,0.3809,Pass,97.77,392.54,UB 305x165x40,UC 203x203x46,40.5,46.1,94.57,77.63,7584.6
3138,3,3,2,3.47,4.45,5.61,18.23,7.55,23.38,10.41,41.36,20.82,1.9867,Fail,280.27,1146.67,UB 406x178x54,UC 305x305x118,54.3,118.0,93.5,90.36,28575.66
3139,1,1,3,4.43,5.4,6.02,9.59,12.86,9.9,4.43,14.86,8.86,1.6775,Fail,115.5,310.27,UB 305x165x40,UC 203x203x60,40.5,60.0,97.47,90.88,4464.06
3140,2,1,1,4.14,5.31,5.9,20.98,4.24,7.02,8.28,29.62,16.56,1.7887,Fail,195.29,429.58,UB 356x171x45,UC 254x254x73,45.0,73.1,91.63,82.87,4438.87
3141,2,3,2,4.14,7.17,4.86,24.31,9.8,11.99,8.28,24.71,16.56,1.4922,Fail,266.25,1210.38,UB 533x210x82,UC 305x305x97,82.2,96.9,62.04,82.57,26628.59
3142,4,3,1,3.85,6.08,5.02,21.37,2.64,2.07,15.4,9.96,30.8,0.3234,Pass,126.77,1139.87,UB 406x178x54,UC 254x254x73,54.3,73.1,67.64,88.54,21290.75
3143,5,1,2,3.01,4.82,7.64,18.84,2.94,21.36,15.05,144.56,30.1,4.8028,Fail,866.94,2004.72,UB 610x229x101,UC 305x305x118,101.2,118.0,109.46,182.2,33435.52
3144,2,2,3,3.36,7.18,6.11,15.01,11.71,2.61,6.72,3.76,13.44,0.2795,Pass,185.28,1050.46,UB 457x191x67,UC 254x254x73,67.1,73.1,78.84,97.1,20982.89
3145,3,2,2,3.41,7.52,5.38,19.64,13.6,1.02,10.23,3.32,20.46,0.1623,Pass,246.72,1912.63,UB 533x210x82,UC 305x305x118,82.2,118.0,69.75,85.69,29951.1
3146,4,2,2,4.4,7.3,5.61,22.51,8.45,1.2,17.6,14.37,35.2,0.4083,Pass,227.58,2330.52,UB 457x191x67,UC 305x305x118,67.1,118.0,96.01,100.85,39481.46
3147,3,3,1,3.59,6.79,7.17,20.6,2.82,14.98,10.77,36.35,21.54,1.6874,Fail,237.65,1013.61,UB 406x178x54,UC 305x305x97,54.3,96.9,91.89,85.37,19657.42
3148,2,3,3,4.23,5.4,5.78,20.66,10.88,20.08,8.46,39.72,16.92,2.3476,Fail,231.97,1028.68,UB 406x178x54,UC 305x305x97,54.3,96.9,77.39,94.85,27686.16
3149,3,3,1,3.26,4.34,7.52,13.94,6.17,22.15,9.78,31.04,19.56,1.5871,Fail,230.02,695.38,UB 406x178x54,UC 305x305x97,54.3,96.9,76.74,83.06,16723.4
3150,2,3,1,4.29,6.69,5.82,26.87,9.14,2.23,8.58,5.22,17.16,0.304,Pass,209.49,978.43,UB 457x191x67,UC 254x254x89,67.1,89.0,85.95,84.59,14619.92
3151,2,2,1,3.63,4.87,6.43,14.94,10.34,6.67,7.26,10.25,14.52,0.7061,Pass,104.42,596.15,UB 305x165x40,UC 203x203x60,40.5,60.0,80.51,90.3,5753.97
3152,4,1,2,3.84,7.11,4.09,17.01,6.46,16.66,15.36,213.53,30.72,6.9508,Fail,869.11,1268.12,UB 610x229x101,UC 305x305x118,101.2,118.0,109.74,167.48,26131.79
3153,5,3,3,4.41,6.43,4.26,17.08,6.81,3.83,22.05,44.19,44.1,1.0021,Fail,196.51,1801.8,UB 406x178x54,UC 305x305x118,54.3,118.0,79.6,85.13,76458.42
3154,3,2,1,4.19,6.42,4.66,10.15,3.3,22.94,12.57,131.66,25.14,5.2372,Fail,518.49,502.53,UB 533x210x82,UC 305x305x118,82.2,118.0,91.52,131.18,18679.72
3155,5,3,1,3.78,6.69,4.98,24.52,6.37,14.26,18.9,98.3,37.8,2.6005,Fail,425.64,1983.13,UB 533x210x82,UC 305x305x118,82.2,118.0,75.14,133.63,42526.26
3156,3,2,2,3.65,5.52,5.28,27.45,8.26,9.04,10.95,29.83,21.9,1.3619,Fail,223.02,1693.72,UB 406x178x54,UC 305x305x118,54.3,118.0,75.28,84.59,22184.82
3157,3,3,3,3.39,7.18,4.84,25.88,4.89,19.15,10.17,39.27,20.34,1.9309,Fail,300.88,1565.58,UB 457x191x67,UC 305x305x118,67.1,118.0,90.8,90.52,48236.47
3158,5,2,3,3.74,5.35,5.64,19.09,14.36,18.15,18.7,154.02,37.4,4.1181,Fail,663.56,2632.29,UB 610x229x101,UC 305x305x118,101.2,118.0,83.78,208.51,73820.56
3159,5,2,3,4.29,4.22,5.62,28.74,5.13,21.63,21.45,269.13,42.9,6.2734,Fail,1018.72,2374.05,UB 610x229x101,UC 305x305x118,101.2,118.0,128.63,276.72,73049.24
3160,3,1,2,3.89,5.87,7.98,21.6,3.43,23.74,11.67,171.94,23.34,7.3665,Fail,848.13,1431.13,UB 610x229x101,UC 305x305x118,101.2,118.0,107.09,177.98,23299.67
3161,3,2,2,4.29,7.07,6.46,11.57,10.62,20.47,12.87,133.76,25.74,5.1965,Fail,520.85,1358.56,UB 533x210x82,UC 305x305x118,82.2,118.0,91.94,151.2,33686.93
3162,3,3,3,3.73,4.69,7.77,16.71,8.51,10.03,11.19,23.49,22.38,1.0498,Fail,199.92,1360.42,UB 356x171x45,UC 305x305x97,45.0,96.9,93.8,84.6,37534.18
3163,1,1,2,3.41,7.87,6.54,12.73,7.12,8.22,3.41,5.64,6.82,0.8264,Pass,134.12,323.48,UB 457x191x67,UC 203x203x60,67.1,60.0,77.13,96.68,4567.17
3164,3,2,1,3.93,5.26,4.95,8.61,6.77,9.32,11.79,38.97,23.58,1.6527,Fail,203.85,517.89,UB 356x171x45,UC 254x254x89,45.0,89.0,95.65,88.38,11141.01
3165,5,1,3,4.12,7.14,7.35,17.15,9.77,20.82,20.6,505.24,41.2,12.2631,Fail,1605.3,2657.38,UB 610x229x101,UC 305x305x118,101.2,118.0,202.69,316.12,56212.36
3166,3,3,1,3.98,5.61,4.62,27.45,8.9,22.73,11.94,72.3,23.88,3.0276,Fail,386.31,1224.81,UB 457x191x67,UC 305x305x118,67.1,118.0,96.88,110.83,21767.14
3167,1,1,2,3.25,4.85,6.94,24.68,10.3,11.1,3.25,5.21,6.5,0.8009,Pass,248.84,514.05,UB 406x178x54,UC 203x203x60,54.3,60.0,83.01,87.23,3467.43
3168,3,1,2,3.15,5.6,6.37,29.4,10.24,2.4,9.45,8.27,18.9,0.4376,Pass,219.01,1604.82,UB 406x178x54,UC 254x254x89,54.3,89.0,87.25,98.84,11933.71
3169,4,3,3,3.73,7.24,7.28,11.14,5.78,13.9,14.92,65.0,29.84,2.1781,Fail,295.23,1413.56,UB 406x178x54,UC 305x305x118,54.3,118.0,98.49,97.18,66013.89
3170,3,3,2,4.49,6.07,4.87,28.47,6.85,19.16,13.47,96.78,26.94,3.5924,Fail,420.46,1686.76,UB 533x210x82,UC 305x305x118,82.2,118.0,74.22,133.42,42152.81
3171,1,1,2,3.04,6.43,5.55,5.48,7.98,15.39,3.04,6.37,6.08,1.0483,Fail,92.69,195.34,UB 305x165x40,UC 203x203x46,40.5,46.1,98.67,84.25,2521.21
3172,1,3,1,4.14,5.75,4.14,14.58,9.45,16.16,4.14,8.68,8.28,1.0488,Fail,125.55,273.64,UB 356x171x45,UC 203x203x46,45.0,46.1,88.49,91.27,3824.53
3173,5,1,2,3.81,6.8,4.71,18.23,6.08,2.45,19.05,44.46,38.1,1.1669,Fail,234.4,1449.52,UB 406x178x54,UC 305x305x97,54.3,96.9,95.8,88.43,21729.33
3174,2,1,3,4.2,6.31,7.12,21.61,12.02,23.08,8.4,110.67,16.8,6.5876,Fail,576.62,1113.82,UB 610x229x101,UC 305x305x118,101.2,118.0,72.81,131.95,21684.7
3175,4,2,2,4.02,5.41,4.79,15.71,15.0,9.2,16.08,68.72,32.16,2.1369,Fail,327.75,1849.54,UB 457x191x67,UC 305x305x118,67.1,118.0,82.19,116.14,33503.04
3176,3,3,3,3.89,4.18,4.23,8.2,8.94,5.36,11.67,13.96,23.34,0.5981,Pass,92.9,636.02,UB 254x146x31,UC 203x203x60,31.1,60.0,85.31,97.63,20619.04
3177,1,1,1,4.2,7.28,7.01,20.3,2.97,4.74,4.2,6.56,8.4,0.7809,Pass,123.22,232.81,UB 457x191x67,UC 203x203x60,67.1,60.0,71.57,86.52,2925.72
3178,5,2,2,3.25,6.54,7.9,10.67,7.27,16.81,16.25,97.99,32.5,3.0151,Fail,455.3,1889.3,UB 533x210x82,UC 305x305x118,82.2,118.0,80.37,145.2,52866.54
3179,2,2,2,4.07,6.91,5.66,24.22,13.5,23.77,8.14,63.45,16.28,3.8974,Fail,380.29,1429.67,UB 457x191x67,UC 305x305x118,67.1,118.0,99.21,113.0,18766.04
3180,3,3,1,3.29,7.07,7.89,21.69,10.63,22.85,9.87,41.9,19.74,2.1225,Fail,324.09,1516.27,UB 457x191x67,UC 305x305x118,67.1,118.0,91.05,94.26,24209.45
3181,2,2,3,3.66,5.46,7.26,14.75,2.33,4.35,7.32,7.22,14.64,0.493,Pass,116.71,622.66,UB 305x165x40,UC 203x203x60,40.5,60.0,76.66,78.94,14101.02
3182,3,1,3,3.62,7.59,5.88,19.78,5.44,19.46,10.86,127.4,21.72,5.8657,Fail,645.09,1169.11,UB 610x229x101,UC 305x305x118,101.2,118.0,81.45,134.61,30180.14
3183,1,1,3,4.3,6.09,5.72,19.58,3.15,3.16,4.3,4.44,8.6,0.5168,Pass,99.79,289.4,UB 356x171x45,UC 203x203x46,45.0,46.1,99.44,90.21,4226.44
3184,2,1,1,3.11,6.51,4.67,26.67,12.47,2.07,6.22,3.65,12.44,0.293,Pass,190.92,617.19,UB 457x191x67,UC 254x254x73,67.1,73.1,86.09,90.41,4819.44
3185,1,3,2,4.18,6.19,7.22,8.67,6.33,15.47,4.18,8.79,8.36,1.0512,Fail,119.33,312.84,UB 305x165x40,UC 203x203x46,40.5,46.1,98.1,87.69,6907.91
3186,3,2,2,3.68,5.06,6.52,14.44,6.84,5.37,11.04,17.52,22.08,0.7933,Pass,125.06,1094.1,UB 305x165x40,UC 254x254x73,40.5,73.1,76.02,97.86,15705.04
3187,3,3,2,3.42,7.7,4.44,7.44,12.04,13.31,10.26,29.22,20.52,1.424,Fail,217.41,1064.21,UB 457x191x67,UC 254x254x89,67.1,89.0,70.9,94.91,32057.95
3188,3,1,1,3.57,5.8,6.04,5.46,6.4,1.45,10.71,7.78,21.42,0.3633,Pass,69.64,314.31,UB 305x165x40,UC 203x203x46,40.5,46.1,63.81,64.1,4852.04
3189,5,3,3,3.81,6.76,4.87,25.94,11.39,12.82,19.05,91.38,38.1,2.3985,Fail,420.35,3080.04,UB 533x210x82,UC 305x305x118,82.2,118.0,74.2,160.5,93325.56
3190,1,3,2,4.29,7.76,5.04,21.77,4.16,23.65,4.29,15.9,8.58,1.8537,Fail,233.23,497.71,UB 457x191x67,UC 254x254x73,67.1,73.1,96.59,83.97,11154.92
3191,3,3,3,3.37,4.97,5.07,6.49,3.27,4.61,10.11,7.72,20.22,0.3819,Pass,61.15,423.7,UB 254x146x31,UC 203x203x46,31.1,46.1,63.68,80.21,18697.92
3192,2,3,1,4.37,4.05,4.01,17.04,12.11,23.0,8.74,46.58,17.48,2.665,Fail,250.5,514.85,UB 406x178x54,UC 305x305x97,54.3,96.9,83.57,86.99,11156.17
3193,4,2,1,4.1,4.04,5.69,21.63,7.66,24.28,16.4,172.17,32.8,5.2491,Fail,792.57,1189.4,UB 610x229x101,UC 305x305x118,101.2,118.0,100.07,198.04,25062.7
3194,2,2,2,3.22,6.41,4.01,15.53,8.28,20.96,6.44,23.65,12.88,1.8364,Fail,206.52,741.1,UB 406x178x54,UC 254x254x89,54.3,89.0,78.6,90.12,11948.11
3195,4,1,1,3.75,4.17,6.18,26.14,7.13,1.23,15.0,11.11,30.0,0.3702,Pass,126.23,981.73,UB 305x165x40,UC 254x254x73,40.5,73.1,73.44,87.03,7739.4
3196,3,1,3,3.58,6.3,4.18,27.15,10.73,9.68,10.74,54.81,21.48,2.5519,Fail,377.7,1261.41,UB 457x191x67,UC 305x305x118,67.1,118.0,94.72,89.88,20259.92
3197,3,3,2,4.19,5.03,5.72,12.46,9.65,2.08,12.57,7.63,25.14,0.3036,Pass,100.78,1063.77,UB 305x165x40,UC 254x254x73,40.5,73.1,77.59,76.94,22086.55
3198,1,2,3,4.36,7.01,6.44,5.51,12.2,6.25,4.36,6.0,8.72,0.6884,Pass,139.41,375.77,UB 406x178x54,UC 203x203x46,54.3,46.1,76.46,97.23,8604.32
3199,5,1,3,4.08,7.0,6.58,10.74,3.7,20.36,20.4,472.56,40.8,11.5824,Fail,1495.21,1657.06,UB 610x229x101,UC 305x305x118,101.2,118.0,188.79,272.1,53402.48
3200,1,3,3,3.68,4.21,6.21,23.43,6.86,14.35,3.68,4.59,7.36,0.624,Pass,157.67,461.5,UB 305x165x40,UC 203x203x46,40.5,46.1,91.74,86.41,7778.49
3201,2,2,3,3.21,5.57,7.82,16.56,4.28,24.02,6.42,25.1,12.84,1.9549,Fail,200.87,801.15,UB 356x171x45,UC 305x305x97,45.0,96.9,94.25,81.0,17809.78
3202,2,1,3,3.37,7.61,6.91,24.52,6.43,4.3,6.74,10.68,13.48,0.7921,Pass,223.17,949.83,UB 533x210x82,UC 254x254x89,82.2,89.0,67.3,93.65,16619.24
3203,1,1,1,3.17,6.29,7.72,5.63,11.2,11.39,3.17,5.42,6.34,0.8553,Pass,103.57,179.11,UB 356x171x45,UC 203x203x46,45.0,46.1,81.13,80.13,1845.45
3204,3,3,1,3.21,7.37,6.41,9.97,14.92,13.63,9.63,23.56,19.26,1.2235,Fail,232.24,1153.41,UB 457x191x67,UC 254x254x89,67.1,89.0,79.43,92.45,20919.38
3205,5,2,1,4.02,6.49,4.33,15.21,7.83,22.13,20.1,265.8,40.2,6.612,Fail,895.57,1413.57,UB 610x229x101,UC 305x305x118,101.2,118.0,113.08,227.03,33939.5
3206,3,1,2,3.47,7.67,5.51,10.44,10.97,8.63,10.41,49.33,20.82,2.3694,Fail,313.35,948.97,UB 457x191x67,UC 305x305x97,67.1,96.9,78.58,88.61,15120.94
3207,1,1,3,3.12,4.19,7.23,7.21,13.84,6.11,3.12,2.35,6.24,0.376,Pass,154.34,303.03,UB 305x165x40,UC 203x203x46,40.5,46.1,89.8,73.8,3586.33
3208,1,3,2,3.55,7.81,6.33,17.05,9.52,23.29,3.55,8.01,7.1,1.1284,Fail,234.55,573.55,UB 533x210x82,UC 254x254x73,82.2,73.1,62.45,84.28,13054.51
3209,3,3,2,3.15,7.72,4.33,17.15,2.35,0.82,9.45,1.57,18.9,0.083,Pass,144.47,998.74,UB 457x191x67,UC 254x254x73,67.1,73.1,71.52,85.1,29248.9
3210,4,3,2,4.36,7.57,5.21,8.24,13.83,17.47,17.44,143.39,34.88,4.111,Fail,495.57,1697.37,UB 533x210x82,UC 305x305x118,82.2,118.0,87.48,148.56,60800.57
3211,1,2,1,4.44,5.01,7.24,24.02,10.21,14.76,4.44,13.7,8.88,1.5423,Fail,198.15,437.64,UB 356x171x45,UC 254x254x73,45.0,73.1,92.97,67.59,3826.58
3212,2,1,2,3.58,5.04,7.02,16.34,12.83,11.44,7.16,28.21,14.32,1.9699,Fail,228.31,890.43,UB 406x178x54,UC 254x254x89,54.3,89.0,76.17,94.59,8514.96
3213,4,1,1,3.58,4.9,5.3,28.85,12.96,23.28,14.32,191.81,28.64,6.6974,Fail,1049.09,1629.52,UB 610x229x101,UC 305x305x118,101.2,118.0,132.46,202.43,15016.96
3214,4,3,3,4.0,4.93,4.32,24.06,11.88,1.12,16.0,5.63,32.0,0.1759,Pass,117.59,1892.12,UB 356x171x45,UC 305x305x97,45.0,96.9,83.42,88.59,44786.4
3215,2,1,2,3.87,5.68,7.31,23.13,6.33,18.87,7.74,64.62,15.48,4.1741,Fail,402.09,968.78,UB 533x210x82,UC 305x305x118,82.2,118.0,70.98,96.68,13088.35
3216,4,2,2,3.17,4.0,6.17,27.42,13.16,14.67,12.68,41.55,25.36,1.6384,Fail,312.16,2384.1,UB 457x191x67,UC 305x305x118,67.1,118.0,78.29,125.88,29843.93
3217,4,3,1,4.27,6.17,7.96,14.68,13.13,21.13,17.08,145.69,34.16,4.2649,Fail,557.87,1636.17,UB 533x210x82,UC 305x305x118,82.2,118.0,98.48,160.62,38764.69
3218,2,2,1,3.68,7.12,6.33,28.48,12.63,17.95,7.36,34.13,14.72,2.3183,Fail,338.6,1222.01,UB 533x210x82,UC 305x305x97,82.2,96.9,73.22,96.72,12083.17
3219,3,2,2,4.25,4.42,4.2,28.83,9.49,9.81,12.75,50.54,25.5,1.9818,Fail,272.06,1445.37,UB 406x178x54,UC 305x305x118,54.3,118.0,90.76,95.96,21965.69
3220,4,2,2,4.01,5.4,5.37,8.75,9.35,11.4,16.04,84.3,32.08,2.6278,Fail,364.5,1158.02,UB 457x191x67,UC 305x305x118,67.1,118.0,91.41,108.63,34378.49
3221,2,2,3,3.86,5.18,5.35,28.58,10.84,18.96,7.72,37.16,15.44,2.4068,Fail,256.9,1211.58,UB 406x178x54,UC 305x305x118,54.3,118.0,85.71,85.82,20660.99
3222,5,1,3,3.76,7.83,5.52,26.46,11.64,0.29,18.8,5.63,37.6,0.1496,Pass,259.83,2546.09,UB 533x210x82,UC 305x305x118,82.2,118.0,90.25,117.82,44232.04
3223,4,2,3,3.89,6.39,7.69,28.85,11.33,10.19,15.56,73.73,31.12,2.3692,Fail,383.64,3242.66,UB 457x191x67,UC 305x305x118,67.1,118.0,96.21,160.05,54329.53
3224,2,3,1,4.4,7.13,5.91,20.62,13.21,22.08,8.8,56.12,17.6,3.1887,Fail,326.19,982.45,UB 457x191x67,UC 305x305x118,67.1,118.0,97.75,85.1,17220.76
3225,4,2,3,3.56,4.16,6.62,19.24,13.61,10.16,14.24,44.08,28.48,1.5476,Fail,274.42,2033.7,UB 406x178x54,UC 305x305x118,54.3,118.0,91.55,110.69,40333.03
3226,4,1,2,3.7,4.73,6.98,23.97,7.77,16.75,14.8,152.1,29.6,5.1384,Fail,805.67,2071.31,UB 610x229x101,UC 305x305x118,101.2,118.0,101.73,180.05,27524.53
3227,1,1,2,4.14,7.95,4.49,18.85,7.45,4.69,4.14,6.41,8.28,0.7747,Pass,162.29,342.53,UB 533x210x82,UC 254x254x73,82.2,73.1,65.2,78.54,5252.59
3228,1,2,3,4.45,6.61,4.67,10.04,5.01,17.11,4.45,17.31,8.9,1.9451,Fail,125.2,256.73,UB 356x171x45,UC 203x203x60,45.0,60.0,84.19,87.99,7474.95
3229,2,1,1,3.32,6.36,4.92,12.0,2.29,10.03,6.64,21.26,13.28,1.601,Fail,169.48,252.77,UB 356x171x45,UC 203x203x60,45.0,60.0,79.52,98.41,3624.0
3230,1,2,3,4.48,5.03,4.91,27.93,7.18,8.59,4.48,8.26,8.96,0.9217,Pass,142.72,527.03,UB 356x171x45,UC 203x203x60,45.0,60.0,86.55,89.82,7024.95
3231,2,1,2,3.66,7.52,5.29,8.51,5.97,3.41,7.32,11.1,14.64,0.7582,Pass,119.15,401.84,UB 406x178x54,UC 203x203x60,54.3,60.0,77.18,79.63,7383.19
3232,3,1,2,4.07,4.19,7.14,26.54,5.44,13.28,12.21,96.53,24.42,3.9528,Fail,538.22,1504.73,UB 533x210x82,UC 305x305x118,82.2,118.0,95.01,129.0,18787.34
3233,5,2,2,3.8,7.12,5.36,7.67,14.5,15.79,19.0,164.55,38.0,4.3303,Fail,598.81,2061.99,UB 610x229x101,UC 305x305x118,101.2,118.0,75.61,179.29,58067.28
3234,5,1,2,3.25,5.4,5.24,8.58,12.43,8.1,16.25,75.44,32.5,2.3211,Fail,411.47,1407.66,UB 533x210x82,UC 305x305x118,82.2,118.0,72.63,97.94,26777.76
3235,4,2,2,4.46,5.46,7.2,16.99,13.18,23.78,17.84,256.93,35.68,7.201,Fail,917.81,2266.78,UB 610x229x101,UC 305x305x118,101.2,118.0,115.88,261.37,49694.69
3236,5,3,3,4.44,6.18,4.11,9.51,4.97,14.75,22.2,170.58,44.4,3.842,Fail,523.99,1072.9,UB 533x210x82,UC 305x305x118,82.2,118.0,92.5,139.6,92663.88
3237,2,1,1,3.37,4.3,5.92,27.55,3.21,24.22,6.74,45.0,13.48,3.3384,Fail,369.11,544.46,UB 457x191x67,UC 305x305x97,67.1,96.9,92.57,98.16,5355.47
3238,3,3,2,4.45,7.69,7.81,24.39,10.6,13.5,13.35,73.77,26.7,2.7628,Fail,384.78,2390.67,UB 533x210x82,UC 305x305x118,82.2,118.0,78.51,132.45,51378.35
3239,4,3,3,4.17,4.64,7.54,17.43,12.74,17.49,16.68,97.94,33.36,2.936,Fail,441.97,2140.33,UB 533x210x82,UC 305x305x118,82.2,118.0,78.02,152.27,79549.25
3240,3,1,2,3.85,7.19,4.69,25.44,8.16,16.66,11.55,130.22,23.1,5.6373,Fail,655.8,1346.62,UB 610x229x101,UC 305x305x118,101.2,118.0,82.8,139.32,20421.59
3241,4,2,2,3.17,4.03,4.78,9.57,9.24,0.17,12.68,0.51,25.36,0.0199,Pass,56.72,968.03,UB 254x146x31,UC 203x203x60,31.1,60.0,65.43,80.68,13422.98
3242,1,1,2,3.12,4.17,6.11,12.81,10.9,3.75,3.12,1.44,6.24,0.231,Pass,133.87,308.81,UB 305x165x40,UC 203x203x46,40.5,46.1,77.89,59.15,2359.47
3243,1,1,3,3.24,6.81,7.01,7.06,13.54,9.02,3.24,4.82,6.48,0.7439,Pass,142.25,329.02,UB 406x178x54,UC 203x203x60,54.3,60.0,81.54,82.93,5318.19
3244,3,2,1,3.6,6.12,6.48,21.46,11.05,1.39,10.8,4.69,21.6,0.2169,Pass,164.4,1313.18,UB 406x178x54,UC 254x254x89,54.3,89.0,93.4,87.07,12921.77
3245,3,2,2,3.2,5.87,6.6,5.45,3.27,4.28,9.6,9.19,19.2,0.4787,Pass,72.25,483.48,UB 254x146x31,UC 203x203x46,31.1,46.1,93.74,91.64,10963.75
3246,5,2,2,3.41,7.3,4.92,23.03,2.72,13.36,17.05,97.87,34.1,2.87,Fail,444.54,2203.39,UB 533x210x82,UC 305x305x118,82.2,118.0,78.47,143.72,48241.62
3247,3,2,3,3.81,7.76,4.75,5.33,14.58,12.69,11.43,57.69,22.86,2.5236,Fail,299.54,1132.33,UB 457x191x67,UC 305x305x118,67.1,118.0,75.12,87.04,37287.16
3248,4,1,1,4.03,4.86,6.14,21.11,7.54,19.89,16.12,245.86,32.24,7.6259,Fail,1116.54,1436.2,UB 610x229x101,UC 305x305x118,101.2,118.0,140.98,209.6,16514.24
3249,3,2,2,4.47,4.61,4.54,17.14,5.48,16.59,13.41,104.06,26.82,3.8799,Fail,449.76,906.38,UB 533x210x82,UC 305x305x118,82.2,118.0,79.39,123.48,27779.76
3250,3,3,3,3.15,6.54,4.03,14.12,11.39,14.14,9.45,21.44,18.9,1.1346,Fail,200.27,1175.12,UB 406x178x54,UC 254x254x89,54.3,89.0,89.44,92.73,34119.04
3251,4,3,2,4.0,4.11,4.52,6.84,3.7,2.98,16.0,13.73,32.0,0.429,Pass,75.23,526.85,UB 254x146x31,UC 203x203x60,31.1,60.0,69.08,81.16,20619.86
3252,5,1,3,4.09,5.41,4.95,22.63,14.6,11.25,20.45,229.53,40.9,5.6119,Fail,897.45,2423.13,UB 610x229x101,UC 305x305x118,101.2,118.0,113.31,201.06,45282.84
3253,1,2,3,3.97,4.79,5.91,13.51,4.1,22.74,3.97,13.74,7.94,1.7301,Fail,106.15,278.46,UB 305x165x40,UC 203x203x60,40.5,60.0,61.76,90.49,6564.56
3254,3,3,3,4.36,7.66,7.24,6.93,12.95,20.05,13.08,101.58,26.16,3.8831,Fail,397.37,1330.02,UB 457x191x67,UC 305x305x118,67.1,118.0,99.65,120.46,60687.48
3255,4,1,2,3.9,7.89,7.62,16.67,12.8,11.49,15.6,165.41,31.2,5.3016,Fail,689.42,2170.04,UB 610x229x101,UC 305x305x118,101.2,118.0,87.05,162.96,32964.72
3256,1,2,1,3.45,7.24,7.31,19.57,4.06,3.26,3.45,1.41,6.9,0.205,Pass,172.53,376.4,UB 457x191x67,UC 203x203x60,67.1,60.0,71.49,77.54,4656.72
3257,5,1,3,4.39,4.95,4.28,12.51,9.48,24.42,21.95,611.63,43.9,13.9324,Fail,2110.68,2547.03,UB 610x229x101,UC 305x305x118,101.2,118.0,266.5,386.1,43733.68
3258,4,3,2,3.35,7.7,5.74,24.74,8.24,22.05,13.4,74.04,26.8,2.7628,Fail,438.48,2547.8,UB 533x210x82,UC 305x305x118,82.2,118.0,77.4,143.86,56858.74
3259,3,2,1,3.95,4.79,7.53,26.5,10.09,11.56,11.85,47.31,23.7,1.9961,Fail,278.1,1332.0,UB 406x178x54,UC 305x305x118,54.3,118.0,92.78,92.1,15190.88
3260,4,1,3,4.46,5.51,5.91,13.44,7.28,17.78,17.84,331.03,35.68,9.2778,Fail,1212.11,1516.59,UB 610x229x101,UC 305x305x118,101.2,118.0,153.04,229.66,40116.96
3261,3,1,3,4.3,6.59,7.34,20.33,9.43,19.07,12.9,207.34,25.8,8.0366,Fail,864.09,1576.18,UB 610x229x101,UC 305x305x118,101.2,118.0,109.1,184.51,33551.04
3262,2,2,3,3.97,6.56,4.5,16.77,13.23,24.03,7.94,57.37,15.88,3.6125,Fail,330.35,986.14,UB 457x191x67,UC 305x305x118,67.1,118.0,82.85,96.3,23720.96
3263,1,3,1,3.85,4.04,4.26,22.48,8.28,11.95,3.85,4.48,7.7,0.5822,Pass,78.35,272.37,UB 305x165x40,UC 203x203x46,40.5,46.1,55.93,65.72,3091.72
3264,2,2,1,3.61,6.78,7.88,25.83,3.64,6.54,7.22,11.42,14.44,0.7911,Pass,193.04,893.18,UB 457x191x67,UC 254x254x89,67.1,89.0,73.22,82.8,10667.47
3265,2,1,1,3.62,6.4,4.21,24.01,11.33,6.71,7.24,19.32,14.48,1.3345,Fail,212.99,548.95,UB 457x191x67,UC 254x254x73,67.1,73.1,73.85,85.6,4964.7
3266,1,1,3,3.5,5.87,4.43,22.77,11.78,4.61,3.5,3.06,7.0,0.4366,Pass,112.94,375.34,UB 406x178x54,UC 203x203x60,54.3,60.0,87.59,89.0,4398.26
3267,2,2,2,4.37,5.03,7.84,13.21,9.43,19.7,8.74,59.75,17.48,3.418,Fail,290.23,885.24,UB 406x178x54,UC 305x305x118,54.3,118.0,96.82,93.67,17667.97
3268,1,3,1,3.78,4.5,6.44,10.57,14.73,15.27,3.78,5.49,7.56,0.7257,Pass,118.07,288.36,UB 305x165x40,UC 203x203x46,40.5,46.1,68.7,79.79,3530.84
3269,3,2,2,3.25,6.3,6.55,25.85,14.52,16.18,9.75,38.07,19.5,1.9525,Fail,320.54,2303.37,UB 457x191x67,UC 305x305x118,67.1,118.0,80.47,114.59,25874.73
3270,3,3,2,4.03,7.65,5.93,16.92,14.15,24.57,12.09,94.6,24.18,3.9122,Fail,457.59,1885.55,UB 533x210x82,UC 305x305x118,82.2,118.0,80.78,139.97,45796.55
3271,2,3,1,4.18,4.66,7.08,9.09,5.92,18.21,8.36,32.74,16.72,1.9579,Fail,175.61,356.51,UB 356x171x45,UC 254x254x73,45.0,73.1,82.4,97.87,9954.13
3272,2,2,2,3.02,6.88,4.57,19.07,9.47,17.58,6.04,16.49,12.08,1.3651,Fail,218.91,973.14,UB 457x191x67,UC 254x254x89,67.1,89.0,74.09,82.56,14057.58
3273,1,2,2,4.26,5.63,7.46,21.12,5.91,11.29,4.26,9.28,8.52,1.0894,Fail,224.42,553.31,UB 406x178x54,UC 203x203x60,54.3,60.0,74.87,94.39,6565.12
3274,4,1,3,4.06,5.27,6.63,6.31,13.97,4.4,16.24,57.96,32.48,1.7844,Fail,279.48,1215.03,UB 406x178x54,UC 305x305x97,54.3,96.9,93.24,94.23,25808.04
3275,2,1,2,3.93,6.39,6.9,23.75,11.55,11.07,7.86,42.34,15.72,2.6936,Fail,307.32,1107.58,UB 457x191x67,UC 305x305x97,67.1,96.9,77.07,95.84,10846.34
3276,3,2,3,3.34,4.79,7.82,22.1,7.2,0.48,10.02,1.13,20.04,0.0565,Pass,232.49,1586.52,UB 406x178x54,UC 305x305x97,54.3,96.9,77.56,84.75,29358.49
3277,3,1,3,4.17,6.36,4.73,29.78,6.51,12.83,12.51,123.19,25.02,4.9235,Fail,593.44,1353.6,UB 610x229x101,UC 305x305x118,101.2,118.0,74.93,130.71,28149.19
3278,5,3,1,3.5,4.79,7.31,25.65,3.28,5.53,17.5,24.74,35.0,0.7068,Pass,159.67,1673.14,UB 305x165x40,UC 305x305x97,40.5,96.9,92.9,89.82,25306.95
3279,1,2,1,3.42,4.99,7.59,21.98,2.66,24.64,3.42,8.69,6.84,1.271,Fail,141.56,310.46,UB 305x165x40,UC 203x203x60,40.5,60.0,84.42,77.38,2961.77
3280,4,2,1,4.27,4.61,7.03,28.34,2.28,14.25,17.08,122.88,34.16,3.5973,Fail,521.55,1359.89,UB 533x210x82,UC 305x305x118,82.2,118.0,92.07,145.92,25090.1
3281,3,1,3,4.23,4.63,4.97,13.67,6.21,1.82,12.69,15.8,25.38,0.6224,Pass,102.98,650.67,UB 305x165x40,UC 203x203x60,40.5,60.0,59.92,95.16,11964.51
3282,1,1,1,4.23,5.31,7.28,17.19,3.17,23.68,4.23,29.84,8.46,3.5268,Fail,204.01,211.92,UB 356x171x45,UC 254x254x73,45.0,73.1,95.72,86.74,2369.95
3283,3,3,2,3.08,6.35,7.87,20.85,11.08,6.83,9.24,9.56,18.48,0.5174,Pass,271.37,1993.79,UB 457x191x67,UC 305x305x118,67.1,118.0,68.05,82.24,37261.98
3284,2,3,3,4.01,7.79,5.57,6.78,9.72,3.91,8.02,7.54,16.04,0.4701,Pass,142.68,655.28,UB 406x178x54,UC 254x254x73,54.3,73.1,97.76,69.3,26790.94
3285,3,1,1,3.48,6.04,7.25,28.53,12.02,1.88,10.44,9.5,20.88,0.4549,Pass,223.64,1142.5,UB 457x191x67,UC 254x254x89,67.1,89.0,71.23,98.91,9067.19
3286,1,1,3,4.46,5.38,4.09,22.89,4.9,17.21,4.46,26.45,8.92,2.9651,Fail,183.23,299.37,UB 356x171x45,UC 254x254x73,45.0,73.1,85.97,84.71,4680.91
3287,5,2,1,3.92,7.5,4.44,22.3,13.16,7.85,19.6,93.84,39.2,2.3939,Fail,424.17,2466.21,UB 533x210x82,UC 305x305x118,82.2,118.0,74.88,137.15,31681.32
3288,4,1,2,3.65,4.92,7.84,20.8,3.71,6.94,14.6,61.26,29.2,2.0978,Fail,345.4,1585.99,UB 457x191x67,UC 305x305x118,67.1,118.0,86.62,96.13,22715.41
3289,2,1,2,3.18,5.64,7.38,6.86,10.7,13.41,6.36,23.02,12.72,1.8094,Fail,198.57,589.05,UB 356x171x45,UC 254x254x73,45.0,73.1,93.17,93.35,6969.1
3290,3,3,2,3.36,4.53,7.5,5.02,7.67,1.83,10.08,2.93,20.16,0.1454,Pass,101.29,692.71,UB 254x146x31,UC 203x203x46,31.1,46.1,93.02,99.3,14978.1
3291,1,2,1,3.08,6.43,6.64,17.52,6.66,16.3,3.08,4.34,6.16,0.7042,Pass,152.53,347.23,UB 406x178x54,UC 203x203x46,54.3,46.1,80.57,97.25,3330.18
3292,5,2,2,4.32,5.22,6.74,22.32,7.49,22.82,21.6,316.86,43.2,7.3348,Fail,1076.06,2548.42,UB 610x229x101,UC 305x305x118,101.2,118.0,135.87,298.08,59249.76
3293,5,1,3,4.15,4.15,4.18,27.91,11.95,10.44,20.75,201.57,41.5,4.8571,Fail,845.95,2238.25,UB 610x229x101,UC 305x305x118,101.2,118.0,106.81,188.32,40678.08
3294,1,1,3,3.32,4.6,7.32,18.11,9.24,13.45,3.32,6.68,6.64,1.0057,Fail,199.05,398.97,UB 356x171x45,UC 203x203x60,45.0,60.0,93.4,78.66,4398.0
3295,2,1,2,4.2,7.58,6.63,14.65,5.16,13.08,8.4,68.64,16.8,4.0856,Fail,350.53,663.37,UB 457x191x67,UC 305x305x97,67.1,96.9,87.91,95.15,11494.45
3296,4,3,2,4.06,6.94,4.35,25.43,6.59,10.51,16.24,64.52,32.48,1.9865,Fail,326.94,2057.93,UB 457x191x67,UC 305x305x118,67.1,118.0,85.32,113.01,49100.42
3297,5,1,2,3.94,6.64,5.53,29.83,11.86,13.41,19.7,268.43,39.4,6.8129,Fail,1023.62,2992.07,UB 610x229x101,UC 305x305x118,101.2,118.0,129.24,233.88,35219.84
3298,2,2,2,3.26,4.14,5.92,8.9,8.35,20.6,6.52,20.15,13.04,1.5451,Fail,164.99,527.26,UB 305x165x40,UC 254x254x89,40.5,89.0,95.99,81.85,10111.68
3299,5,1,3,4.0,7.46,5.79,20.81,7.96,8.79,20.0,198.38,40.0,4.9594,Fail,713.85,2144.4,UB 610x229x101,UC 305x305x118,101.2,118.0,90.13,164.09,51557.48
3300,3,1,2,3.77,6.91,6.85,5.72,8.94,1.24,11.31,8.85,22.62,0.3912,Pass,98.3,696.41,UB 356x171x45,UC 203x203x60,45.0,60.0,93.69,91.21,10569.15
3301,4,3,2,4.43,6.08,6.39,20.72,9.41,2.58,17.72,20.21,35.44,0.5703,Pass,170.7,2190.85,UB 406x178x54,UC 305x305x118,54.3,118.0,84.87,88.45,48079.97
3302,3,2,2,3.91,4.82,5.85,6.99,7.04,6.59,11.73,26.07,23.46,1.1112,Fail,145.95,677.54,UB 305x165x40,UC 254x254x73,40.5,73.1,84.92,93.16,15495.6
3303,1,2,2,3.79,6.89,5.8,6.71,9.3,19.07,3.79,10.9,7.58,1.4383,Fail,135.43,326.44,UB 406x178x54,UC 203x203x60,54.3,60.0,65.63,81.39,6181.0
3304,1,1,2,3.46,5.72,5.4,20.19,6.75,10.05,3.46,6.29,6.92,0.9087,Pass,118.09,349.3,UB 356x171x45,UC 203x203x60,45.0,60.0,97.66,80.64,2989.8
3305,3,1,1,3.76,7.66,6.62,10.24,14.12,0.41,11.28,3.15,22.56,0.1396,Pass,166.55,752.85,UB 457x191x67,UC 254x254x73,67.1,73.1,87.28,91.3,9047.4
3306,1,1,2,3.79,7.85,5.71,23.96,4.78,19.26,3.79,19.05,7.58,2.5132,Fail,222.4,431.84,UB 533x210x82,UC 254x254x89,82.2,89.0,68.6,84.39,5837.12
3307,4,2,1,3.03,4.8,5.51,22.19,8.25,14.8,12.12,38.92,24.24,1.6058,Fail,287.75,1289.31,UB 406x178x54,UC 305x305x118,54.3,118.0,96.0,90.24,16341.52
3308,2,2,1,3.56,6.19,6.69,5.32,3.35,6.57,7.12,10.39,14.24,0.7296,Pass,75.82,240.39,UB 305x165x40,UC 203x203x46,40.5,46.1,56.7,79.8,5600.62
3309,1,1,2,4.43,5.16,5.28,21.45,14.96,7.39,4.43,10.95,8.86,1.2353,Fail,158.15,462.13,UB 356x171x45,UC 254x254x73,45.0,73.1,96.89,67.89,3590.0
3310,1,3,3,4.08,6.66,6.34,18.76,4.71,21.17,4.08,11.27,8.16,1.3812,Fail,160.59,443.5,UB 406x178x54,UC 203x203x60,54.3,60.0,86.9,96.71,12387.6
3311,4,3,2,3.36,6.04,4.54,14.44,7.09,0.33,13.44,1.09,26.88,0.0404,Pass,98.72,1310.61,UB 356x171x45,UC 254x254x73,45.0,73.1,91.89,90.36,28111.97
3312,3,1,3,3.33,6.69,4.11,19.51,5.78,7.82,9.99,35.83,19.98,1.7935,Fail,267.97,849.16,UB 406x178x54,UC 254x254x89,54.3,89.0,94.91,94.1,15489.2
3313,5,2,3,4.41,7.94,5.97,29.34,5.61,10.94,22.05,201.72,44.1,4.5742,Fail,637.66,3425.76,UB 610x229x101,UC 305x305x118,101.2,118.0,80.51,219.65,90551.3
3314,5,3,3,3.62,7.96,5.65,14.69,8.66,12.41,18.1,81.47,36.2,2.2505,Fail,363.8,2275.57,UB 457x191x67,UC 305x305x118,67.1,118.0,93.88,126.61,88966.66
3315,2,2,1,3.78,7.19,4.63,13.42,7.88,8.18,7.56,17.18,15.12,1.136,Fail,176.23,591.27,UB 406x178x54,UC 254x254x73,54.3,73.1,99.23,71.48,7947.61
3316,4,1,1,3.25,5.0,4.52,27.42,5.73,9.31,13.0,55.63,26.0,2.1396,Fail,378.78,1010.06,UB 457x191x67,UC 305x305x118,67.1,118.0,94.99,82.09,11246.34
3317,4,2,1,3.28,4.32,5.48,19.1,2.57,6.56,13.12,21.67,26.24,0.8257,Pass,154.81,838.77,UB 305x165x40,UC 254x254x73,40.5,73.1,90.07,96.74,11217.07
3318,5,3,1,4.16,6.03,7.63,13.42,7.37,10.78,20.8,98.16,41.6,2.3595,Fail,362.19,1455.13,UB 457x191x67,UC 305x305x118,67.1,118.0,90.83,112.98,42013.05
3319,5,1,1,3.33,4.51,6.11,12.35,5.58,15.87,16.65,147.05,33.3,4.4158,Fail,791.6,1215.08,UB 610x229x101,UC 305x305x118,101.2,118.0,99.95,149.36,18606.24
3320,1,3,3,3.57,4.77,4.33,8.51,7.08,8.07,3.57,2.39,7.14,0.3345,Pass,54.88,212.64,UB 254x146x31,UC 152x152x30,31.1,30.0,89.92,90.98,5109.72
3321,5,2,2,3.45,4.06,4.64,29.43,11.02,3.73,17.25,21.16,34.5,0.6132,Pass,154.06,2447.89,UB 305x165x40,UC 305x305x118,40.5,118.0,89.63,93.52,28890.0
3322,5,3,2,3.29,4.28,7.47,10.87,3.0,9.17,16.45,31.31,32.9,0.9518,Pass,185.21,1165.46,UB 356x171x45,UC 305x305x97,45.0,96.9,86.9,84.76,41241.06
3323,2,1,1,4.37,4.13,4.61,21.98,10.21,20.3,8.74,94.24,17.48,5.3912,Fail,515.03,567.4,UB 533x210x82,UC 305x305x118,82.2,118.0,90.91,107.54,6998.99
3324,3,1,3,4.14,6.68,5.64,14.58,2.32,11.36,12.42,109.2,24.84,4.3962,Fail,477.49,756.45,UB 533x210x82,UC 305x305x118,82.2,118.0,84.29,98.03,26658.58
3325,1,3,3,4.25,4.5,4.41,19.5,12.39,3.13,4.25,1.76,8.5,0.2066,Pass,90.89,425.13,UB 305x165x40,UC 203x203x46,40.5,46.1,80.13,77.79,7465.06
3326,3,2,3,4.01,4.57,5.22,17.16,9.28,16.73,12.03,70.84,24.06,2.9445,Fail,371.7,1124.88,UB 457x191x67,UC 305x305x118,67.1,118.0,93.22,111.16,33851.08
3327,2,2,1,4.45,4.88,4.31,7.33,11.82,12.89,8.9,41.32,17.8,2.3214,Fail,202.81,403.03,UB 356x171x45,UC 254x254x89,45.0,89.0,95.16,89.79,7673.1
3328,1,3,3,3.16,4.04,7.93,28.04,11.07,5.79,3.16,1.06,6.32,0.1682,Pass,330.88,686.12,UB 457x191x67,UC 254x254x73,67.1,73.1,82.98,86.66,13334.18
3329,3,3,1,3.67,6.35,4.01,12.8,2.5,9.03,11.01,22.88,22.02,1.039,Fail,144.87,537.66,UB 356x171x45,UC 254x254x73,45.0,73.1,75.88,77.15,13747.55
3330,1,3,3,3.41,4.19,8.0,14.66,3.3,16.51,3.41,3.97,6.82,0.5823,Pass,153.31,317.01,UB 305x165x40,UC 203x203x46,40.5,46.1,89.2,76.56,8439.56
3331,5,2,3,3.32,4.09,4.42,25.23,6.6,22.76,16.6,112.86,33.2,3.3995,Fail,638.21,1855.23,UB 610x229x101,UC 305x305x118,101.2,118.0,80.58,180.98,60190.6
3332,3,2,2,3.19,7.06,5.83,21.53,8.14,6.72,9.57,15.87,19.14,0.8293,Pass,225.33,1680.14,UB 457x191x67,UC 305x305x97,67.1,96.9,83.23,88.75,23914.54
3333,1,2,3,3.4,4.89,7.43,28.43,5.45,15.46,3.4,5.32,6.8,0.7822,Pass,249.3,616.59,UB 406x178x54,UC 203x203x60,54.3,60.0,83.17,99.4,8203.26
3334,5,3,3,3.67,6.42,4.92,20.21,11.2,9.83,18.35,59.93,36.7,1.6331,Fail,306.32,2538.83,UB 457x191x67,UC 305x305x118,67.1,118.0,76.82,123.52,80299.64
3335,5,2,1,3.28,6.52,7.85,6.77,12.83,0.42,16.4,2.61,32.8,0.0796,Pass,132.29,1498.08,UB 406x178x54,UC 254x254x89,54.3,89.0,68.09,91.96,22232.14
3336,2,2,2,3.53,7.76,6.81,18.91,6.52,23.14,7.06,39.53,14.12,2.7996,Fail,293.4,1095.89,UB 457x191x67,UC 305x305x118,67.1,118.0,94.73,82.4,19229.48
3337,4,1,1,4.03,4.14,4.11,18.35,7.28,8.31,16.12,96.2,32.24,2.9839,Fail,482.55,823.64,UB 533x210x82,UC 305x305x118,82.2,118.0,85.18,95.15,13033.84
3338,4,1,1,3.48,5.58,5.55,12.22,2.8,11.02,13.92,88.09,27.84,3.1641,Fail,464.61,632.92,UB 533x210x82,UC 305x305x118,82.2,118.0,82.01,87.66,13889.33
3339,5,2,2,3.9,7.51,5.51,20.89,9.59,12.97,19.5,152.32,39.0,3.9057,Fail,567.9,2859.98,UB 610x229x101,UC 305x305x118,101.2,118.0,71.7,188.41,60237.72
3340,3,3,2,3.78,5.87,7.59,11.16,12.51,0.63,11.34,1.79,22.68,0.0791,Pass,193.36,1434.61,UB 356x171x45,UC 254x254x89,45.0,89.0,92.73,89.32,27440.37
3341,1,2,2,3.01,4.29,5.95,28.89,13.2,16.35,3.01,3.46,6.02,0.5753,Pass,221.62,677.54,UB 406x178x54,UC 203x203x60,54.3,60.0,73.93,84.7,4961.59
3342,3,3,2,3.89,7.24,7.26,28.36,7.77,2.58,11.67,8.78,23.34,0.3762,Pass,261.61,2277.18,UB 533x210x82,UC 305x305x118,82.2,118.0,67.66,98.69,46915.7
3343,1,2,1,3.86,7.04,7.33,29.82,5.61,0.59,3.86,0.44,7.72,0.057,Pass,242.82,556.46,UB 457x191x67,UC 254x254x73,67.1,73.1,98.55,76.54,5058.06
3344,1,2,2,3.44,7.78,7.24,13.35,9.69,11.19,3.44,4.8,6.88,0.697,Pass,206.81,543.84,UB 457x191x67,UC 254x254x73,67.1,73.1,86.49,71.95,8310.23
3345,2,1,1,4.0,6.08,6.65,23.26,14.8,23.14,8.0,91.87,16.0,5.7418,Fail,538.34,791.95,UB 533x210x82,UC 305x305x118,82.2,118.0,95.03,113.26,7961.62
3346,3,1,1,3.85,4.44,7.1,5.66,4.74,5.85,11.55,35.79,23.1,1.5494,Fail,209.5,334.43,UB 356x171x45,UC 254x254x73,45.0,73.1,98.3,81.9,6493.02
3347,2,1,1,3.47,6.78,6.34,9.5,10.14,24.5,6.94,62.53,13.88,4.5054,Fail,403.74,446.14,UB 533x210x82,UC 305x305x118,82.2,118.0,71.27,83.01,7589.54
3348,2,3,2,4.08,7.83,6.45,21.19,7.93,2.59,8.16,5.48,16.32,0.3361,Pass,230.84,1222.92,UB 533x210x82,UC 305x305x97,82.2,96.9,68.98,81.31,29556.76
3349,4,1,3,4.3,7.05,6.78,8.87,8.59,17.94,17.2,335.45,34.4,9.7513,Fail,1131.49,1384.47,UB 610x229x101,UC 305x305x118,101.2,118.0,142.87,214.8,44119.42
3350,2,1,3,4.22,7.29,7.38,14.4,6.28,16.53,8.44,86.45,16.88,5.1212,Fail,421.89,726.36,UB 533x210x82,UC 305x305x118,82.2,118.0,74.47,93.52,20040.9
3351,5,1,2,3.99,5.55,5.81,7.31,11.12,24.78,19.95,470.18,39.9,11.7839,Fail,1751.87,2173.72,UB 610x229x101,UC 305x305x118,101.2,118.0,221.2,322.36,34308.94
3352,2,2,3,3.3,4.5,7.06,27.94,7.08,23.43,6.6,24.74,13.2,1.8742,Fail,227.56,1163.68,UB 406x178x54,UC 305x305x97,54.3,96.9,75.92,95.4,18484.52
3353,4,1,2,3.55,6.56,5.91,10.72,6.15,15.19,14.2,142.4,28.4,5.0141,Fail,662.84,1114.88,UB 610x229x101,UC 305x305x118,101.2,118.0,83.69,132.34,27589.54
3354,1,3,1,3.58,5.36,5.57,25.29,9.24,4.7,3.58,1.49,7.16,0.2084,Pass,135.52,403.29,UB 406x178x54,UC 203x203x46,54.3,46.1,66.64,89.47,4276.4
3355,3,2,2,3.45,4.83,6.37,22.35,7.82,2.54,10.35,6.5,20.7,0.3138,Pass,167.45,1487.83,UB 305x165x40,UC 254x254x89,40.5,89.0,97.42,84.92,16455.15
3356,3,3,3,3.97,5.44,4.02,26.85,9.79,5.93,11.91,18.53,23.82,0.7778,Pass,175.17,1485.35,UB 406x178x54,UC 254x254x89,54.3,89.0,73.93,97.6,35452.25
3357,2,2,3,4.26,4.4,6.16,14.88,14.4,14.58,8.52,38.49,17.04,2.2591,Fail,218.01,922.09,UB 406x178x54,UC 305x305x97,54.3,96.9,72.73,92.18,19750.56
3358,2,2,2,3.19,7.34,6.59,13.23,10.07,4.34,6.38,5.2,12.76,0.4074,Pass,171.29,977.36,UB 457x191x67,UC 254x254x73,67.1,73.1,73.45,89.73,15413.84
3359,1,1,1,4.0,7.14,7.19,7.78,12.02,1.38,4.0,1.61,8.0,0.2013,Pass,113.86,205.83,UB 406x178x54,UC 203x203x46,54.3,46.1,90.33,89.58,2293.84
3360,3,2,1,3.62,7.38,5.84,19.05,12.24,24.2,10.86,89.73,21.72,4.1311,Fail,482.24,1399.65,UB 533x210x82,UC 305x305x118,82.2,118.0,85.13,132.49,19288.94
3361,5,3,3,3.12,7.79,7.42,5.03,10.74,13.9,15.6,54.49,31.2,1.7463,Fail,278.61,1775.31,UB 406x178x54,UC 305x305x118,54.3,118.0,93.44,99.37,79006.98
3362,2,3,1,3.8,5.21,7.89,25.81,10.12,19.1,7.6,25.34,15.2,1.667,Fail,219.09,933.03,UB 406x178x54,UC 254x254x89,54.3,89.0,73.09,95.87,12233.45
3363,5,2,2,3.19,6.7,4.87,6.53,10.65,13.23,15.95,73.45,31.9,2.3026,Fail,357.98,1466.8,UB 457x191x67,UC 305x305x118,67.1,118.0,89.78,110.88,40229.31
3364,4,3,2,4.42,4.98,7.97,26.4,14.2,24.24,17.68,171.93,35.36,4.8623,Fail,686.2,3112.56,UB 610x229x101,UC 305x305x118,101.2,118.0,86.64,233.15,68988.06
3365,4,1,3,3.21,7.95,7.09,18.26,3.77,3.49,12.84,26.47,25.68,1.0307,Fail,217.11,1396.81,UB 457x191x67,UC 254x254x89,67.1,89.0,88.24,97.9,29094.94
3366,4,1,1,3.79,7.94,7.29,8.04,7.0,15.95,15.16,209.39,30.32,6.9061,Fail,790.43,858.2,UB 610x229x101,UC 305x305x118,101.2,118.0,99.8,145.57,19485.73
3367,2,1,1,3.28,5.05,4.47,20.69,9.9,10.59,6.56,19.22,13.12,1.4647,Fail,191.6,447.89,UB 356x171x45,UC 254x254x73,45.0,73.1,89.9,78.82,3631.74
3368,2,2,3,3.91,4.26,7.39,15.86,2.19,6.1,7.82,11.66,15.64,0.7456,Pass,127.74,600.9,UB 305x165x40,UC 203x203x60,40.5,60.0,74.32,94.45,13778.19
3369,2,3,3,3.1,6.29,4.91,9.49,6.46,19.71,6.2,13.71,12.4,1.1056,Fail,130.46,520.91,UB 356x171x45,UC 254x254x73,45.0,73.1,76.88,71.9,19347.52
3370,5,1,3,4.21,7.22,7.65,9.37,13.54,6.01,21.05,157.92,42.1,3.751,Fail,543.27,2055.0,UB 533x210x82,UC 305x305x118,82.2,118.0,95.9,138.96,50605.78
3371,5,2,3,4.27,6.27,7.38,9.14,4.42,4.63,21.35,67.33,42.7,1.5767,Fail,234.19,1322.71,UB 406x178x54,UC 305x305x118,54.3,118.0,78.13,85.1,61883.07
3372,5,2,2,3.39,6.74,5.11,29.04,12.42,18.67,16.95,127.91,33.9,3.7733,Fail,618.23,3514.31,UB 610x229x101,UC 305x305x118,101.2,118.0,78.06,211.78,53977.5
3373,4,3,3,3.81,6.03,7.49,27.09,2.97,19.58,15.24,89.62,30.48,2.9402,Fail,427.7,2280.04,UB 533x210x82,UC 305x305x118,82.2,118.0,75.5,149.09,82117.63
3374,2,1,1,3.64,4.1,6.83,5.61,9.31,11.97,7.28,28.72,14.56,1.9726,Fail,209.93,305.04,UB 356x171x45,UC 254x254x73,45.0,73.1,98.5,88.21,4096.07
3375,3,2,3,3.52,6.7,7.13,6.39,10.32,9.72,10.56,31.09,21.12,1.4719,Fail,192.62,1035.66,UB 356x171x45,UC 254x254x89,45.0,89.0,97.35,98.21,27177.03
3376,2,2,3,3.72,6.44,4.69,13.91,3.27,3.8,7.44,7.19,14.88,0.4834,Pass,104.99,553.48,UB 356x171x45,UC 203x203x46,45.0,46.1,88.88,99.92,12551.51
3377,3,2,1,3.7,4.46,4.71,23.11,7.16,18.12,11.1,57.01,22.2,2.5681,Fail,346.77,872.78,UB 457x191x67,UC 305x305x118,67.1,118.0,86.97,96.67,14294.36
3378,2,1,1,3.49,5.19,6.14,5.17,10.09,8.62,6.98,19.69,13.96,1.4102,Fail,154.24,286.97,UB 305x165x40,UC 203x203x60,40.5,60.0,89.74,95.7,3510.66
3379,5,3,3,4.43,5.87,4.91,16.38,13.92,14.28,22.15,160.0,44.3,3.6118,Fail,543.36,2366.04,UB 533x210x82,UC 305x305x118,82.2,118.0,95.92,177.48,94986.16
3380,5,2,2,4.28,5.26,5.39,19.11,10.37,3.65,21.4,49.27,42.8,1.1511,Fail,215.46,2251.94,UB 406x178x54,UC 305x305x118,54.3,118.0,71.88,105.44,40075.65
3381,4,2,3,3.13,4.26,6.7,29.69,14.52,11.4,12.52,31.76,25.04,1.2684,Fail,256.37,2758.61,UB 406x178x54,UC 305x305x118,54.3,118.0,85.53,122.02,38227.66
3382,2,3,3,3.64,7.85,5.57,21.32,13.22,2.6,7.28,3.87,14.56,0.2657,Pass,276.89,1345.76,UB 533x210x82,UC 305x305x97,82.2,96.9,82.44,91.36,37761.89
3383,2,2,3,3.44,7.4,4.82,5.77,2.19,1.07,6.88,1.68,13.76,0.1218,Pass,57.99,283.26,UB 305x165x40,UC 203x203x46,40.5,46.1,88.94,54.05,12115.0
3384,4,1,1,4.11,6.03,4.58,29.1,10.17,24.86,16.44,365.58,32.88,11.1187,Fail,1468.98,1679.8,UB 610x229x101,UC 305x305x118,101.2,118.0,185.48,269.92,16349.54
3385,5,1,3,3.7,7.85,7.35,9.28,3.44,22.2,18.5,398.77,37.0,10.7776,Fail,1327.31,1464.38,UB 610x229x101,UC 305x305x118,101.2,118.0,167.59,242.3,55667.0
3386,5,3,1,3.12,6.55,4.92,15.67,6.59,22.99,15.6,81.14,31.2,2.6006,Fail,420.96,1417.87,UB 533x210x82,UC 305x305x118,82.2,118.0,74.31,121.4,38967.18
3387,5,2,1,3.28,5.89,4.03,20.43,12.98,13.76,16.4,78.08,32.8,2.3806,Fail,420.99,1874.84,UB 533x210x82,UC 305x305x118,82.2,118.0,74.31,129.58,26263.35
3388,2,3,2,3.38,6.69,5.75,22.91,8.37,17.45,6.76,17.03,13.52,1.2598,Fail,218.98,1142.53,UB 457x191x67,UC 254x254x89,67.1,89.0,74.66,87.37,21473.06
3389,2,3,2,3.49,4.63,6.93,13.18,6.32,17.11,6.98,15.95,13.96,1.1426,Fail,130.67,671.85,UB 305x165x40,UC 254x254x73,40.5,73.1,76.03,85.22,13988.77
3390,1,1,2,4.33,4.13,4.46,12.59,8.99,6.4,4.33,8.17,8.66,0.9437,Pass,68.01,235.39,UB 254x146x31,UC 203x203x46,31.1,46.1,80.79,75.94,2137.83
3391,2,1,2,4.32,4.83,4.19,10.25,2.14,11.29,8.64,53.29,17.28,3.0838,Fail,275.31,318.79,UB 406x178x54,UC 254x254x89,54.3,89.0,91.85,92.28,8007.51
3392,2,1,2,3.06,6.98,6.12,5.07,13.76,16.74,6.12,28.17,12.24,2.3014,Fail,246.64,596.94,UB 406x178x54,UC 254x254x89,54.3,89.0,82.28,85.7,8200.69
3393,2,3,2,3.3,5.83,7.23,19.36,14.75,19.19,6.6,16.15,13.2,1.2235,Fail,250.25,1333.0,UB 406x178x54,UC 254x254x89,54.3,89.0,84.71,95.52,19028.47
3394,2,3,1,4.3,4.45,5.66,14.91,3.61,21.01,8.6,41.27,17.2,2.3993,Fail,214.28,383.76,UB 406x178x54,UC 254x254x89,54.3,89.0,71.49,94.47,11481.52
3395,4,3,2,4.25,5.88,6.7,5.23,4.68,0.04,17.0,0.3,34.0,0.0089,Pass,61.1,738.77,UB 305x165x40,UC 203x203x60,40.5,60.0,55.55,77.59,29496.24
3396,3,2,2,3.1,4.08,4.4,14.77,9.54,0.11,9.3,0.21,18.6,0.0111,Pass,62.27,912.57,UB 254x146x31,UC 203x203x60,31.1,60.0,87.75,78.66,9769.1
3397,5,2,2,4.18,5.33,4.11,13.23,10.53,12.25,20.9,152.96,41.8,3.6594,Fail,556.29,1596.52,UB 533x210x82,UC 305x305x118,82.2,118.0,98.2,159.22,45474.84
3398,3,1,3,4.42,7.32,4.68,5.09,3.68,2.4,13.26,30.38,26.52,1.1454,Fail,136.17,342.43,UB 305x165x40,UC 203x203x60,40.5,60.0,94.85,87.69,13334.04
3399,3,1,2,4.23,6.62,7.86,15.2,9.45,17.63,12.69,181.59,25.38,7.1548,Fail,766.38,1418.72,UB 610x229x101,UC 305x305x118,101.2,118.0,96.77,164.62,24559.2
3400,1,3,3,4.16,4.49,7.35,22.71,6.84,17.45,4.16,8.95,8.32,1.0759,Fail,215.62,511.6,UB 406x178x54,UC 203x203x60,54.3,60.0,71.93,85.52,11708.54
3401,2,1,3,4.19,6.21,4.19,17.58,9.13,24.6,8.38,116.09,16.76,6.9266,Fail,582.87,685.9,UB 610x229x101,UC 305x305x118,101.2,118.0,73.59,122.83,18026.67
3402,4,3,2,3.35,7.68,6.96,28.87,13.06,7.65,13.4,25.97,26.8,0.9692,Pass,359.04,3554.52,UB 533x210x82,UC 305x305x118,82.2,118.0,93.72,143.7,60008.64
3403,4,1,2,4.12,6.71,6.38,6.17,3.38,2.9,16.48,45.61,32.96,1.3837,Fail,190.24,597.17,UB 356x171x45,UC 254x254x73,45.0,73.1,89.26,86.12,15445.13
3404,3,1,2,3.48,6.74,7.34,16.58,11.15,13.8,10.44,73.7,20.88,3.5296,Fail,449.59,1417.72,UB 533x210x82,UC 305x305x118,82.2,118.0,79.36,108.48,19617.95
3405,2,2,1,3.33,7.93,5.11,19.69,14.6,0.5,6.66,0.99,13.32,0.0742,Pass,284.55,1052.67,UB 533x210x82,UC 254x254x89,82.2,89.0,84.37,99.03,11291.46
3406,3,3,3,3.01,7.04,5.88,25.92,7.61,19.98,9.03,27.02,18.06,1.4963,Fail,280.36,1844.54,UB 457x191x67,UC 305x305x118,67.1,118.0,93.26,88.76,48258.19
3407,3,1,1,3.91,7.57,5.47,22.56,14.48,19.2,11.73,162.99,23.46,6.9474,Fail,782.76,1177.6,UB 610x229x101,UC 305x305x118,101.2,118.0,98.83,153.5,13454.45
3408,3,3,1,3.07,6.95,5.41,15.17,6.18,12.4,9.21,17.81,18.42,0.9667,Pass,177.04,874.62,UB 406x178x54,UC 254x254x73,54.3,73.1,89.83,89.64,15704.09
3409,5,1,1,4.02,7.14,7.96,24.94,4.91,17.72,20.1,395.95,40.2,9.8494,Fail,1327.81,2000.23,UB 610x229x101,UC 305x305x118,101.2,118.0,167.65,252.7,24768.4
3410,3,2,2,4.46,5.77,5.0,24.18,10.88,2.19,13.38,15.0,26.76,0.5604,Pass,174.77,1680.94,UB 406x178x54,UC 305x305x97,54.3,96.9,84.41,88.51,22195.3
3411,4,1,3,3.85,7.57,5.43,18.27,8.04,23.71,15.4,318.46,30.8,10.3395,Fail,1222.78,1710.61,UB 610x229x101,UC 305x305x118,101.2,118.0,154.39,235.63,39983.33
3412,1,2,3,4.39,4.67,4.47,10.13,6.93,13.04,4.39,11.39,8.78,1.2971,Fail,78.34,237.52,UB 254x146x31,UC 203x203x46,31.1,46.1,92.34,90.14,4841.6
3413,4,1,1,4.37,4.78,5.83,22.02,2.91,16.79,17.48,273.24,34.96,7.8157,Fail,1108.28,1337.05,UB 610x229x101,UC 305x305x118,101.2,118.0,139.93,206.45,16840.42
3414,5,3,3,3.93,4.91,6.75,28.02,5.65,22.56,19.65,153.0,39.3,3.8931,Fail,646.68,2763.79,UB 610x229x101,UC 305x305x118,101.2,118.0,81.65,209.65,107898.72
3415,1,3,1,4.1,6.29,7.02,16.98,13.49,21.14,4.1,11.26,8.2,1.3736,Fail,186.79,435.05,UB 406x178x54,UC 254x254x73,54.3,73.1,95.04,67.68,5971.71
3416,2,2,1,3.95,7.72,6.78,28.38,13.86,21.41,7.9,54.17,15.8,3.4287,Fail,423.29,1359.53,UB 533x210x82,UC 305x305x118,82.2,118.0,95.89,99.89,14013.77
3417,2,1,3,4.02,6.99,7.53,21.92,13.47,3.64,8.04,15.82,16.08,0.9836,Pass,267.55,1142.7,UB 457x191x67,UC 305x305x97,67.1,96.9,96.36,83.59,16048.0
3418,3,3,3,4.44,6.24,6.46,14.91,10.48,13.65,13.32,67.06,26.64,2.5174,Fail,297.83,1413.37,UB 406x178x54,UC 305x305x118,54.3,118.0,99.36,100.5,49974.12
3419,3,1,3,3.7,6.79,4.2,27.73,9.39,16.13,11.1,106.57,22.2,4.8005,Fail,599.02,1327.26,UB 610x229x101,UC 305x305x118,101.2,118.0,75.63,128.48,26374.9
3420,4,1,2,3.88,6.46,7.92,26.24,14.25,16.34,15.52,205.12,31.04,6.6082,Fail,915.38,2921.29,UB 610x229x101,UC 305x305x118,101.2,118.0,115.58,220.35,31657.25
3421,3,2,2,3.69,7.6,6.64,26.74,6.03,2.76,11.07,11.29,22.14,0.5098,Pass,257.33,2037.99,UB 533x210x82,UC 305x305x118,82.2,118.0,70.98,90.55,32825.84
3422,1,2,2,3.87,7.31,6.98,8.39,10.32,23.16,3.87,14.59,7.74,1.8851,Fail,176.16,427.36,UB 406x178x54,UC 254x254x73,54.3,73.1,91.6,71.3,7201.76
3423,3,3,1,3.45,5.81,5.42,19.2,10.96,0.77,10.35,1.63,20.7,0.0787,Pass,130.16,1097.01,UB 406x178x54,UC 254x254x73,54.3,73.1,74.14,86.67,15263.05
3424,3,1,2,3.87,7.68,4.84,20.28,6.28,15.67,11.61,129.55,23.22,5.5791,Fail,613.9,1123.05,UB 610x229x101,UC 305x305x118,101.2,118.0,77.51,127.35,21092.52
3425,5,3,1,3.69,6.42,7.13,29.15,6.73,21.38,18.45,132.62,36.9,3.594,Fail,574.55,2499.21,UB 610x229x101,UC 305x305x118,101.2,118.0,72.54,180.04,51339.04
3426,4,3,1,4.38,5.99,5.67,29.66,9.18,9.46,17.52,70.45,35.04,2.0107,Fail,325.04,1927.23,UB 457x191x67,UC 305x305x118,67.1,118.0,81.51,113.25,32272.49
3427,5,2,1,4.49,6.71,5.96,28.88,4.74,24.9,22.45,445.87,44.9,9.9302,Fail,1275.65,2262.64,UB 610x229x101,UC 305x305x118,101.2,118.0,161.07,330.67,38522.92
3428,1,3,2,3.7,5.55,7.52,22.15,13.18,7.91,3.7,2.82,7.4,0.3816,Pass,299.14,714.75,UB 406x178x54,UC 254x254x73,54.3,73.1,99.8,74.54,9224.61
3429,1,3,3,3.0,6.03,4.87,19.6,3.93,4.93,3.0,0.89,6.0,0.1487,Pass,114.21,370.78,UB 356x171x45,UC 203x203x46,45.0,46.1,99.93,78.85,8098.8
3430,5,2,2,3.02,7.62,5.64,19.7,6.42,23.85,15.1,119.2,30.2,3.947,Fail,586.49,2470.13,UB 610x229x101,UC 305x305x118,101.2,118.0,74.05,181.11,56293.56
3431,3,3,1,4.09,4.9,7.06,29.05,14.09,17.08,12.27,56.6,24.54,2.3066,Fail,320.86,1552.88,UB 457x191x67,UC 305x305x118,67.1,118.0,80.47,106.14,23185.81
3432,4,2,1,3.24,4.95,6.78,22.77,12.52,7.12,12.96,24.04,25.92,0.9273,Pass,192.32,1667.34,UB 356x171x45,UC 305x305x97,45.0,96.9,90.24,94.7,14760.14
3433,4,1,2,3.89,4.21,4.56,8.2,5.48,12.18,15.56,125.32,31.12,4.0271,Fail,632.29,910.04,UB 610x229x101,UC 305x305x118,101.2,118.0,79.83,121.27,23512.66
3434,3,2,3,3.49,4.13,4.97,13.92,6.79,17.37,10.47,43.0,20.94,2.0537,Fail,286.15,812.71,UB 406x178x54,UC 305x305x118,54.3,118.0,95.46,83.94,27494.25
3435,1,1,1,3.06,4.45,5.01,9.86,14.67,6.64,3.06,2.43,6.12,0.3969,Pass,70.14,173.33,UB 305x165x40,UC 203x203x46,40.5,46.1,59.6,54.86,1330.52
3436,3,3,2,4.2,7.2,4.44,9.0,9.16,6.23,12.6,26.94,25.2,1.0692,Fail,168.2,944.26,UB 406x178x54,UC 254x254x73,54.3,73.1,84.95,97.88,27394.85
3437,5,1,3,3.22,6.71,7.02,5.36,7.44,0.74,16.1,7.61,32.2,0.2364,Pass,82.26,981.83,UB 356x171x45,UC 203x203x60,45.0,60.0,74.9,97.58,23244.0
3438,4,1,1,3.25,4.6,7.91,21.23,10.53,15.81,13.0,90.59,26.0,3.4844,Fail,593.91,1373.66,UB 610x229x101,UC 305x305x118,101.2,118.0,74.99,126.1,16264.1
3439,3,2,2,3.42,6.23,5.41,21.78,14.18,9.27,10.26,25.91,20.52,1.2624,Fail,243.02,1867.34,UB 457x191x67,UC 305x305x118,67.1,118.0,69.32,85.1,24954.91
3440,3,2,3,3.5,4.5,5.63,22.64,7.57,12.49,10.5,32.39,21.0,1.5422,Fail,228.52,1314.65,UB 406x178x54,UC 305x305x118,54.3,118.0,76.24,81.98,28986.54
3441,4,3,3,4.2,5.25,7.17,10.8,3.78,10.25,16.8,61.98,33.6,1.8445,Fail,259.74,1038.43,UB 406x178x54,UC 305x305x118,54.3,118.0,86.65,83.48,64089.89
3442,2,3,3,3.9,5.05,7.29,5.88,8.75,17.36,7.8,24.95,15.6,1.5992,Fail,150.03,540.61,UB 305x165x40,UC 254x254x73,40.5,73.1,87.29,93.88,21117.36
3443,2,2,3,3.57,6.64,7.28,8.55,14.48,22.24,7.14,36.65,14.28,2.5665,Fail,249.22,965.84,UB 406x178x54,UC 305x305x97,54.3,96.9,84.5,95.7,21186.7
3444,5,1,1,4.42,4.74,4.25,16.1,14.34,16.91,22.1,426.36,44.2,9.6462,Fail,1507.98,2007.06,UB 610x229x101,UC 305x305x118,101.2,118.0,190.4,279.72,19529.08
3445,4,1,2,4.16,4.15,6.57,27.9,2.31,18.03,16.64,233.6,33.28,7.0191,Fail,1083.23,2035.64,UB 610x229x101,UC 305x305x118,101.2,118.0,136.77,222.66,27459.02
3446,3,3,1,3.26,4.22,6.34,10.22,6.02,0.83,9.78,1.18,19.56,0.0602,Pass,68.45,510.61,UB 254x146x31,UC 203x203x46,31.1,46.1,64.86,83.56,8335.31
3447,4,3,2,4.34,7.65,5.53,23.2,9.17,4.84,17.36,39.52,34.72,1.1383,Fail,293.58,2466.39,UB 533x210x82,UC 305x305x118,82.2,118.0,71.51,109.47,61765.75
3448,2,3,1,3.88,6.54,7.36,23.52,4.05,23.0,7.76,35.99,15.52,2.3189,Fail,242.58,788.56,UB 406x178x54,UC 305x305x97,54.3,96.9,96.66,82.66,13474.2
3449,5,1,1,3.0,5.35,4.1,7.13,4.25,10.45,15.0,73.89,30.0,2.4631,Fail,423.73,603.49,UB 533x210x82,UC 305x305x97,82.2,96.9,74.8,96.8,13581.9
3450,1,3,1,4.33,6.04,6.61,16.11,5.64,11.35,4.33,7.31,8.66,0.8436,Pass,119.66,290.81,UB 356x171x45,UC 203x203x46,45.0,46.1,92.83,86.13,4417.5
3451,1,2,2,3.93,5.3,6.94,18.39,7.78,4.16,3.93,2.51,7.86,0.3192,Pass,189.35,506.38,UB 356x171x45,UC 203x203x46,45.0,46.1,88.85,94.43,4935.36
3452,5,1,1,3.6,4.6,6.77,17.96,11.02,18.56,18.0,226.86,36.0,6.3017,Fail,1094.43,1819.87,UB 610x229x101,UC 305x305x118,101.2,118.0,138.19,210.69,20002.44
3453,1,1,2,4.46,6.21,7.61,11.47,11.15,9.14,4.46,14.74,8.92,1.6529,Fail,201.74,395.24,UB 406x178x54,UC 254x254x73,54.3,73.1,67.89,68.6,4620.66
3454,5,2,1,4.11,5.08,5.63,26.12,7.42,17.32,20.55,199.49,41.1,4.8537,Fail,758.6,1826.94,UB 610x229x101,UC 305x305x118,101.2,118.0,95.78,205.92,33377.66
3455,1,3,2,4.33,7.8,5.76,22.37,5.34,20.41,4.33,14.24,8.66,1.6443,Fail,246.74,566.59,UB 533x210x82,UC 254x254x73,82.2,73.1,64.88,89.14,13356.49
3456,3,1,2,3.69,5.81,5.86,11.27,8.43,22.65,11.07,136.02,22.14,6.1438,Fail,720.47,985.13,UB 610x229x101,UC 305x305x118,101.2,118.0,90.97,144.45,20245.69
3457,3,1,2,3.01,6.79,6.42,15.41,8.22,11.45,9.03,37.62,18.06,2.083,Fail,298.88,1080.67,UB 406x178x54,UC 305x305x97,54.3,96.9,99.71,90.33,12751.59
3458,1,2,1,3.21,6.46,6.0,16.34,13.98,13.64,3.21,4.23,6.42,0.659,Pass,191.78,432.84,UB 457x191x67,UC 203x203x60,67.1,60.0,65.16,89.85,4097.26
3459,2,2,3,3.09,6.39,6.05,29.72,13.62,17.18,6.18,16.87,12.36,1.3651,Fail,272.31,1571.81,UB 457x191x67,UC 305x305x97,67.1,96.9,90.15,92.58,21353.6
3460,1,3,3,4.13,5.03,5.75,5.03,4.55,12.32,4.13,6.32,8.26,0.7647,Pass,48.05,154.7,UB 254x146x31,UC 203x203x46,31.1,46.1,64.8,53.69,7069.38
3461,5,2,1,3.5,6.91,5.59,17.88,12.33,1.86,17.5,14.55,35.0,0.4156,Pass,207.56,2097.85,UB 457x191x67,UC 305x305x118,67.1,118.0,79.46,85.88,27289.56
3462,4,2,2,4.5,7.88,6.31,14.19,2.83,11.66,18.0,155.74,36.0,4.326,Fail,480.72,1394.24,UB 533x210x82,UC 305x305x118,82.2,118.0,84.86,139.94,47110.03
3463,5,1,1,4.32,7.04,7.99,8.34,10.9,5.96,21.6,168.33,43.2,3.8964,Fail,546.8,1215.15,UB 533x210x82,UC 305x305x118,82.2,118.0,96.52,114.8,22549.86
3464,3,3,3,3.41,7.35,7.17,7.12,9.85,24.43,10.23,51.58,20.46,2.5213,Fail,292.85,1093.5,UB 406x178x54,UC 305x305x118,54.3,118.0,97.7,89.82,47697.94
3465,5,3,2,3.83,6.09,4.01,22.56,8.13,17.3,19.15,118.74,38.3,3.1003,Fail,495.32,2185.08,UB 533x210x82,UC 305x305x118,82.2,118.0,87.44,157.89,62828.19
3466,4,2,1,3.55,4.16,5.87,7.59,14.34,11.78,14.2,50.58,28.4,1.7809,Fail,297.41,899.56,UB 406x178x54,UC 305x305x118,54.3,118.0,99.22,85.27,17492.7
3467,3,1,2,3.34,5.7,6.19,14.32,7.75,9.48,10.02,40.05,20.04,1.9983,Fail,281.12,956.25,UB 406x178x54,UC 305x305x97,54.3,96.9,93.79,85.38,12644.62
3468,2,3,2,3.62,6.68,5.31,6.68,2.45,20.72,7.24,25.5,14.48,1.7613,Fail,148.55,323.22,UB 305x165x40,UC 254x254x73,40.5,73.1,86.43,83.76,14661.53
3469,1,1,3,3.7,7.26,5.99,23.42,2.37,4.42,3.7,3.91,7.4,0.528,Pass,129.65,355.44,UB 457x191x67,UC 203x203x60,67.1,60.0,78.67,97.93,6136.16
3470,3,1,1,3.52,5.16,5.89,22.15,14.09,5.74,10.56,27.59,21.12,1.3064,Fail,226.08,901.77,UB 406x178x54,UC 254x254x89,54.3,89.0,75.42,86.43,7359.45
3471,5,1,1,3.12,7.96,4.69,27.53,8.12,22.61,15.6,233.49,31.2,7.4838,Fail,1074.26,1871.62,UB 610x229x101,UC 305x305x118,101.2,118.0,135.64,205.45,20165.0
3472,5,2,2,3.97,6.7,6.62,26.5,6.34,5.75,19.85,67.4,39.7,1.6977,Fail,315.48,3124.49,UB 457x191x67,UC 305x305x118,67.1,118.0,79.12,142.15,47893.86
3473,5,2,2,3.89,6.99,5.81,12.73,12.81,4.17,19.45,46.68,38.9,1.2001,Fail,241.14,2405.8,UB 457x191x67,UC 305x305x118,67.1,118.0,69.54,105.42,46422.3
3474,2,2,3,4.02,6.46,6.97,21.72,4.15,7.03,8.04,17.49,16.08,1.0877,Fail,170.45,1000.65,UB 406x178x54,UC 254x254x73,54.3,73.1,87.41,93.8,19477.61
3475,4,2,1,3.52,6.88,5.76,5.98,12.31,17.0,14.08,90.63,28.16,3.2183,Fail,421.26,1056.42,UB 533x210x82,UC 305x305x118,82.2,118.0,74.36,115.36,24698.88
3476,3,1,1,3.36,7.75,7.93,24.18,13.29,19.74,10.08,101.87,20.16,5.0529,Fail,634.17,1353.1,UB 610x229x101,UC 305x305x118,101.2,118.0,80.07,131.87,14278.66
3477,4,3,3,4.16,6.75,5.79,18.34,11.67,22.51,16.64,148.01,33.28,4.4475,Fail,576.56,2182.63,UB 610x229x101,UC 305x305x118,101.2,118.0,72.8,178.61,92330.62
3478,1,3,2,3.52,7.07,7.23,16.45,9.78,1.16,3.52,0.46,7.04,0.0659,Pass,205.02,575.7,UB 457x191x67,UC 203x203x60,67.1,60.0,73.9,94.44,10685.04
3479,3,3,2,3.92,5.56,6.04,11.88,9.65,0.87,11.76,2.68,23.52,0.1138,Pass,109.9,1116.11,UB 356x171x45,UC 254x254x73,45.0,73.1,71.68,80.38,23594.47
3480,1,1,2,3.75,4.68,6.94,21.85,7.77,6.64,3.75,5.18,7.5,0.6901,Pass,212.65,432.48,UB 356x171x45,UC 203x203x46,45.0,46.1,99.78,96.0,2918.25
3481,1,3,3,3.87,5.75,4.73,14.35,5.17,3.63,3.87,1.55,7.74,0.1998,Pass,89.25,300.53,UB 356x171x45,UC 203x203x46,45.0,46.1,71.88,64.65,8513.71
3482,4,3,3,3.16,7.61,4.36,29.07,13.84,12.95,12.64,35.71,25.28,1.4124,Fail,387.85,2925.16,UB 533x210x82,UC 305x305x118,82.2,118.0,93.31,125.23,71093.15
3483,1,3,2,3.62,5.7,6.05,18.85,14.94,8.04,3.62,2.68,7.24,0.3698,Pass,189.18,618.68,UB 406x178x54,UC 203x203x60,54.3,60.0,78.43,91.58,8020.11
3484,2,1,1,3.36,7.31,5.65,17.5,4.73,20.47,6.72,48.71,13.44,3.6239,Fail,349.48,455.04,UB 457x191x67,UC 305x305x97,67.1,96.9,87.64,86.02,6083.14
3485,4,3,3,3.3,5.1,7.75,18.3,13.41,1.0,13.2,2.65,26.4,0.1005,Pass,249.21,2350.16,UB 406x178x54,UC 305x305x118,54.3,118.0,83.14,93.27,58413.84
3486,2,1,3,4.29,5.06,5.38,29.2,8.44,23.31,8.58,109.35,17.16,6.3723,Fail,585.28,1002.0,UB 610x229x101,UC 305x305x118,101.2,118.0,73.9,132.11,18729.57
3487,1,2,2,3.44,7.3,7.29,17.93,13.5,12.11,3.44,5.06,6.88,0.7359,Pass,250.58,722.96,UB 457x191x67,UC 254x254x73,67.1,73.1,97.47,88.21,8137.11
3488,5,1,3,3.91,7.87,7.42,25.11,8.12,17.08,19.55,369.32,39.1,9.4456,Fail,1249.96,3032.8,UB 610x229x101,UC 305x305x118,101.2,118.0,157.82,270.06,56911.2
3489,5,3,3,3.42,5.22,4.02,9.36,5.22,11.39,17.1,48.83,34.2,1.4277,Fail,247.67,958.68,UB 406x178x54,UC 305x305x97,54.3,96.9,82.63,93.33,56615.76
3490,1,2,3,3.82,5.01,5.9,24.86,4.34,6.56,3.82,3.5,7.64,0.4576,Pass,136.23,474.93,UB 356x171x45,UC 203x203x46,45.0,46.1,71.12,88.54,6306.32
3491,1,2,1,3.75,6.14,7.23,13.6,3.87,20.8,3.75,10.99,7.5,1.465,Fail,119.38,248.47,UB 356x171x45,UC 203x203x46,45.0,46.1,78.33,99.29,3118.5
3492,2,2,2,4.3,7.36,6.48,17.59,10.44,11.37,8.6,37.98,17.2,2.2079,Fail,260.69,1172.69,UB 457x191x67,UC 305x305x97,67.1,96.9,89.09,90.9,18644.03
3493,5,3,2,4.41,5.32,5.12,17.82,13.49,18.96,22.05,200.03,44.1,4.5359,Fail,689.38,2387.88,UB 610x229x101,UC 305x305x118,101.2,118.0,87.04,209.49,76175.84
3494,1,1,2,3.01,7.67,7.7,8.4,14.16,24.78,3.01,10.81,6.02,1.7951,Fail,201.44,420.79,UB 457x191x67,UC 254x254x73,67.1,73.1,81.15,85.74,4930.84
3495,2,2,1,4.04,7.85,5.74,22.38,6.33,24.78,8.08,68.27,16.16,4.2243,Fail,379.97,882.13,UB 533x210x82,UC 305x305x118,82.2,118.0,68.53,97.89,13713.77
3496,5,1,2,3.57,5.0,6.41,7.77,12.92,21.04,17.85,259.39,35.7,7.2659,Fail,1200.46,1989.54,UB 610x229x101,UC 305x305x118,101.2,118.0,151.57,232.79,33201.64
3497,5,2,2,3.72,4.97,6.88,21.73,7.29,23.03,18.6,185.23,37.2,4.9793,Fail,804.93,2451.7,UB 610x229x101,UC 305x305x118,101.2,118.0,101.63,235.86,55729.8
3498,1,2,2,3.83,5.61,6.82,22.53,5.12,22.41,3.83,12.43,7.66,1.6222,Fail,190.7,531.97,UB 356x171x45,UC 254x254x73,45.0,73.1,94.56,71.86,5875.86
3499,4,1,3,3.63,6.45,6.07,26.66,14.58,2.55,14.52,25.6,29.04,0.8815,Pass,241.13,2228.79,UB 457x191x67,UC 305x305x118,67.1,118.0,88.22,96.72,30406.73
3500,1,1,3,3.2,6.54,5.2,11.2,4.77,11.0,3.2,5.51,6.4,0.8609,Pass,88.27,203.71,UB 356x171x45,UC 203x203x46,45.0,46.1,86.53,82.26,3761.36
3501,2,3,3,4.13,5.97,6.15,20.89,4.11,7.46,8.26,14.12,16.52,0.8545,Pass,139.79,863.82,UB 406x178x54,UC 254x254x73,54.3,73.1,66.67,79.97,25455.68
3502,3,2,1,4.29,7.2,4.42,20.64,4.73,17.46,12.87,115.15,25.74,4.4738,Fail,467.15,1019.06,UB 533x210x82,UC 305x305x118,82.2,118.0,82.46,124.56,19483.96
3503,4,3,1,3.84,5.95,7.03,6.19,7.14,1.94,15.36,9.11,30.72,0.2966,Pass,78.1,729.34,UB 305x165x40,UC 203x203x60,40.5,60.0,77.42,84.94,17711.64
3504,3,2,3,4.29,5.33,5.61,10.79,7.63,17.72,12.87,101.68,25.74,3.9503,Fail,436.12,884.45,UB 533x210x82,UC 305x305x118,82.2,118.0,76.99,121.11,41189.78
3505,3,1,3,4.4,4.66,7.42,22.02,4.29,3.49,13.2,34.89,26.4,1.3215,Fail,192.05,1145.29,UB 356x171x45,UC 254x254x89,45.0,89.0,90.11,97.65,17925.0
3506,2,3,3,4.06,5.52,6.34,27.78,6.11,23.81,8.12,40.94,16.24,2.521,Fail,253.28,1150.24,UB 406x178x54,UC 305x305x118,54.3,118.0,84.5,84.48,30786.51
3507,3,2,3,4.38,6.42,7.04,9.39,8.52,3.91,13.14,26.28,26.28,0.9998,Pass,146.1,1069.61,UB 356x171x45,UC 254x254x89,45.0,89.0,91.8,84.75,29520.72
3508,5,2,2,4.33,5.31,4.18,6.98,4.86,16.86,21.65,237.79,43.3,5.4916,Fail,779.38,976.11,UB 610x229x101,UC 305x305x118,101.2,118.0,98.41,192.21,51803.94
3509,5,3,3,4.3,5.84,7.17,23.87,4.18,18.64,21.5,187.64,43.0,4.3637,Fail,643.05,2572.43,UB 610x229x101,UC 305x305x118,101.2,118.0,81.19,206.11,119588.72
3510,1,1,2,4.42,6.09,7.92,8.17,7.75,21.82,4.42,33.8,8.84,3.824,Fail,206.71,306.46,UB 356x171x45,UC 254x254x73,45.0,73.1,96.99,93.61,4186.36
3511,4,3,2,3.2,7.78,6.81,24.44,4.42,3.6,12.8,10.69,25.6,0.4177,Pass,234.32,2393.21,UB 533x210x82,UC 305x305x118,82.2,118.0,67.06,96.59,59060.4
3512,4,3,2,4.47,6.89,4.6,17.65,13.87,11.22,17.88,95.87,35.76,2.6809,Fail,382.27,2123.84,UB 457x191x67,UC 305x305x118,67.1,118.0,95.87,132.53,51838.68
3513,2,2,2,4.45,7.83,4.03,9.55,8.98,20.6,8.9,79.69,17.8,4.4767,Fail,335.83,668.73,UB 457x191x67,UC 305x305x118,67.1,118.0,84.22,92.9,19001.47
3514,3,3,3,3.52,7.48,7.03,28.9,11.16,12.01,10.56,28.85,21.12,1.3658,Fail,340.62,2491.25,UB 533x210x82,UC 305x305x118,82.2,118.0,82.72,110.17,62875.27
3515,3,2,1,3.29,6.6,7.44,26.28,7.89,16.11,9.87,40.52,19.74,2.0524,Fail,312.61,1500.05,UB 457x191x67,UC 305x305x118,67.1,118.0,78.4,92.95,16795.3
3516,1,1,2,3.5,5.36,5.43,19.6,4.84,23.54,3.5,14.94,7.0,2.1344,Fail,157.33,325.92,UB 356x171x45,UC 254x254x73,45.0,73.1,73.82,74.16,3236.1
3517,4,1,3,3.95,7.3,4.68,13.61,14.02,11.2,15.8,160.44,31.6,5.0771,Fail,666.58,1504.45,UB 610x229x101,UC 305x305x118,101.2,118.0,84.16,141.09,38102.14
3518,1,2,3,3.24,5.02,7.05,29.27,6.3,8.44,3.24,2.47,6.48,0.3817,Pass,236.05,636.66,UB 406x178x54,UC 203x203x60,54.3,60.0,78.75,96.29,7958.82
3519,4,3,3,4.09,6.8,4.89,19.47,7.85,22.89,16.36,142.39,32.72,4.3518,Fail,559.22,1830.88,UB 533x210x82,UC 305x305x118,82.2,118.0,98.71,165.31,77011.74
3520,4,3,1,3.44,4.42,5.91,18.95,13.1,1.73,13.76,4.85,27.52,0.1763,Pass,114.27,1339.55,UB 305x165x40,UC 254x254x73,40.5,73.1,76.31,99.6,16172.77
3521,5,2,3,4.18,5.14,7.48,16.51,8.86,21.04,20.9,258.45,41.8,6.1829,Fail,925.47,2276.36,UB 610x229x101,UC 305x305x118,101.2,118.0,116.85,258.68,84465.04
3522,3,2,3,3.02,7.86,5.11,21.78,13.67,18.65,9.06,38.73,18.12,2.1372,Fail,376.28,2007.16,UB 533x210x82,UC 305x305x118,82.2,118.0,84.94,104.81,39676.3
3523,4,2,3,3.34,4.75,4.71,26.2,14.54,4.08,13.36,15.04,26.72,0.563,Pass,153.83,2204.33,UB 356x171x45,UC 305x305x97,45.0,96.9,84.57,99.65,30005.21
3524,5,3,2,3.53,5.86,6.76,5.73,10.57,10.58,17.65,53.67,35.3,1.5205,Fail,254.86,1540.87,UB 406x178x54,UC 305x305x118,54.3,118.0,85.02,92.86,53994.03
3525,2,1,3,3.92,7.76,6.33,19.82,12.94,23.97,7.84,100.24,15.68,6.3929,Fail,568.69,1052.52,UB 610x229x101,UC 305x305x118,101.2,118.0,71.8,122.93,21370.61
3526,4,2,1,3.73,4.1,6.22,13.08,2.77,3.22,14.92,16.39,29.84,0.5494,Pass,100.55,627.84,UB 254x146x31,UC 203x203x60,31.1,60.0,92.33,99.37,9732.66
3527,1,1,1,3.86,4.12,4.47,23.03,8.56,2.28,3.86,1.91,7.72,0.2468,Pass,75.74,192.39,UB 305x165x40,UC 203x203x46,40.5,46.1,60.92,53.27,1407.57
3528,4,1,3,3.34,5.42,6.2,6.33,13.58,13.7,13.36,93.74,26.72,3.5081,Fail,536.26,1253.21,UB 533x210x82,UC 305x305x118,82.2,118.0,94.66,115.55,31971.58
3529,1,1,3,4.01,7.79,5.46,10.46,7.94,20.94,4.01,25.18,8.02,3.1395,Fail,204.91,272.44,UB 457x191x67,UC 254x254x73,67.1,73.1,69.34,89.96,6634.08
3530,2,2,2,3.69,4.52,6.62,17.28,8.65,11.52,7.38,18.23,14.76,1.235,Fail,159.58,869.24,UB 305x165x40,UC 254x254x73,40.5,73.1,92.85,99.04,10269.34
3531,3,2,2,3.91,6.64,5.47,22.42,9.56,22.45,11.73,102.89,23.46,4.3858,Fail,499.74,1714.32,UB 533x210x82,UC 305x305x118,82.2,118.0,88.22,150.64,30375.22
3532,3,2,2,3.85,6.45,5.48,14.2,13.58,8.11,11.55,34.77,23.1,1.5051,Fail,230.44,1498.06,UB 406x178x54,UC 305x305x97,54.3,96.9,93.43,97.9,21733.14
3533,2,3,3,3.58,6.25,6.53,16.08,5.9,9.11,7.16,10.57,14.32,0.7379,Pass,133.58,807.47,UB 406x178x54,UC 254x254x73,54.3,73.1,67.26,71.14,25029.23
3534,3,1,3,3.34,5.38,4.64,12.82,11.61,16.57,10.02,67.84,20.04,3.3851,Fail,453.73,918.68,UB 533x210x82,UC 305x305x118,82.2,118.0,80.09,96.99,21631.06
3535,3,1,1,4.41,7.58,7.09,21.13,8.51,19.37,13.23,247.94,26.46,9.3704,Fail,937.32,1109.87,UB 610x229x101,UC 305x305x118,101.2,118.0,118.35,181.14,15152.18
3536,1,2,3,3.47,7.49,6.44,22.74,3.2,20.81,3.47,8.98,6.94,1.2946,Fail,220.96,531.35,UB 457x191x67,UC 254x254x73,67.1,73.1,86.89,77.27,10953.63
3537,3,2,2,4.07,5.28,4.24,10.11,12.26,16.62,12.21,78.79,24.42,3.2265,Fail,378.67,962.91,UB 457x191x67,UC 305x305x118,67.1,118.0,94.96,108.43,24465.28
3538,4,3,2,4.15,7.53,5.85,5.64,11.5,13.67,16.6,94.31,33.2,2.8408,Fail,355.22,1388.33,UB 457x191x67,UC 305x305x118,67.1,118.0,89.08,110.24,54256.19
3539,3,1,1,4.23,5.45,7.43,9.31,14.18,19.64,12.69,183.29,25.38,7.2218,Fail,832.18,914.9,UB 610x229x101,UC 305x305x118,101.2,118.0,105.07,159.76,13810.42
3540,3,2,1,4.11,4.69,4.8,24.32,5.04,16.1,12.33,75.23,24.66,3.0508,Fail,380.91,876.92,UB 457x191x67,UC 305x305x118,67.1,118.0,95.53,104.68,15404.75
3541,1,3,2,3.14,7.19,4.35,18.79,2.5,17.96,3.14,3.89,6.28,0.6202,Pass,153.83,364.06,UB 406x178x54,UC 203x203x60,54.3,60.0,99.18,78.48,7664.19
3542,2,2,2,3.86,6.33,4.24,5.67,14.03,11.96,7.72,25.46,15.44,1.6488,Fail,171.08,650.62,UB 356x171x45,UC 254x254x73,45.0,73.1,96.78,96.13,10786.79
3543,3,1,1,4.2,6.62,7.62,13.12,7.29,2.16,12.6,21.74,25.2,0.8628,Pass,148.31,635.21,UB 406x178x54,UC 254x254x73,54.3,73.1,74.21,72.11,8323.63
3544,5,1,1,3.31,5.21,7.85,29.43,5.41,12.56,16.55,122.13,33.1,3.6898,Fail,659.69,1859.3,UB 610x229x101,UC 305x305x118,101.2,118.0,83.29,146.0,21028.32
3545,3,2,1,3.3,6.4,6.74,15.81,4.29,11.54,9.9,28.83,19.8,1.4559,Fail,202.9,834.09,UB 406x178x54,UC 254x254x89,54.3,89.0,67.69,91.26,12750.68
3546,5,2,1,3.28,4.96,7.28,7.9,3.51,0.65,16.4,3.39,32.8,0.1035,Pass,63.32,684.07,UB 254x146x31,UC 203x203x46,31.1,46.1,74.0,97.4,11017.48
3547,2,3,1,4.32,6.83,6.01,29.85,2.51,7.25,8.64,17.07,17.28,0.988,Pass,215.77,884.16,UB 457x191x67,UC 254x254x73,67.1,73.1,82.19,97.7,13778.36
3548,3,3,1,3.24,6.1,6.41,18.9,10.38,17.79,9.72,28.64,19.44,1.4732,Fail,234.65,1164.65,UB 406x178x54,UC 305x305x97,54.3,96.9,83.3,87.77,17673.84
3549,5,2,3,3.62,7.24,4.63,7.93,9.44,16.9,18.1,150.73,36.2,4.1637,Fail,564.84,1502.73,UB 533x210x82,UC 305x305x118,82.2,118.0,99.71,158.41,66561.09
3550,5,1,3,3.23,6.68,4.77,14.81,9.3,20.42,16.15,210.78,32.3,6.5258,Fail,973.15,1748.03,UB 610x229x101,UC 305x305x118,101.2,118.0,122.87,191.64,43247.64
3551,2,1,2,4.44,4.93,5.72,26.56,7.18,1.35,8.88,7.11,17.76,0.4003,Pass,154.96,828.33,UB 356x171x45,UC 254x254x73,45.0,73.1,78.31,75.72,7285.07
3552,3,3,3,4.49,7.65,4.34,26.46,4.83,13.7,13.47,77.01,26.94,2.8585,Fail,368.86,1592.36,UB 533x210x82,UC 305x305x118,82.2,118.0,69.12,108.57,60912.17
3553,5,1,3,3.17,6.02,7.05,12.26,6.17,21.67,15.85,197.25,31.7,6.2223,Fail,969.13,1725.5,UB 610x229x101,UC 305x305x118,101.2,118.0,122.36,191.59,48550.68
3554,1,1,3,3.31,4.64,7.05,29.65,5.54,19.98,3.31,9.84,6.62,1.4863,Fail,233.16,493.78,UB 406x178x54,UC 254x254x73,54.3,73.1,77.79,72.61,5240.39
3555,5,2,2,3.04,5.97,5.02,17.98,12.01,8.62,15.2,38.08,30.4,1.2528,Fail,257.1,2373.77,UB 406x178x54,UC 305x305x118,54.3,118.0,85.77,107.18,34045.11
3556,4,2,2,4.13,4.61,6.83,21.33,3.98,1.88,16.52,14.43,33.04,0.4367,Pass,157.02,1660.82,UB 305x165x40,UC 254x254x89,40.5,89.0,91.36,97.92,24352.2
3557,4,3,1,3.18,4.1,4.78,17.44,10.35,18.2,12.72,36.95,25.44,1.4525,Fail,268.28,1025.24,UB 406x178x54,UC 305x305x97,54.3,96.9,89.5,99.28,19356.53
3558,1,3,3,4.12,7.08,5.26,27.22,11.82,24.41,4.12,13.78,8.24,1.6719,Fail,287.75,708.45,UB 533x210x82,UC 254x254x89,82.2,89.0,68.36,84.14,18039.06
3559,1,1,3,3.92,7.44,4.82,15.61,13.31,0.57,3.92,0.67,7.84,0.0849,Pass,143.87,364.51,UB 457x191x67,UC 254x254x73,67.1,73.1,94.95,71.67,6229.84
3560,3,3,3,3.42,7.66,7.45,29.2,7.16,15.11,10.26,33.22,20.52,1.6189,Fail,336.45,2332.88,UB 533x210x82,UC 305x305x118,82.2,118.0,80.64,106.0,64084.39
3561,2,1,1,4.04,4.24,5.97,23.55,6.14,20.47,8.08,72.29,16.16,4.4733,Fail,444.37,560.47,UB 533x210x82,UC 305x305x118,82.2,118.0,78.44,94.54,7170.81
3562,1,3,2,4.3,4.26,6.62,18.99,4.57,4.57,4.3,2.63,8.6,0.3059,Pass,155.04,394.39,UB 305x165x40,UC 203x203x46,40.5,46.1,90.2,75.77,6076.41
3563,3,1,1,4.2,5.62,7.56,24.46,5.81,22.04,12.6,203.66,25.2,8.0817,Fail,929.55,1105.3,UB 610x229x101,UC 305x305x118,101.2,118.0,117.37,180.42,13950.1
3564,5,3,3,3.83,6.49,6.6,11.09,6.36,18.31,19.15,129.8,38.3,3.3891,Fail,488.04,1646.79,UB 533x210x82,UC 305x305x118,82.2,118.0,86.15,147.06,100715.08
3565,5,2,1,3.21,7.4,5.3,18.54,11.0,17.15,16.05,103.32,32.1,3.2188,Fail,508.57,2117.77,UB 533x210x82,UC 305x305x118,82.2,118.0,89.77,151.18,30063.9
3566,5,2,3,3.41,5.27,7.48,10.29,12.0,22.35,17.05,136.63,34.1,4.0068,Fail,649.31,2061.76,UB 610x229x101,UC 305x305x118,101.2,118.0,81.98,192.79,79539.68
3567,4,1,1,4.38,6.08,4.66,23.77,7.57,13.57,17.52,249.28,35.04,7.1143,Fail,934.0,1241.48,UB 610x229x101,UC 305x305x118,101.2,118.0,117.93,176.06,16964.54
3568,2,3,3,3.73,5.59,6.25,20.87,3.89,6.01,7.46,7.72,14.92,0.5173,Pass,125.74,833.78,UB 356x171x45,UC 203x203x60,45.0,60.0,83.77,98.64,19948.8
3569,1,1,2,4.04,5.64,5.76,17.97,7.37,22.46,4.04,24.43,8.08,3.0231,Fail,194.54,364.63,UB 356x171x45,UC 254x254x73,45.0,73.1,91.28,91.28,3570.14
3570,3,3,2,4.11,7.77,5.06,14.82,8.38,2.21,12.33,9.36,24.66,0.3794,Pass,191.31,1309.55,UB 457x191x67,UC 254x254x89,67.1,89.0,86.76,94.89,35393.97
3571,1,2,1,3.16,5.33,7.56,19.38,8.25,0.93,3.16,0.28,6.32,0.0446,Pass,157.61,372.85,UB 356x171x45,UC 203x203x60,45.0,60.0,81.04,89.76,3117.6
3572,3,2,3,3.45,6.05,4.44,24.41,5.29,1.99,10.35,5.72,20.7,0.2762,Pass,148.78,1334.34,UB 406x178x54,UC 254x254x89,54.3,89.0,82.43,82.03,25447.64
3573,4,1,3,3.17,5.25,4.86,14.48,2.89,10.35,12.68,58.28,25.36,2.2979,Fail,369.56,869.11,UB 457x191x67,UC 305x305x97,67.1,96.9,92.68,97.2,23292.48
3574,4,1,1,3.46,7.67,7.44,26.94,2.99,12.91,13.84,122.38,27.68,4.4211,Fail,614.2,1379.69,UB 610x229x101,UC 305x305x118,101.2,118.0,77.55,126.53,18765.54
3575,2,2,3,4.12,7.13,5.37,22.73,5.5,24.28,8.24,68.58,16.48,4.1614,Fail,358.92,1020.63,UB 457x191x67,UC 305x305x118,67.1,118.0,90.01,103.75,25808.49
3576,3,1,3,3.6,7.88,5.52,23.83,14.02,23.58,10.8,155.04,21.6,7.1776,Fail,817.22,1697.3,UB 610x229x101,UC 305x305x118,101.2,118.0,103.18,173.38,29819.9
3577,2,2,2,3.13,5.07,4.11,12.25,12.39,6.82,6.26,6.3,12.52,0.5028,Pass,101.97,690.08,UB 305x165x40,UC 203x203x60,40.5,60.0,88.54,80.13,7841.88
3578,3,2,2,4.27,5.42,5.64,15.6,2.12,24.81,12.81,141.01,25.62,5.5039,Fail,589.42,850.45,UB 610x229x101,UC 305x305x118,101.2,118.0,74.42,156.06,33751.12
3579,1,1,3,4.43,6.57,4.55,17.41,3.95,5.51,4.43,8.86,8.86,1.0,Pass,99.18,247.53,UB 406x178x54,UC 203x203x60,54.3,60.0,75.92,76.4,5035.79
3580,5,2,3,3.71,5.07,4.5,7.47,13.14,24.15,18.55,194.18,37.1,5.2341,Fail,823.05,1431.27,UB 610x229x101,UC 305x305x118,101.2,118.0,103.92,212.53,67283.16
3581,4,3,1,3.59,6.12,6.14,21.45,13.37,23.56,14.36,88.34,28.72,3.0759,Fail,464.07,1830.13,UB 533x210x82,UC 305x305x118,82.2,118.0,81.92,139.98,33704.7
3582,3,3,3,3.68,7.92,6.34,11.47,12.15,15.11,11.04,43.33,22.08,1.9622,Fail,282.72,1482.35,UB 457x191x67,UC 305x305x118,67.1,118.0,93.54,86.23,55289.98
3583,1,2,3,4.38,5.44,6.17,6.74,7.35,17.33,4.38,15.61,8.76,1.7822,Fail,100.37,250.27,UB 305x165x40,UC 203x203x60,40.5,60.0,62.55,85.34,7165.13
3584,3,1,1,3.41,6.11,5.01,11.8,13.33,24.03,10.23,113.18,20.46,5.5316,Fail,669.62,784.44,UB 610x229x101,UC 305x305x118,101.2,118.0,84.55,128.85,11580.62
3585,4,1,1,4.04,4.69,5.95,19.26,11.26,14.41,16.16,176.88,32.32,5.4727,Fail,827.95,1273.79,UB 610x229x101,UC 305x305x118,101.2,118.0,104.54,160.52,16241.66
3586,1,2,1,3.89,5.42,5.14,23.72,7.56,8.23,3.89,4.8,7.78,0.6168,Pass,141.66,372.27,UB 356x171x45,UC 203x203x46,45.0,46.1,96.47,91.3,2745.47
3587,2,1,3,4.13,5.9,6.78,29.23,12.98,3.26,8.26,14.34,16.52,0.8679,Pass,256.95,1196.99,UB 457x191x67,UC 254x254x89,67.1,89.0,69.11,97.16,14507.5
3588,3,1,3,3.01,4.05,5.66,28.26,13.56,22.2,9.03,55.16,18.06,3.0541,Fail,494.89,1581.09,UB 533x210x82,UC 305x305x118,82.2,118.0,87.36,120.25,20893.78
3589,1,3,2,3.31,5.22,6.32,24.58,11.06,7.97,3.31,1.87,6.62,0.283,Pass,212.46,631.56,UB 356x171x45,UC 203x203x60,45.0,60.0,99.69,83.53,6772.5
3590,2,1,2,4.01,7.26,6.85,18.77,12.7,10.56,8.02,46.19,16.04,2.8798,Fail,321.68,1028.86,UB 457x191x67,UC 305x305x97,67.1,96.9,96.0,94.08,11262.78
3591,5,3,2,4.08,6.75,6.73,6.15,3.18,0.32,20.4,2.94,40.8,0.072,Pass,56.88,909.69,UB 305x165x40,UC 203x203x60,40.5,60.0,79.12,93.59,37892.48
3592,5,1,1,4.02,6.49,6.55,13.45,7.27,1.87,20.1,39.57,40.2,0.9844,Pass,193.73,999.82,UB 406x178x54,UC 254x254x89,54.3,89.0,70.99,82.45,14236.32
3593,2,1,2,4.31,7.11,7.76,12.54,5.66,17.47,8.62,97.12,17.24,5.6334,Fail,444.71,693.37,UB 533x210x82,UC 305x305x118,82.2,118.0,78.5,98.78,14712.59
3594,3,1,3,4.06,6.55,7.56,11.13,11.28,19.35,12.18,172.1,24.36,7.0648,Fail,763.64,1260.36,UB 610x229x101,UC 305x305x118,101.2,118.0,96.42,159.57,33223.54
3595,5,1,3,3.32,4.68,6.14,16.8,6.67,10.13,16.6,94.45,33.2,2.845,Fail,521.11,1676.36,UB 533x210x82,UC 305x305x118,82.2,118.0,91.99,122.03,38505.56
3596,4,3,3,3.19,4.83,7.67,15.36,6.23,6.85,12.76,15.18,25.52,0.5946,Pass,163.72,1536.28,UB 305x165x40,UC 254x254x89,40.5,89.0,95.26,92.64,42470.24
3597,4,3,2,3.14,4.33,6.07,8.25,11.47,24.61,12.56,48.9,25.12,1.9465,Fail,333.5,1232.73,UB 457x191x67,UC 305x305x118,67.1,118.0,83.64,103.1,41278.01
3598,5,2,1,4.01,6.09,6.38,6.82,11.38,0.05,20.05,0.63,40.1,0.0158,Pass,87.06,1231.09,UB 356x171x45,UC 254x254x73,45.0,73.1,79.62,89.98,18581.43
3599,5,1,1,4.48,4.48,5.2,15.03,5.31,17.81,22.4,461.26,44.8,10.296,Fail,1615.53,1994.69,UB 610x229x101,UC 305x305x118,101.2,118.0,203.98,295.84,20368.96
3600,1,1,3,4.28,4.96,7.03,16.44,12.4,4.31,4.28,5.56,8.56,0.6494,Pass,196.93,413.24,UB 356x171x45,UC 203x203x46,45.0,46.1,92.4,98.4,4369.36
3601,3,2,1,4.44,7.25,6.68,27.93,13.15,19.13,13.32,142.81,26.64,5.3606,Fail,591.39,1880.07,UB 610x229x101,UC 305x305x118,101.2,118.0,74.67,168.91,24319.1
3602,2,1,2,4.5,6.68,7.88,18.99,12.9,18.2,9.0,114.26,18.0,6.3475,Fail,538.6,1174.57,UB 533x210x82,UC 305x305x118,82.2,118.0,95.08,126.85,14848.46
3603,4,1,1,3.7,6.24,4.48,8.68,5.15,8.36,14.8,87.58,29.6,2.9586,Fail,407.18,548.91,UB 533x210x82,UC 305x305x97,82.2,96.9,71.88,94.07,12785.95
3604,1,1,1,4.13,6.91,6.22,5.77,14.6,18.87,4.13,23.98,8.26,2.9035,Fail,189.17,215.87,UB 406x178x54,UC 254x254x73,54.3,73.1,84.24,81.33,2633.53
3605,4,2,3,4.46,4.24,5.64,15.15,11.46,3.71,17.84,36.23,35.68,1.0153,Fail,170.14,1513.39,UB 305x165x40,UC 305x305x97,40.5,96.9,98.99,95.89,34462.51
3606,4,2,3,4.27,6.2,4.86,19.28,14.97,11.48,17.08,113.01,34.16,3.3083,Fail,460.83,2206.27,UB 533x210x82,UC 305x305x118,82.2,118.0,81.35,153.38,54875.47
3607,4,2,2,4.14,6.67,4.53,7.71,11.32,20.73,16.56,190.0,33.12,5.7368,Fail,680.58,1272.8,UB 610x229x101,UC 305x305x118,101.2,118.0,85.93,181.82,44789.28
3608,2,3,3,3.71,7.33,7.0,26.07,2.28,1.17,7.42,1.87,14.84,0.1261,Pass,191.43,1141.88,UB 457x191x67,UC 254x254x89,67.1,89.0,89.01,86.19,33643.11
3609,2,2,3,4.17,6.11,6.05,23.33,13.95,17.63,8.34,48.7,16.68,2.9199,Fail,296.62,1338.47,UB 457x191x67,UC 305x305x118,67.1,118.0,74.39,95.34,25676.33
3610,4,3,1,3.25,5.99,7.36,23.81,2.46,24.1,13.0,63.3,26.0,2.4347,Fail,374.47,1406.57,UB 457x191x67,UC 305x305x118,67.1,118.0,93.91,112.3,29819.99
3611,5,1,2,3.76,6.38,6.69,22.29,8.39,7.61,18.8,127.19,37.6,3.3826,Fail,550.92,2371.41,UB 533x210x82,UC 305x305x118,82.2,118.0,97.25,146.15,32175.3
3612,4,2,3,3.26,5.64,4.24,16.87,5.72,21.59,13.04,79.36,26.08,3.0429,Fail,448.1,1265.13,UB 533x210x82,UC 305x305x118,82.2,118.0,79.1,127.91,45847.1
3613,3,2,2,3.66,5.71,5.58,21.92,3.17,14.95,10.98,50.53,21.96,2.3008,Fail,293.54,1229.59,UB 406x178x54,UC 305x305x118,54.3,118.0,97.93,93.81,22695.61
3614,2,3,1,3.67,6.34,5.99,19.43,2.05,22.99,7.34,29.1,14.68,1.9825,Fail,199.2,558.84,UB 406x178x54,UC 254x254x89,54.3,89.0,68.61,85.45,11959.28
3615,1,1,2,3.5,4.53,4.6,9.65,14.67,9.93,3.5,5.95,7.0,0.8493,Pass,80.91,278.57,UB 305x165x40,UC 203x203x46,40.5,46.1,62.34,82.53,2263.7
3616,2,1,1,3.19,6.97,6.65,27.6,6.49,23.83,6.38,46.24,12.76,3.6235,Fail,398.24,702.7,UB 457x191x67,UC 305x305x97,67.1,96.9,99.87,99.84,6128.5
3617,3,2,1,3.36,6.45,6.86,5.83,14.91,18.84,10.08,50.24,20.16,2.4921,Fail,306.88,917.7,UB 457x191x67,UC 305x305x118,67.1,118.0,76.96,87.52,16472.93
3618,3,1,3,3.57,5.34,5.73,13.57,10.41,6.79,10.71,34.85,21.42,1.6268,Fail,239.39,940.77,UB 406x178x54,UC 254x254x89,54.3,89.0,79.86,94.95,16705.57
3619,4,3,2,3.55,4.5,6.83,10.0,11.88,14.37,14.2,44.82,28.4,1.5781,Fail,263.29,1485.05,UB 406x178x54,UC 305x305x118,54.3,118.0,87.84,94.44,40771.61
3620,1,1,3,4.2,7.36,7.52,14.99,14.01,10.2,4.2,14.15,8.4,1.6846,Fail,227.5,492.07,UB 457x191x67,UC 254x254x73,67.1,73.1,92.17,92.89,7459.14
3621,2,1,1,3.74,4.92,7.97,8.24,8.93,8.87,7.48,25.25,14.96,1.688,Fail,178.32,361.44,UB 356x171x45,UC 254x254x73,45.0,73.1,83.67,77.35,4507.35
3622,4,1,3,3.35,4.56,7.15,26.37,4.85,16.85,13.4,106.73,26.8,3.9824,Fail,665.91,1949.18,UB 610x229x101,UC 305x305x118,101.2,118.0,84.08,153.93,37399.07
3623,2,2,3,3.31,4.14,7.24,22.94,12.72,18.33,6.62,18.96,13.24,1.4322,Fail,247.73,1185.38,UB 406x178x54,UC 305x305x97,54.3,96.9,82.65,84.47,18370.94
3624,1,1,3,4.04,5.25,6.62,11.27,13.65,5.11,4.04,5.43,8.08,0.6723,Pass,152.72,352.03,UB 305x165x40,UC 203x203x46,40.5,46.1,99.43,91.06,3949.11
3625,4,1,2,3.3,4.93,7.05,22.07,10.22,13.44,13.2,83.99,26.4,3.1813,Fail,532.64,2005.79,UB 533x210x82,UC 305x305x118,82.2,118.0,94.02,134.55,23480.71
3626,5,1,3,3.42,5.59,7.06,7.06,6.68,12.17,17.1,137.18,34.2,4.0111,Fail,640.95,1266.06,UB 610x229x101,UC 305x305x118,101.2,118.0,80.93,129.96,48890.72
3627,5,3,1,3.4,4.88,4.4,18.09,11.24,15.66,17.0,63.71,34.0,1.8738,Fail,350.44,1473.15,UB 457x191x67,UC 305x305x118,67.1,118.0,87.89,107.94,31776.24
3628,1,2,2,3.86,5.54,4.07,29.43,10.16,7.39,3.86,4.23,7.72,0.5479,Pass,182.3,600.02,UB 406x178x54,UC 203x203x60,54.3,60.0,84.37,95.68,5215.34
3629,3,2,2,4.09,6.76,4.38,17.24,11.06,19.79,12.27,107.07,24.54,4.3632,Fail,478.96,1404.89,UB 533x210x82,UC 305x305x118,82.2,118.0,84.55,138.56,29513.48
3630,4,3,3,3.24,5.16,5.29,22.83,10.18,11.26,12.96,27.19,25.92,1.0489,Fail,208.2,1966.88,UB 356x171x45,UC 305x305x118,45.0,118.0,97.69,89.4,47040.48
3631,5,2,3,3.79,6.47,5.05,29.04,8.84,13.9,18.95,136.2,37.9,3.5937,Fail,569.5,3075.79,UB 610x229x101,UC 305x305x118,101.2,118.0,71.91,194.88,76021.46
3632,5,1,1,3.9,6.45,6.43,27.84,10.8,12.95,19.5,246.33,39.0,6.3163,Fail,959.95,2075.4,UB 610x229x101,UC 305x305x118,101.2,118.0,121.21,197.29,22238.56
3633,2,3,1,3.12,5.49,4.95,7.37,8.63,18.94,6.24,12.67,12.48,1.0149,Fail,116.58,372.34,UB 305x165x40,UC 203x203x60,40.5,60.0,73.0,93.25,7267.14
3634,4,2,2,4.17,6.72,6.91,8.19,2.15,10.9,16.68,102.83,33.36,3.0825,Fail,363.48,816.16,UB 457x191x67,UC 305x305x118,67.1,118.0,91.16,101.36,39663.91
3635,5,2,3,4.01,4.15,6.58,10.58,5.87,10.44,20.05,101.52,40.1,2.5317,Fail,429.65,1253.77,UB 533x210x82,UC 305x305x118,82.2,118.0,75.84,123.62,66375.42
3636,1,2,3,3.87,6.13,4.99,18.99,6.66,15.39,3.87,9.13,7.74,1.1798,Fail,157.15,429.64,UB 406x178x54,UC 203x203x60,54.3,60.0,74.05,88.32,7887.88
3637,1,1,3,3.5,5.24,7.43,14.53,3.99,8.13,3.5,5.12,7.0,0.7318,Pass,137.2,276.81,UB 305x165x40,UC 203x203x46,40.5,46.1,79.83,76.58,3945.17
3638,5,2,1,4.36,5.77,4.82,21.92,7.39,14.91,21.8,223.83,43.6,5.1337,Fail,738.27,1674.2,UB 610x229x101,UC 305x305x118,101.2,118.0,93.22,198.31,34429.64
3639,3,3,2,4.38,5.16,4.8,19.07,6.17,18.6,13.14,80.38,26.28,3.0584,Fail,360.19,1109.22,UB 457x191x67,UC 305x305x118,67.1,118.0,90.33,107.76,35684.53
3640,4,2,2,4.17,6.61,4.79,16.75,8.68,5.43,16.68,50.87,33.36,1.5249,Fail,245.34,1691.91,UB 406x178x54,UC 305x305x118,54.3,118.0,92.05,90.7,32570.64
3641,1,1,3,4.28,4.06,4.59,25.17,8.08,5.1,4.28,6.21,8.56,0.7257,Pass,94.95,330.48,UB 305x165x40,UC 203x203x46,40.5,46.1,61.36,84.43,3351.55
3642,4,1,3,4.11,4.67,6.94,21.42,8.0,18.0,16.44,234.14,32.88,7.1211,Fail,1055.76,2021.33,UB 610x229x101,UC 305x305x118,101.2,118.0,133.3,218.48,39936.9
3643,2,1,3,3.31,7.67,5.81,19.11,9.78,1.63,6.62,3.9,13.24,0.2946,Pass,195.59,803.56,UB 533x210x82,UC 254x254x89,82.2,89.0,64.32,83.43,15488.22
3644,4,1,1,3.87,4.13,4.04,18.72,7.6,18.0,15.48,180.56,30.96,5.8321,Fail,932.19,1219.57,UB 610x229x101,UC 305x305x118,101.2,118.0,117.7,174.34,13920.99
3645,1,3,2,3.31,7.44,4.62,12.74,14.01,11.18,3.31,3.02,6.62,0.4558,Pass,207.62,500.06,UB 457x191x67,UC 254x254x73,67.1,73.1,87.82,70.74,9876.56
3646,5,3,3,4.04,6.66,6.06,20.35,10.19,6.98,20.2,60.46,40.4,1.4966,Fail,285.89,2771.46,UB 457x191x67,UC 305x305x118,67.1,118.0,71.92,127.04,89348.32
3647,4,2,1,4.18,6.47,4.09,9.95,3.26,10.37,16.72,96.77,33.44,2.8938,Fail,356.32,637.69,UB 457x191x67,UC 305x305x118,67.1,118.0,89.36,92.4,22077.22
3648,3,3,3,3.16,5.14,7.0,25.37,11.31,10.46,9.48,14.25,18.96,0.7514,Pass,234.26,1914.91,UB 406x178x54,UC 305x305x97,54.3,96.9,78.15,95.02,38429.06
3649,5,2,2,4.37,7.17,6.75,29.21,9.01,19.2,21.85,324.25,43.7,7.4199,Fail,982.02,3827.81,UB 610x229x101,UC 305x305x118,101.2,118.0,123.99,310.82,65465.82
3650,1,3,3,3.49,6.0,6.29,21.48,7.06,8.62,3.49,2.56,6.98,0.3666,Pass,152.55,512.36,UB 406x178x54,UC 203x203x60,54.3,60.0,77.26,80.65,11358.56
3651,1,3,1,3.66,7.2,5.21,16.23,3.18,13.22,3.66,4.91,7.32,0.6713,Pass,142.97,269.52,UB 406x178x54,UC 203x203x46,54.3,46.1,90.8,90.68,4827.18
3652,5,3,1,4.46,5.09,7.26,13.87,9.88,10.08,22.3,108.64,44.6,2.4358,Fail,386.48,1479.34,UB 457x191x67,UC 305x305x118,67.1,118.0,96.92,119.94,41040.29
3653,3,3,1,3.76,5.58,6.99,6.44,5.12,12.79,11.28,33.16,22.56,1.4699,Fail,178.79,455.96,UB 356x171x45,UC 254x254x73,45.0,73.1,83.89,96.61,14890.94
3654,5,3,3,4.24,5.56,5.57,20.21,10.32,6.63,21.2,62.17,42.4,1.4663,Fail,265.55,2421.48,UB 406x178x54,UC 305x305x118,54.3,118.0,88.59,119.5,76287.14
3655,2,2,1,3.54,6.11,6.38,9.42,3.46,20.51,7.08,31.56,14.16,2.2289,Fail,195.22,342.97,UB 356x171x45,UC 254x254x89,45.0,89.0,91.6,85.82,7702.92
3656,3,2,1,4.23,6.02,4.25,18.03,2.59,8.25,12.69,47.55,25.38,1.8736,Fail,227.32,711.34,UB 406x178x54,UC 305x305x97,54.3,96.9,75.84,79.53,13377.57
3657,3,2,3,3.44,5.71,7.62,19.69,2.76,11.92,10.32,32.44,20.64,1.5718,Fail,216.16,1270.0,UB 406x178x54,UC 305x305x97,54.3,96.9,72.11,94.87,30613.05
3658,3,2,2,3.69,6.94,6.33,21.43,13.46,10.65,11.07,40.92,22.14,1.8484,Fail,302.55,2067.93,UB 457x191x67,UC 305x305x118,67.1,118.0,92.97,103.08,27783.85
3659,2,1,1,4.22,4.18,7.02,23.18,12.61,10.13,8.44,41.64,16.88,2.4669,Fail,265.11,640.01,UB 406x178x54,UC 254x254x89,54.3,89.0,88.44,97.99,5437.28
3660,3,2,3,4.18,6.84,6.84,22.55,10.3,22.57,12.54,132.53,25.08,5.2844,Fail,570.34,1956.61,UB 610x229x101,UC 305x305x118,101.2,118.0,72.01,174.44,53059.25
3661,1,1,2,3.18,6.08,4.89,10.42,3.7,13.6,3.18,6.44,6.36,1.0131,Fail,87.45,180.5,UB 305x165x40,UC 203x203x46,40.5,46.1,87.51,79.59,2410.49
3662,4,1,1,4.22,6.06,5.26,5.01,13.21,4.18,16.88,67.48,33.76,1.9989,Fail,292.04,690.18,UB 406x178x54,UC 254x254x89,54.3,89.0,97.43,96.59,10926.69
3663,3,2,1,4.18,4.05,7.97,27.11,2.89,21.39,12.54,100.47,25.08,4.0061,Fail,508.05,994.65,UB 533x210x82,UC 305x305x118,82.2,118.0,89.68,137.05,18769.45
3664,3,2,1,4.44,4.37,5.5,6.37,11.72,16.35,13.32,98.13,26.64,3.6836,Fail,432.54,566.31,UB 533x210x82,UC 305x305x118,82.2,118.0,76.35,109.65,17810.03
3665,1,3,2,3.91,7.08,4.46,27.83,10.13,18.1,3.91,8.49,7.82,1.0862,Fail,269.88,664.52,UB 533x210x82,UC 254x254x73,82.2,73.1,66.47,94.35,11600.53
3666,1,2,2,3.18,4.38,7.25,25.26,4.89,23.22,3.18,6.03,6.36,0.9483,Pass,229.46,538.81,UB 406x178x54,UC 203x203x60,54.3,60.0,76.55,82.15,5506.25
3667,4,3,2,3.12,5.73,6.64,6.92,2.1,0.29,12.48,0.69,24.96,0.0276,Pass,52.74,640.54,UB 254x146x31,UC 203x203x46,31.1,46.1,90.19,75.26,19927.37
3668,3,3,1,3.9,4.82,4.65,25.89,14.46,13.96,11.7,38.78,23.4,1.6573,Fail,249.09,1236.26,UB 406x178x54,UC 305x305x97,54.3,96.9,83.1,99.17,16810.85
3669,3,1,2,4.38,6.81,6.4,7.09,14.52,5.5,13.14,64.87,26.28,2.4684,Fail,304.31,1034.89,UB 457x191x67,UC 305x305x97,67.1,96.9,76.32,94.28,16905.44
3670,2,1,1,3.42,5.41,7.85,6.05,13.33,21.49,6.84,46.58,13.68,3.405,Fail,335.54,457.07,UB 457x191x67,UC 305x305x97,67.1,96.9,84.15,88.7,6210.17
3671,3,1,3,3.08,7.97,4.85,26.82,2.95,23.22,9.24,91.09,18.48,4.9289,Fail,593.61,1207.9,UB 610x229x101,UC 305x305x118,101.2,118.0,74.95,123.86,27236.09
3672,4,2,3,3.83,5.54,6.87,11.37,2.09,9.99,15.32,63.67,30.64,2.0779,Fail,288.14,941.1,UB 406x178x54,UC 305x305x118,54.3,118.0,96.13,86.85,44748.9
3673,1,3,1,4.36,7.16,6.96,23.02,10.45,22.92,4.36,15.93,8.72,1.8267,Fail,257.73,512.12,UB 457x191x67,UC 254x254x73,67.1,73.1,97.94,88.19,7300.41
3674,4,3,2,4.41,5.72,5.96,7.33,3.43,13.86,17.64,103.39,35.28,2.9306,Fail,368.82,745.06,UB 457x191x67,UC 305x305x118,67.1,118.0,92.49,99.82,51592.78
3675,1,3,1,3.81,7.6,6.67,8.29,10.69,16.13,3.81,7.04,7.62,0.9241,Pass,164.74,306.12,UB 457x191x67,UC 203x203x60,67.1,60.0,66.42,80.95,6678.79
3676,2,3,3,4.27,7.7,4.78,9.55,6.64,21.87,8.54,51.52,17.08,3.0165,Fail,244.81,591.89,UB 406x178x54,UC 305x305x97,54.3,96.9,92.64,84.46,29504.35
3677,5,2,3,4.08,4.54,5.72,8.77,3.5,7.11,20.4,76.11,40.8,1.8653,Fail,303.93,880.51,UB 457x191x67,UC 305x305x118,67.1,118.0,76.22,87.41,58343.3
3678,3,3,2,3.83,6.75,6.8,29.91,12.6,21.15,11.49,64.13,22.98,2.7909,Fail,403.11,2532.46,UB 533x210x82,UC 305x305x118,82.2,118.0,71.16,140.12,44665.83
3679,5,3,2,3.95,6.28,5.62,18.69,14.57,8.98,19.75,69.77,39.5,1.7662,Fail,321.54,2882.4,UB 457x191x67,UC 305x305x118,67.1,118.0,80.64,138.99,62012.54
3680,3,1,1,3.1,7.02,7.37,24.82,2.08,3.06,9.3,11.4,18.6,0.6127,Pass,171.87,807.56,UB 457x191x67,UC 254x254x73,67.1,73.1,74.19,86.96,8512.73
3681,3,1,3,4.33,7.07,5.01,23.68,12.49,21.0,12.99,242.9,25.98,9.3495,Fail,986.42,1553.74,UB 610x229x101,UC 305x305x118,101.2,118.0,124.55,201.63,29974.58
3682,5,3,1,4.04,6.0,4.41,5.95,12.07,21.02,20.2,172.31,40.4,4.265,Fail,613.83,1100.42,UB 610x229x101,UC 305x305x118,101.2,118.0,77.5,157.96,46210.64
3683,3,2,3,3.49,5.12,7.5,5.75,7.25,14.77,10.47,40.11,20.94,1.9153,Fail,239.74,727.79,UB 406x178x54,UC 305x305x97,54.3,96.9,79.98,89.41,29842.65
3684,3,3,1,3.62,4.53,7.78,11.56,7.18,14.85,10.86,30.78,21.72,1.4173,Fail,196.56,678.78,UB 356x171x45,UC 254x254x89,45.0,89.0,92.23,91.44,15602.82
3685,2,3,3,3.96,7.66,5.39,21.35,8.33,3.54,7.92,6.62,15.84,0.4176,Pass,228.39,1114.08,UB 533x210x82,UC 254x254x89,82.2,89.0,65.82,93.73,37023.12
3686,3,1,2,3.21,6.47,4.06,20.51,7.91,21.48,9.63,85.13,19.26,4.4201,Fail,556.93,1035.44,UB 533x210x82,UC 305x305x118,82.2,118.0,98.31,115.82,15609.33
3687,4,2,1,3.47,4.76,7.04,18.34,7.9,18.82,13.88,79.06,27.76,2.848,Fail,446.13,1219.64,UB 533x210x82,UC 305x305x118,82.2,118.0,78.75,125.76,23031.65
3688,5,1,3,4.21,4.78,4.38,28.45,14.57,12.38,21.05,264.35,42.1,6.2792,Fail,1034.95,2573.5,UB 610x229x101,UC 305x305x118,101.2,118.0,130.68,226.21,42843.6
3689,5,3,2,3.19,7.96,6.69,14.38,8.74,14.56,15.95,62.4,31.9,1.9562,Fail,339.49,2453.28,UB 457x191x67,UC 305x305x118,67.1,118.0,92.96,123.64,64576.38
3690,1,1,3,3.58,6.44,5.78,14.7,3.57,9.76,3.58,7.23,7.16,1.0103,Fail,96.49,244.76,UB 356x171x45,UC 203x203x46,45.0,46.1,94.52,93.55,4040.1
3691,2,3,3,3.6,4.03,4.76,19.92,3.66,20.2,7.2,20.07,14.4,1.3935,Fail,152.09,593.03,UB 305x165x40,UC 254x254x73,40.5,73.1,88.49,94.57,16965.0
3692,4,3,3,4.38,7.99,6.7,17.08,2.6,9.9,17.52,85.0,35.04,2.4259,Fail,318.77,1627.41,UB 457x191x67,UC 305x305x118,67.1,118.0,80.03,106.3,80391.31
3693,4,1,2,4.12,7.29,5.18,8.95,13.66,20.55,16.48,338.98,32.96,10.2846,Fail,1204.12,1534.51,UB 610x229x101,UC 305x305x118,101.2,118.0,152.04,228.89,28908.27
3694,4,1,1,3.13,7.75,5.29,11.84,14.49,8.51,12.52,58.26,25.04,2.3266,Fail,379.51,1061.17,UB 457x191x67,UC 305x305x97,67.1,96.9,97.71,98.34,11852.62
3695,3,3,2,4.25,4.0,5.28,25.92,12.89,7.72,12.75,27.29,25.5,1.0701,Fail,168.44,1598.0,UB 305x165x40,UC 305x305x97,40.5,96.9,98.0,96.46,24331.86
3696,4,1,2,3.27,5.45,7.4,13.49,3.95,15.65,13.08,99.93,26.16,3.82,Fail,575.83,1239.97,UB 610x229x101,UC 305x305x118,101.2,118.0,72.71,121.83,27861.2
3697,2,2,1,4.15,4.75,4.48,11.8,13.94,0.42,8.3,1.07,16.6,0.0643,Pass,78.38,536.8,UB 305x165x40,UC 203x203x46,40.5,46.1,76.06,90.79,4923.42
3698,5,3,1,3.43,4.6,4.6,23.14,11.24,0.17,17.15,0.78,34.3,0.0228,Pass,93.5,1655.38,UB 305x165x40,UC 254x254x89,40.5,89.0,92.27,88.65,21525.8
3699,1,1,3,3.41,5.03,6.98,23.14,12.31,6.93,3.41,3.93,6.82,0.5756,Pass,235.26,499.43,UB 406x178x54,UC 203x203x60,54.3,60.0,78.48,86.43,5003.4
3700,1,2,1,4.21,6.15,7.16,17.8,5.45,22.67,4.21,18.3,8.42,2.1732,Fail,161.35,331.2,UB 406x178x54,UC 254x254x73,54.3,73.1,67.78,70.08,4348.65
3701,2,3,3,3.7,7.34,6.37,18.6,10.96,7.59,7.4,10.75,14.8,0.7264,Pass,222.87,1176.3,UB 457x191x67,UC 254x254x89,67.1,89.0,93.19,92.51,32616.18
3702,2,1,1,3.64,6.12,4.91,10.43,10.1,14.15,7.28,40.5,14.56,2.7818,Fail,275.09,377.55,UB 406x178x54,UC 254x254x89,54.3,89.0,91.77,88.14,4987.4
3703,5,1,3,3.16,4.06,4.17,22.03,6.98,21.54,15.8,159.58,31.6,5.0499,Fail,973.91,1909.4,UB 610x229x101,UC 305x305x118,101.2,118.0,122.97,193.95,35792.76
3704,2,2,2,4.49,6.08,6.47,25.14,12.54,16.98,8.98,61.02,17.96,3.3978,Fail,317.95,1430.03,UB 457x191x67,UC 305x305x118,67.1,118.0,79.74,106.09,19642.02
3705,3,3,2,3.68,5.13,7.78,13.67,3.66,5.33,11.04,12.37,22.08,0.5604,Pass,143.51,976.29,UB 305x165x40,UC 254x254x73,40.5,73.1,83.5,79.83,22856.1
3706,3,3,3,4.43,4.57,7.0,29.8,12.71,3.73,13.29,16.1,26.58,0.6056,Pass,272.46,2121.53,UB 406x178x54,UC 305x305x118,54.3,118.0,90.9,92.89,47708.56
3707,3,2,3,3.28,6.56,4.81,7.92,13.69,24.25,9.84,60.02,19.68,3.0498,Fail,365.52,1102.04,UB 457x191x67,UC 305x305x118,67.1,118.0,91.67,106.46,33211.94
3708,5,1,3,3.04,4.18,5.0,13.41,5.0,18.41,15.2,120.73,30.4,3.9715,Fail,762.65,1432.62,UB 610x229x101,UC 305x305x118,101.2,118.0,96.29,150.51,37989.12
3709,2,3,2,3.24,7.95,5.77,16.82,6.94,9.47,6.48,8.83,12.96,0.6813,Pass,207.39,954.71,UB 457x191x67,UC 254x254x73,67.1,73.1,95.17,97.71,21480.94
3710,1,3,1,3.81,7.88,5.2,22.67,12.76,11.17,3.81,5.05,7.62,0.6631,Pass,302.98,537.53,UB 533x210x82,UC 254x254x73,82.2,73.1,85.54,93.59,7824.26
3711,2,1,3,3.71,4.83,6.74,25.54,11.32,9.75,7.42,26.78,14.84,1.8046,Fail,223.0,1019.76,UB 406x178x54,UC 254x254x89,54.3,89.0,74.39,97.02,11772.98
3712,3,3,1,3.15,7.11,6.84,14.9,3.24,16.37,9.45,25.9,18.9,1.3706,Fail,198.64,801.09,UB 406x178x54,UC 254x254x89,54.3,89.0,81.72,85.05,18134.66
3713,4,2,3,4.35,4.33,7.16,11.58,2.05,20.48,17.4,184.15,34.8,5.2917,Fail,737.81,1065.26,UB 610x229x101,UC 305x305x118,101.2,118.0,93.16,187.06,64745.98
3714,1,2,1,3.42,5.14,4.57,24.71,9.77,23.28,3.42,8.3,6.84,1.2137,Fail,153.85,380.32,UB 356x171x45,UC 203x203x60,45.0,60.0,90.69,85.98,2773.35
3715,3,3,2,3.47,7.73,4.85,19.88,9.96,11.97,10.41,27.8,20.82,1.3353,Fail,283.0,1641.46,UB 533x210x82,UC 305x305x97,82.2,96.9,68.01,97.44,38828.79
3716,1,3,2,3.34,7.27,7.55,24.64,14.13,4.12,3.34,1.26,6.68,0.1885,Pass,327.41,878.39,UB 533x210x82,UC 254x254x89,82.2,89.0,73.5,82.29,13910.35
3717,4,3,2,3.04,4.1,4.18,10.15,10.23,5.66,12.16,9.83,24.32,0.404,Pass,90.95,984.76,UB 254x146x31,UC 254x254x73,31.1,73.1,83.51,76.07,19417.05
3718,3,3,3,3.74,6.96,6.17,13.9,9.17,10.33,11.22,29.3,22.44,1.3059,Fail,207.08,1318.01,UB 406x178x54,UC 305x305x97,54.3,96.9,97.49,84.9,43062.01
3719,1,3,3,3.79,4.37,7.73,17.79,2.7,17.76,3.79,6.39,7.58,0.843,Pass,163.02,357.6,UB 305x165x40,UC 203x203x46,40.5,46.1,94.85,82.49,8676.1
3720,2,1,2,3.86,4.61,6.43,10.43,7.68,22.96,7.72,71.15,15.44,4.6078,Fail,438.68,611.48,UB 533x210x82,UC 305x305x118,82.2,118.0,77.44,97.0,11967.78
3721,5,1,2,4.35,6.33,4.18,28.0,4.79,4.0,21.75,109.08,43.5,2.5076,Fail,421.42,1797.8,UB 533x210x82,UC 305x305x118,82.2,118.0,74.39,112.35,30075.81
3722,2,1,3,3.48,6.23,7.72,15.97,5.77,5.17,6.96,12.8,13.92,0.9193,Pass,170.06,689.8,UB 406x178x54,UC 254x254x73,54.3,73.1,65.89,69.36,11806.87
3723,1,2,3,4.41,6.95,7.61,10.46,7.15,11.58,4.41,11.53,8.82,1.3075,Fail,142.89,390.45,UB 406x178x54,UC 203x203x60,54.3,60.0,74.09,85.74,9913.29
3724,4,2,3,4.29,5.02,5.84,10.53,7.0,21.49,17.16,195.12,34.32,5.6853,Fail,750.81,1124.29,UB 610x229x101,UC 305x305x118,101.2,118.0,94.8,192.65,61831.62
3725,3,2,1,3.01,7.87,5.51,22.93,4.11,24.81,9.03,50.81,18.06,2.8134,Fail,375.07,1212.99,UB 533x210x82,UC 305x305x118,82.2,118.0,66.21,98.46,18232.51
3726,2,1,1,4.18,6.58,4.51,19.53,14.06,21.47,8.36,103.28,16.72,6.1772,Fail,546.35,628.9,UB 533x210x82,UC 305x305x118,82.2,118.0,96.44,109.97,7592.31
3727,5,2,3,3.25,6.22,5.05,16.01,7.55,17.71,16.25,100.33,32.5,3.0871,Fail,489.27,1884.64,UB 533x210x82,UC 305x305x118,82.2,118.0,86.37,149.89,62141.31
3728,2,3,1,3.3,4.04,5.2,24.48,10.37,24.96,6.6,18.1,13.2,1.3711,Fail,168.2,658.85,UB 305x165x40,UC 254x254x73,40.5,73.1,97.86,99.21,7507.92
3729,4,3,1,3.99,4.15,5.61,21.5,7.16,22.19,15.96,101.6,31.92,3.1831,Fail,499.88,1129.41,UB 533x210x82,UC 305x305x118,82.2,118.0,88.24,133.49,30631.63
3730,5,2,1,3.14,4.81,6.61,11.62,14.98,13.03,15.7,57.26,31.4,1.8235,Fail,343.91,1542.34,UB 457x191x67,UC 305x305x118,67.1,118.0,86.25,109.25,24223.58
3731,3,3,3,3.14,7.87,6.63,29.54,12.38,8.79,9.42,14.96,18.84,0.7943,Pass,355.69,2604.12,UB 610x229x101,UC 305x305x118,101.2,118.0,63.26,116.79,70611.36
3732,2,2,1,3.18,7.49,7.0,16.69,10.87,11.85,6.36,13.95,12.72,1.0965,Fail,231.16,880.29,UB 457x191x67,UC 254x254x73,67.1,73.1,92.32,97.74,9628.33
3733,1,2,3,4.07,7.75,7.16,11.31,14.35,2.37,4.07,1.9,8.14,0.233,Pass,224.76,593.46,UB 457x191x67,UC 254x254x73,67.1,73.1,95.22,74.6,12054.33
3734,4,3,2,3.87,7.7,6.95,25.51,12.48,17.74,15.48,97.54,30.96,3.1505,Fail,489.4,3243.89,UB 533x210x82,UC 305x305x118,82.2,118.0,86.39,174.09,62986.8
3735,5,2,1,3.11,4.99,6.3,9.93,3.36,19.08,15.55,82.55,31.1,2.6543,Fail,451.4,748.45,UB 533x210x82,UC 305x305x118,82.2,118.0,79.68,115.73,26980.86
3736,4,1,3,3.59,6.3,4.71,14.99,7.56,12.31,14.36,117.07,28.72,4.0762,Fail,573.64,1189.08,UB 610x229x101,UC 305x305x118,101.2,118.0,72.43,119.03,35196.45
3737,4,2,3,3.31,7.15,5.7,10.22,12.08,2.23,13.24,9.97,26.48,0.3766,Pass,166.96,1686.63,UB 457x191x67,UC 254x254x89,67.1,89.0,64.98,99.34,43261.72
3738,3,3,1,3.88,4.88,7.26,18.88,14.48,16.31,11.64,44.68,23.28,1.9192,Fail,268.45,1226.04,UB 406x178x54,UC 305x305x118,54.3,118.0,89.56,87.01,20488.49
3739,3,1,2,4.18,7.42,4.77,20.2,2.17,20.29,12.54,213.67,25.08,8.5194,Fail,851.33,1004.5,UB 610x229x101,UC 305x305x118,101.2,118.0,107.49,166.33,21429.14
3740,4,1,2,4.3,4.13,4.3,10.6,3.38,7.7,17.2,111.93,34.4,3.2537,Fail,495.64,784.93,UB 533x210x82,UC 305x305x118,82.2,118.0,87.49,97.51,21906.79
3741,1,2,2,3.28,4.8,7.89,17.48,4.03,1.86,3.28,0.57,6.56,0.0871,Pass,193.57,422.53,UB 356x171x45,UC 203x203x46,45.0,46.1,90.83,90.78,4787.17
3742,5,3,1,3.13,7.46,6.1,14.84,12.4,9.61,15.65,37.24,31.3,1.1899,Fail,268.73,2048.97,UB 457x191x67,UC 305x305x118,67.1,118.0,90.15,92.18,37976.78
3743,3,2,3,3.91,5.25,6.52,25.02,9.84,23.89,11.73,98.01,23.46,4.1779,Fail,508.67,1774.3,UB 533x210x82,UC 305x305x118,82.2,118.0,89.79,158.34,41437.37
3744,3,2,1,3.8,7.69,5.53,20.33,9.44,11.54,11.4,51.81,22.8,2.2722,Fail,330.81,1343.79,UB 533x210x82,UC 305x305x118,82.2,118.0,66.8,88.3,19747.71
3745,2,2,2,3.27,4.15,6.7,7.95,12.41,19.04,6.54,18.85,13.08,1.4412,Fail,158.89,680.16,UB 305x165x40,UC 254x254x89,40.5,89.0,92.44,83.77,10511.64
3746,4,1,2,3.46,6.7,4.23,17.72,7.03,14.15,13.84,123.24,27.68,4.4522,Fail,619.14,1251.41,UB 610x229x101,UC 305x305x118,101.2,118.0,78.17,126.9,24784.42
3747,2,2,2,3.93,5.88,6.66,23.82,6.73,22.88,7.86,50.29,15.72,3.1993,Fail,299.74,1138.01,UB 406x178x54,UC 305x305x118,54.3,118.0,100.0,96.3,16518.38
3748,4,3,1,3.24,7.51,5.87,7.96,10.86,7.71,12.96,22.86,25.92,0.8818,Pass,185.89,1143.31,UB 406x178x54,UC 254x254x89,54.3,89.0,99.91,82.83,24114.41
3749,5,1,2,4.01,4.82,7.23,23.25,13.05,0.12,20.05,2.2,40.1,0.0548,Pass,251.97,2562.01,UB 406x178x54,UC 305x305x118,54.3,118.0,84.06,103.29,25973.07
3750,5,2,3,3.51,6.03,6.75,26.69,10.93,10.5,17.55,76.15,35.1,2.1696,Fail,393.43,3412.08,UB 457x191x67,UC 305x305x118,67.1,118.0,98.67,165.94,61416.94
3751,1,1,3,3.51,6.42,4.8,13.67,6.92,24.21,3.51,16.68,7.02,2.3754,Fail,171.82,261.04,UB 406x178x54,UC 254x254x73,54.3,73.1,68.29,76.21,5010.91
3752,5,2,1,4.42,7.66,7.97,15.27,5.53,12.4,22.1,225.73,44.2,5.1071,Fail,640.25,1710.74,UB 610x229x101,UC 305x305x118,101.2,118.0,80.84,179.61,43249.1
3753,2,2,1,3.23,5.58,5.97,15.61,12.42,21.86,6.46,23.4,12.92,1.8108,Fail,205.45,701.75,UB 356x171x45,UC 254x254x89,45.0,89.0,96.4,91.53,7070.34
3754,5,2,2,4.1,6.07,6.62,14.68,10.05,20.48,20.5,254.41,41.0,6.205,Fail,868.66,2288.46,UB 610x229x101,UC 305x305x118,101.2,118.0,109.68,247.38,60297.84
3755,3,2,3,3.12,5.41,6.51,23.46,5.58,11.08,9.36,20.92,18.72,1.1174,Fail,187.22,1479.15,UB 356x171x45,UC 305x305x97,45.0,96.9,89.07,88.94,24636.26
3756,3,2,3,3.05,6.55,5.01,24.37,5.14,12.38,9.15,23.93,18.3,1.3076,Fail,230.87,1456.79,UB 457x191x67,UC 305x305x97,67.1,96.9,66.11,90.52,30264.36
3757,5,3,1,3.84,5.09,7.33,18.11,7.18,21.96,19.2,139.46,38.4,3.6318,Fail,590.06,1566.13,UB 610x229x101,UC 305x305x118,101.2,118.0,74.5,164.01,48413.96
3758,5,2,2,4.32,4.95,7.22,13.73,9.2,23.55,21.6,319.61,43.2,7.3984,Fail,1098.7,2137.76,UB 610x229x101,UC 305x305x118,101.2,118.0,138.73,291.57,59887.32
3759,4,3,1,3.56,6.13,4.79,18.34,14.02,14.51,14.24,52.95,28.48,1.8591,Fail,310.86,1583.94,UB 457x191x67,UC 305x305x118,67.1,118.0,77.96,98.72,28456.86
3760,2,3,3,3.18,5.63,5.52,29.4,8.82,17.42,6.36,12.7,12.72,0.9986,Pass,190.02,1219.66,UB 406x178x54,UC 254x254x89,54.3,89.0,85.48,84.3,23587.32
3761,3,1,2,3.33,4.84,7.87,26.89,3.14,0.03,9.99,0.14,19.98,0.0071,Pass,249.85,1331.05,UB 406x178x54,UC 254x254x89,54.3,89.0,83.35,91.69,12828.06
3762,4,1,1,4.22,6.83,7.35,12.86,2.6,18.45,16.88,317.87,33.76,9.4156,Fail,1110.91,1019.41,UB 610x229x101,UC 305x305x118,101.2,118.0,140.27,200.53,19447.49
3763,2,2,2,3.77,7.48,5.81,19.54,4.68,22.27,7.54,47.02,15.08,3.118,Fail,294.08,948.9,UB 457x191x67,UC 305x305x118,67.1,118.0,80.81,83.73,18708.59
3764,4,2,2,3.97,5.07,7.93,24.72,13.71,21.59,15.88,149.76,31.76,4.7155,Fail,680.77,2931.89,UB 610x229x101,UC 305x305x118,101.2,118.0,85.96,225.1,48438.96
3765,1,1,1,4.28,7.81,7.61,9.91,12.19,15.48,4.28,23.52,8.56,2.7472,Fail,197.84,260.46,UB 457x191x67,UC 254x254x73,67.1,73.1,83.93,87.34,3320.84
3766,3,1,2,3.89,7.13,6.83,23.95,5.69,20.39,11.67,164.26,23.34,7.0377,Fail,771.16,1514.09,UB 610x229x101,UC 305x305x118,101.2,118.0,97.37,165.63,23050.72
3767,1,1,1,3.27,5.96,4.18,25.1,3.43,21.85,3.27,11.34,6.54,1.7341,Fail,155.47,215.52,UB 406x178x54,UC 254x254x73,54.3,73.1,75.7,67.56,2057.35
3768,3,1,2,3.45,6.07,6.37,16.54,9.36,11.73,10.35,57.3,20.7,2.7684,Fail,370.87,1170.15,UB 457x191x67,UC 305x305x118,67.1,118.0,93.01,89.51,16122.6
3769,5,1,1,4.29,4.09,4.35,11.29,13.56,11.18,21.45,241.54,42.9,5.6302,Fail,945.7,1481.91,UB 610x229x101,UC 305x305x118,101.2,118.0,119.41,180.88,18665.68
3770,3,2,3,4.42,6.11,4.84,13.53,14.3,22.78,13.26,154.29,26.52,5.8177,Fail,609.03,1355.95,UB 610x229x101,UC 305x305x118,101.2,118.0,76.9,170.98,46840.94
3771,2,2,1,3.28,5.87,6.9,26.52,8.11,10.82,6.56,12.58,13.12,0.9586,Pass,185.03,923.05,UB 406x178x54,UC 254x254x73,54.3,73.1,87.79,95.94,7675.16
3772,4,1,2,3.13,7.38,6.8,22.01,3.56,4.0,12.52,26.56,25.04,1.0607,Fail,227.15,1563.44,UB 457x191x67,UC 305x305x97,67.1,96.9,81.93,86.81,20521.98
3773,2,1,3,3.6,4.38,4.87,7.74,4.44,11.54,7.2,27.32,14.4,1.8972,Fail,196.23,310.25,UB 356x171x45,UC 254x254x73,45.0,73.1,92.07,84.22,8417.16
3774,3,3,3,3.88,7.86,7.84,7.56,11.57,5.18,11.64,17.85,23.28,0.7669,Pass,185.15,1333.52,UB 457x191x67,UC 254x254x89,67.1,89.0,74.05,90.48,54500.28
3775,2,2,2,4.4,5.78,5.34,22.34,12.12,0.29,8.8,1.03,17.6,0.0583,Pass,153.8,1164.56,UB 406x178x54,UC 254x254x89,54.3,89.0,83.4,81.68,14294.59
3776,5,1,1,3.94,7.02,7.38,14.08,13.52,20.47,19.7,423.23,39.4,10.7418,Fail,1450.48,1923.61,UB 610x229x101,UC 305x305x118,101.2,118.0,183.14,269.26,23871.2
3777,3,1,2,3.05,5.82,4.82,18.45,10.39,11.03,9.15,34.59,18.3,1.8901,Fail,291.5,1050.9,UB 406x178x54,UC 305x305x97,54.3,96.9,97.25,88.06,11304.76
3778,3,3,1,4.21,4.91,6.07,24.22,8.01,10.82,12.63,39.81,25.26,1.5762,Fail,221.04,1085.06,UB 406x178x54,UC 305x305x97,54.3,96.9,73.74,89.75,18545.02
3779,3,3,2,4.04,4.03,5.16,11.56,3.68,4.62,12.12,13.61,24.24,0.5617,Pass,84.77,615.19,UB 254x146x31,UC 203x203x60,31.1,60.0,77.84,94.07,15961.82
3780,1,3,1,3.28,7.47,6.22,25.48,5.18,16.58,3.28,4.31,6.56,0.6564,Pass,233.75,458.45,UB 533x210x82,UC 254x254x73,82.2,73.1,63.06,75.45,7647.48
3781,4,2,1,4.11,4.33,5.97,17.98,11.7,12.56,16.44,92.23,32.88,2.805,Fail,429.67,1224.04,UB 533x210x82,UC 305x305x118,82.2,118.0,75.85,121.98,23223.14
3782,3,2,2,4.33,6.2,6.64,27.53,14.95,14.69,12.99,93.21,25.98,3.5878,Fail,440.51,2441.26,UB 533x210x82,UC 305x305x118,82.2,118.0,77.76,156.65,32793.44
3783,1,1,1,4.46,4.13,6.51,14.29,2.07,17.83,4.46,25.41,8.92,2.8486,Fail,160.43,157.79,UB 305x165x40,UC 254x254x73,40.5,73.1,93.34,68.05,2165.94
3784,3,1,2,3.93,7.12,4.5,14.04,4.69,22.8,11.79,190.0,23.58,8.0578,Fail,824.43,854.99,UB 610x229x101,UC 305x305x118,101.2,118.0,104.09,158.62,20297.02
3785,1,1,3,4.42,6.63,5.61,9.9,2.28,15.01,4.42,23.98,8.84,2.7123,Fail,149.5,176.12,UB 305x165x40,UC 203x203x60,40.5,60.0,97.88,98.08,4558.89
3786,2,1,2,4.27,5.6,5.06,5.08,5.18,11.0,8.54,52.96,17.08,3.101,Fail,262.12,309.89,UB 406x178x54,UC 254x254x89,54.3,89.0,87.45,88.37,8582.9
3787,5,1,2,3.41,7.18,4.24,9.5,8.02,23.11,17.05,298.96,34.1,8.7671,Fail,1191.18,1409.35,UB 610x229x101,UC 305x305x118,101.2,118.0,150.4,217.55,31552.4
3788,1,1,1,4.3,6.51,5.43,7.34,14.69,8.16,4.3,11.73,8.6,1.3643,Fail,116.63,201.14,UB 406x178x54,UC 203x203x60,54.3,60.0,76.18,81.54,2328.68
3789,1,2,1,3.3,6.66,6.13,22.49,11.85,17.32,3.3,5.99,6.6,0.9075,Pass,230.11,497.65,UB 457x191x67,UC 254x254x73,67.1,73.1,80.87,73.69,4468.89
3790,4,3,1,4.21,4.22,6.11,8.11,11.01,14.17,16.84,79.18,33.68,2.3509,Fail,356.69,816.41,UB 457x191x67,UC 305x305x118,67.1,118.0,89.45,95.87,29252.54
3791,1,2,2,3.8,6.84,4.87,17.91,7.77,20.61,3.8,11.88,7.6,1.5633,Fail,196.38,470.65,UB 457x191x67,UC 254x254x73,67.1,73.1,65.51,72.31,7214.47
3792,5,2,1,3.88,6.1,6.99,11.77,11.32,15.95,19.4,164.15,38.8,4.2306,Fail,618.03,1589.75,UB 610x229x101,UC 305x305x118,101.2,118.0,78.03,171.33,36692.42
3793,3,1,3,4.24,5.5,4.34,8.92,3.89,16.96,12.72,160.28,25.44,6.3002,Fail,705.53,656.83,UB 610x229x101,UC 305x305x118,101.2,118.0,89.08,133.2,26592.62
3794,5,1,2,4.4,7.41,6.35,26.7,3.28,8.58,22.0,265.58,44.0,6.036,Fail,828.83,2381.59,UB 610x229x101,UC 305x305x118,101.2,118.0,104.65,191.19,39676.78
3795,3,2,3,3.7,5.68,6.11,18.15,11.41,8.41,11.1,29.49,22.2,1.3284,Fail,206.1,1526.42,UB 406x178x54,UC 305x305x97,54.3,96.9,68.76,96.19,29267.13
3796,3,3,1,3.37,7.75,4.5,15.58,11.45,20.76,10.11,43.46,20.22,2.1495,Fail,315.98,1165.86,UB 533x210x82,UC 305x305x118,82.2,118.0,62.08,82.2,25449.54
3797,3,2,2,4.11,5.81,4.41,24.98,2.19,17.72,12.33,90.75,24.66,3.6802,Fail,422.15,1196.98,UB 533x210x82,UC 305x305x118,82.2,118.0,74.52,122.86,28215.97
3798,3,3,3,3.42,6.96,7.54,26.13,11.58,12.76,10.26,26.65,20.52,1.2989,Fail,290.56,2350.68,UB 533x210x82,UC 305x305x118,82.2,118.0,62.73,100.59,62279.28
3799,2,3,2,3.43,6.85,4.16,27.94,2.35,23.32,6.86,24.15,13.72,1.7599,Fail,235.5,956.61,UB 457x191x67,UC 254x254x89,67.1,89.0,77.61,94.08,20066.09
3800,4,3,2,3.52,5.41,6.79,24.34,4.73,21.52,14.08,70.84,28.16,2.5157,Fail,391.14,2037.98,UB 457x191x67,UC 305x305x118,67.1,118.0,98.09,134.92,47585.16
3801,5,3,1,4.29,6.03,6.85,21.6,7.81,19.4,21.45,196.66,42.9,4.5841,Fail,669.15,1966.11,UB 610x229x101,UC 305x305x118,101.2,118.0,84.49,191.38,52420.28
3802,3,2,2,3.94,7.74,5.09,19.36,4.34,7.1,11.82,36.26,23.64,1.5339,Fail,243.87,1327.19,UB 457x191x67,UC 305x305x97,67.1,96.9,87.61,88.61,25804.3
3803,1,1,1,3.77,4.59,5.15,19.67,12.55,12.06,3.77,9.52,7.54,1.2622,Fail,107.13,237.8,UB 305x165x40,UC 203x203x60,40.5,60.0,85.91,77.09,1693.74
3804,4,3,1,3.03,4.25,5.14,13.27,6.73,24.58,12.12,42.72,24.24,1.7623,Fail,310.43,777.27,UB 457x191x67,UC 305x305x118,67.1,118.0,77.85,85.32,23803.78
3805,5,2,3,4.03,5.66,7.59,28.05,12.99,2.64,20.15,29.94,40.3,0.7429,Pass,302.19,3870.8,UB 457x191x67,UC 305x305x118,67.1,118.0,75.78,150.23,66641.85
3806,4,1,1,4.02,5.36,5.69,26.14,3.53,8.25,16.08,105.89,32.16,3.2924,Fail,497.93,1076.0,UB 533x210x82,UC 305x305x118,82.2,118.0,87.9,104.08,14856.24
3807,5,1,2,4.35,7.72,7.11,15.77,5.43,18.36,21.75,560.29,43.5,12.8803,Fail,1568.07,2180.42,UB 610x229x101,UC 305x305x118,101.2,118.0,197.99,298.71,41508.6
3808,1,2,2,3.19,4.62,7.1,8.83,3.92,12.07,3.19,3.22,6.38,0.5051,Pass,94.73,232.98,UB 254x146x31,UC 203x203x46,31.1,46.1,86.99,51.55,3510.48
3809,3,1,1,4.41,7.27,7.79,22.34,4.63,2.58,13.23,32.32,26.46,1.2215,Fail,212.49,866.13,UB 457x191x67,UC 254x254x89,67.1,89.0,82.61,81.93,10773.04
3810,1,1,2,3.42,5.46,6.22,24.76,6.59,15.56,3.42,9.16,6.84,1.3393,Fail,179.78,442.02,UB 356x171x45,UC 254x254x73,45.0,73.1,98.84,69.27,3356.71
3811,3,2,2,4.2,7.83,5.7,18.96,14.61,5.37,12.6,34.49,25.2,1.3687,Fail,321.72,2043.67,UB 533x210x82,UC 305x305x118,82.2,118.0,79.52,97.9,33400.19
3812,3,3,2,4.05,7.44,5.66,17.72,9.29,19.56,12.15,75.56,24.3,3.1094,Fail,370.91,1562.64,UB 457x191x67,UC 305x305x118,67.1,118.0,93.02,114.06,39798.31
3813,3,1,2,4.48,6.98,4.37,17.57,11.87,1.27,13.44,16.46,26.88,0.6122,Pass,178.32,1035.75,UB 457x191x67,UC 254x254x89,67.1,89.0,79.81,89.9,14910.91
3814,2,1,2,3.13,7.64,6.72,18.98,11.96,2.34,6.26,4.61,12.52,0.3678,Pass,212.06,971.52,UB 533x210x82,UC 254x254x89,82.2,89.0,68.08,93.45,11529.96
3815,5,2,3,3.35,5.56,5.53,6.16,14.2,17.04,16.75,100.72,33.5,3.0066,Fail,486.79,1663.76,UB 533x210x82,UC 305x305x118,82.2,118.0,85.93,145.96,62454.75
3816,2,1,3,4.02,4.14,6.3,29.09,8.73,12.65,8.04,43.51,16.08,2.7058,Fail,295.2,993.35,UB 406x178x54,UC 305x305x97,54.3,96.9,98.48,97.2,12136.1
3817,3,3,3,3.04,4.35,5.47,24.75,9.17,14.93,9.12,16.39,18.24,0.8985,Pass,162.42,1427.7,UB 305x165x40,UC 305x305x97,40.5,96.9,94.5,83.31,28457.21
3818,1,1,2,4.26,4.69,4.65,12.13,2.43,17.7,4.26,22.03,8.52,2.5853,Fail,148.47,186.72,UB 305x165x40,UC 203x203x60,40.5,60.0,86.38,97.83,2856.73
3819,2,3,1,4.41,5.73,6.0,6.06,13.83,16.64,8.82,39.1,17.64,2.2164,Fail,197.33,517.81,UB 356x171x45,UC 254x254x89,45.0,89.0,92.59,88.78,11534.04
3820,2,3,3,3.95,6.08,7.77,29.86,2.82,13.31,7.9,21.6,15.8,1.3673,Fail,254.61,1276.83,UB 406x178x54,UC 254x254x89,54.3,89.0,92.06,97.87,29298.92
3821,2,3,2,3.42,7.76,6.08,23.82,7.36,11.32,6.84,12.52,13.68,0.9153,Pass,260.48,1258.69,UB 533x210x82,UC 305x305x97,82.2,96.9,71.89,83.73,27431.66
3822,4,1,3,4.32,7.52,7.22,23.48,9.07,7.47,17.28,147.38,34.56,4.2645,Fail,582.41,2163.85,UB 610x229x101,UC 305x305x118,101.2,118.0,73.54,148.01,46024.64
3823,1,1,2,3.28,7.06,5.74,17.02,3.94,20.4,3.28,11.53,6.56,1.7582,Fail,154.05,306.3,UB 406x178x54,UC 254x254x73,54.3,73.1,92.44,71.51,3835.41
3824,3,2,1,3.39,6.59,4.78,22.11,4.16,12.37,10.17,34.46,20.34,1.6942,Fail,248.31,999.51,UB 406x178x54,UC 305x305x97,54.3,96.9,94.23,85.61,12542.87
3825,4,2,1,3.66,7.14,5.31,7.32,11.01,11.86,14.64,73.8,29.28,2.5206,Fail,337.56,1056.62,UB 457x191x67,UC 305x305x118,67.1,118.0,84.66,95.03,22306.24
3826,3,2,3,3.85,5.24,6.11,21.59,5.98,23.75,11.55,92.16,23.1,3.9897,Fail,478.25,1342.88,UB 533x210x82,UC 305x305x118,82.2,118.0,84.42,141.22,40252.81
3827,4,3,1,4.47,6.28,6.81,11.23,12.53,8.26,17.88,67.5,35.76,1.8877,Fail,272.77,1336.29,UB 406x178x54,UC 305x305x118,54.3,118.0,91.0,90.05,30979.34
3828,4,2,2,3.98,4.78,5.12,28.54,10.15,19.81,15.92,135.12,31.84,4.2436,Fail,630.04,2203.94,UB 610x229x101,UC 305x305x118,101.2,118.0,79.55,192.16,40952.16
3829,5,1,3,4.41,7.22,5.07,28.88,7.05,10.46,22.05,321.36,44.1,7.287,Fail,1006.84,2493.27,UB 610x229x101,UC 305x305x118,101.2,118.0,127.13,219.93,50821.0
3830,5,1,1,3.99,6.15,7.36,19.41,12.28,6.07,19.95,121.51,39.9,3.0453,Fail,503.38,1683.93,UB 533x210x82,UC 305x305x118,82.2,118.0,88.86,119.53,20521.62
3831,2,2,2,3.84,4.55,7.61,10.66,4.7,12.15,7.68,22.24,15.36,1.4481,Fail,140.94,558.96,UB 305x165x40,UC 254x254x73,40.5,73.1,82.0,91.18,10962.43
3832,5,2,1,4.47,6.7,4.26,17.87,8.4,7.52,22.35,132.55,44.7,2.9653,Fail,431.39,1646.34,UB 533x210x82,UC 305x305x118,82.2,118.0,76.15,130.34,32091.18
3833,5,2,2,3.75,4.21,5.06,13.24,9.59,17.16,18.75,132.27,37.5,3.5273,Fail,612.24,1517.61,UB 610x229x101,UC 305x305x118,101.2,118.0,77.3,168.01,48056.22
3834,3,3,2,3.99,6.61,6.66,24.77,6.83,20.03,11.97,69.31,23.94,2.8952,Fail,360.77,1832.35,UB 457x191x67,UC 305x305x118,67.1,118.0,90.48,121.46,39650.12
3835,5,2,3,4.02,4.22,5.41,6.68,11.55,22.91,20.1,226.15,40.2,5.6255,Fail,925.45,1549.58,UB 610x229x101,UC 305x305x118,101.2,118.0,116.85,235.43,70181.3
3836,4,3,2,3.39,5.02,6.41,10.37,7.39,5.6,13.56,15.62,27.12,0.5761,Pass,112.02,1193.07,UB 305x165x40,UC 254x254x73,40.5,73.1,65.18,95.5,27521.35
3837,4,1,2,3.62,5.02,5.74,9.82,5.27,6.33,14.48,54.83,28.96,1.8934,Fail,298.73,846.49,UB 406x178x54,UC 305x305x97,54.3,96.9,99.66,84.12,16676.62
3838,1,1,2,3.23,7.92,6.04,16.08,7.93,2.49,3.23,1.46,6.46,0.2267,Pass,144.04,366.83,UB 457x191x67,UC 254x254x73,67.1,73.1,95.09,70.7,4632.11
3839,3,1,1,3.37,4.33,6.3,19.29,8.86,16.77,10.11,63.66,20.22,3.1485,Fail,461.55,805.28,UB 533x210x82,UC 305x305x118,82.2,118.0,81.47,94.81,10014.64
3840,1,2,2,3.56,4.41,4.9,26.98,9.12,1.24,3.56,0.51,7.12,0.0711,Pass,131.18,532.24,UB 305x165x40,UC 203x203x46,40.5,46.1,85.37,81.11,3739.37
3841,1,3,2,4.48,7.65,7.33,22.74,8.51,23.23,4.48,18.21,8.96,2.032,Fail,273.57,714.15,UB 533x210x82,UC 254x254x89,82.2,89.0,69.03,85.07,15264.32
3842,4,2,3,4.49,4.74,5.96,19.78,11.32,19.49,17.96,203.23,35.92,5.6579,Fail,772.06,1909.09,UB 610x229x101,UC 305x305x118,101.2,118.0,97.48,217.48,62494.85
3843,2,1,1,3.82,4.01,4.16,29.54,12.41,15.39,7.64,43.55,15.28,2.8501,Fail,321.41,578.7,UB 457x191x67,UC 305x305x97,67.1,96.9,80.6,86.83,5154.09
3844,1,3,2,3.06,5.45,4.51,7.04,5.47,11.48,3.06,2.02,6.12,0.3307,Pass,57.17,192.82,UB 305x165x40,UC 152x152x30,40.5,30.0,55.84,85.66,4549.36
3845,3,3,2,3.54,6.39,5.34,8.32,2.25,4.5,10.62,10.1,21.24,0.4757,Pass,80.07,538.23,UB 305x165x40,UC 203x203x46,40.5,46.1,76.04,95.91,18052.93
3846,5,3,2,3.14,4.45,5.16,12.91,14.74,20.54,15.7,60.59,31.4,1.9297,Fail,376.64,1945.09,UB 457x191x67,UC 305x305x118,67.1,118.0,94.45,127.88,49517.41
3847,1,2,1,3.94,5.92,7.59,22.99,3.61,1.0,3.94,0.66,7.88,0.0832,Pass,159.15,378.52,UB 406x178x54,UC 203x203x60,54.3,60.0,69.17,86.54,3940.64
3848,1,1,3,4.13,7.59,7.91,7.72,9.15,11.39,4.13,15.05,8.26,1.8224,Fail,147.12,305.62,UB 406x178x54,UC 254x254x73,54.3,73.1,92.45,67.79,6640.85
3849,3,1,2,3.17,7.99,4.96,25.86,2.57,6.15,9.51,26.7,19.02,1.4038,Fail,264.53,1113.6,UB 533x210x82,UC 254x254x89,82.2,89.0,71.55,99.96,15881.89
3850,5,1,2,3.42,7.2,4.72,15.62,6.57,21.4,17.1,280.06,34.2,8.1888,Fail,1132.45,1699.15,UB 610x229x101,UC 305x305x118,101.2,118.0,142.99,215.4,32589.68
3851,2,1,1,3.6,7.62,7.87,13.49,2.29,19.07,7.2,58.83,14.4,4.0856,Fail,346.91,393.69,UB 457x191x67,UC 305x305x97,67.1,96.9,87.0,87.27,6948.24
3852,3,2,2,3.5,4.6,5.83,8.47,2.7,6.05,10.5,15.83,21.0,0.7538,Pass,106.4,511.08,UB 254x146x31,UC 203x203x60,31.1,60.0,97.7,99.21,11508.71
3853,4,3,1,3.22,6.9,4.45,5.19,14.48,22.59,12.88,62.09,25.76,2.4105,Fail,345.65,1066.69,UB 457x191x67,UC 305x305x118,67.1,118.0,86.68,96.95,28048.0
3854,4,3,2,3.06,6.32,5.28,28.92,12.04,24.29,12.24,53.52,24.48,2.1861,Fail,390.37,2739.91,UB 457x191x67,UC 305x305x118,67.1,118.0,97.9,141.38,43935.65
3855,1,3,3,3.14,5.53,7.48,19.97,12.53,24.3,3.14,4.73,6.28,0.7537,Pass,247.7,624.91,UB 406x178x54,UC 203x203x60,54.3,60.0,82.64,99.97,11491.72
3856,3,1,3,4.21,7.04,7.68,5.42,13.25,6.82,12.63,71.49,25.26,2.83,Fail,330.71,1004.88,UB 457x191x67,UC 305x305x97,67.1,96.9,82.94,98.75,24735.29
3857,3,3,3,4.05,7.87,7.48,15.47,8.15,1.4,12.15,5.76,24.3,0.2371,Pass,192.31,1566.31,UB 457x191x67,UC 305x305x97,67.1,96.9,91.78,87.83,55916.82
3858,4,3,2,3.28,7.44,6.83,10.68,3.92,4.42,13.12,13.62,26.24,0.519,Pass,129.32,1201.05,UB 406x178x54,UC 254x254x73,54.3,73.1,75.36,87.34,37920.38
3859,3,2,3,3.79,5.34,7.72,13.27,3.43,0.61,11.37,2.29,22.74,0.1007,Pass,128.86,935.82,UB 305x165x40,UC 254x254x73,40.5,73.1,74.97,74.11,23606.06
3860,1,2,1,4.28,6.61,4.26,22.75,9.08,0.82,4.28,0.77,8.56,0.0896,Pass,198.53,420.42,UB 457x191x67,UC 203x203x60,67.1,60.0,73.28,84.93,4172.46
3861,3,1,1,3.91,4.76,5.57,14.13,5.22,24.51,11.73,163.21,23.46,6.9569,Fail,869.52,835.24,UB 610x229x101,UC 305x305x118,101.2,118.0,109.79,163.41,11808.94
3862,2,1,1,3.47,6.83,5.47,12.57,8.05,21.76,6.94,55.77,13.88,4.0177,Fail,370.38,426.3,UB 457x191x67,UC 305x305x97,67.1,96.9,92.89,92.62,5991.26
3863,1,3,3,4.35,4.48,7.08,11.59,7.86,11.22,4.35,6.8,8.7,0.7816,Pass,134.37,335.25,UB 305x165x40,UC 203x203x46,40.5,46.1,78.18,77.43,8826.72
3864,2,1,2,3.02,7.87,5.08,6.54,12.65,8.53,6.04,14.75,12.08,1.2214,Fail,184.66,544.2,UB 457x191x67,UC 254x254x73,67.1,73.1,74.57,78.35,8544.55
3865,5,1,3,4.35,7.34,4.9,10.3,13.85,20.49,21.75,606.78,43.5,13.9489,Fail,1750.39,2096.16,UB 610x229x101,UC 305x305x118,101.2,118.0,221.01,322.11,50264.56
3866,4,1,2,3.96,7.39,5.5,18.23,7.9,15.13,15.84,220.17,31.68,6.9499,Fail,860.0,1621.31,UB 610x229x101,UC 305x305x118,101.2,118.0,108.59,175.79,29094.74
3867,3,1,2,3.91,5.97,6.96,29.2,12.06,5.97,11.73,44.45,23.46,1.8947,Fail,306.11,1869.84,UB 457x191x67,UC 305x305x118,67.1,118.0,76.77,97.47,17514.31
3868,1,1,3,3.52,5.45,7.3,7.1,6.92,19.23,3.52,12.53,7.04,1.7803,Fail,120.79,228.3,UB 305x165x40,UC 203x203x60,40.5,60.0,70.28,83.08,4346.4
3869,2,1,3,3.98,5.95,4.85,27.23,5.74,12.49,7.96,48.25,15.92,3.0307,Fail,318.47,789.75,UB 457x191x67,UC 305x305x97,67.1,96.9,79.87,90.18,13269.77
3870,5,3,3,4.22,6.89,4.17,13.76,11.33,15.74,21.1,161.06,42.2,3.8166,Fail,541.17,2003.98,UB 533x210x82,UC 305x305x118,82.2,118.0,95.53,164.78,94384.72
3871,3,1,3,3.5,4.81,7.36,16.68,10.63,21.31,10.5,96.92,21.0,4.615,Fail,622.62,1373.68,UB 610x229x101,UC 305x305x118,101.2,118.0,78.61,137.81,29160.24
3872,4,2,1,3.86,5.57,7.48,16.72,13.45,8.01,15.44,52.64,30.88,1.7047,Fail,276.23,1614.39,UB 406x178x54,UC 305x305x118,54.3,118.0,92.15,96.44,20644.7
3873,2,3,3,3.27,4.44,6.65,9.0,2.34,3.22,6.54,2.35,13.08,0.1799,Pass,65.42,359.2,UB 203x133x25,UC 203x203x46,25.1,46.1,99.42,56.73,11504.52
3874,4,3,1,3.18,5.74,7.44,5.5,3.53,24.75,12.72,58.88,25.44,2.3143,Fail,325.43,494.61,UB 457x191x67,UC 305x305x118,67.1,118.0,81.61,84.93,29238.96
3875,2,2,1,3.88,4.27,5.11,19.29,12.59,1.68,7.76,3.15,15.52,0.2032,Pass,84.9,635.64,UB 305x165x40,UC 203x203x60,40.5,60.0,68.44,82.7,5418.81
3876,4,1,1,4.31,7.98,6.0,15.16,4.19,0.6,17.24,12.23,34.48,0.3546,Pass,146.98,758.01,UB 457x191x67,UC 254x254x73,67.1,73.1,78.39,86.15,12545.44
3877,5,2,2,4.23,7.4,7.14,7.12,10.72,11.6,21.15,178.21,42.3,4.2129,Fail,544.68,1941.38,UB 533x210x82,UC 305x305x118,82.2,118.0,96.15,167.85,58316.94
3878,4,3,1,4.32,4.4,6.25,15.67,10.53,18.38,17.28,114.44,34.56,3.3114,Fail,488.68,1137.01,UB 533x210x82,UC 305x305x118,82.2,118.0,86.26,132.13,33212.64
3879,4,2,2,3.04,5.96,4.81,12.95,9.73,9.76,12.16,29.13,24.32,1.1976,Fail,211.36,1430.22,UB 356x171x45,UC 305x305x97,45.0,96.9,99.17,93.34,22236.34
3880,5,3,1,4.49,7.27,4.6,13.85,12.61,21.11,22.45,275.28,44.9,6.1309,Fail,793.67,1840.26,UB 610x229x101,UC 305x305x118,101.2,118.0,100.21,214.08,52574.92
3881,2,2,2,3.36,7.71,7.34,28.34,10.62,19.93,6.72,28.72,13.44,2.1368,Fail,357.8,1734.61,UB 533x210x82,UC 305x305x118,82.2,118.0,88.1,91.9,21981.96
3882,5,3,3,3.26,4.18,5.98,7.65,8.07,6.64,16.3,21.74,32.6,0.667,Pass,138.93,1154.37,UB 305x165x40,UC 254x254x89,40.5,89.0,80.83,86.88,47900.0
3883,5,2,3,3.71,5.45,4.48,8.27,3.47,18.17,18.55,151.24,37.1,4.0766,Fail,610.22,863.95,UB 610x229x101,UC 305x305x118,101.2,118.0,77.05,153.8,68730.32
3884,3,3,2,4.42,5.13,5.8,10.97,13.22,15.36,13.26,68.43,26.52,2.5802,Fail,308.72,1207.36,UB 457x191x67,UC 305x305x118,67.1,118.0,77.42,99.61,37410.5
3885,5,3,3,4.42,6.62,5.23,18.43,6.85,15.11,22.1,177.93,44.2,4.0255,Fail,564.29,2132.95,UB 533x210x82,UC 305x305x118,82.2,118.0,99.61,175.6,100169.0
3886,5,2,1,3.27,4.58,4.14,7.01,4.6,17.43,16.35,86.09,32.7,2.6328,Fail,456.64,642.76,UB 533x210x82,UC 305x305x118,82.2,118.0,80.61,113.67,24209.94
3887,3,2,3,3.87,4.59,7.24,7.8,3.16,10.51,11.61,39.26,23.22,1.6909,Fail,210.41,558.56,UB 356x171x45,UC 254x254x89,45.0,89.0,98.73,95.88,26153.28
3888,5,3,1,3.32,4.96,4.15,20.68,5.19,13.88,16.6,52.37,33.2,1.5775,Fail,297.72,1266.27,UB 406x178x54,UC 305x305x118,54.3,118.0,99.32,91.61,28257.14
3889,5,1,1,3.48,5.57,4.53,24.95,11.41,11.94,17.4,142.51,34.8,4.0952,Fail,702.73,1574.69,UB 610x229x101,UC 305x305x118,101.2,118.0,88.73,144.06,18434.0
3890,2,1,2,4.26,4.71,6.76,6.33,9.78,6.92,8.52,30.77,17.04,1.8056,Fail,178.08,501.41,UB 356x171x45,UC 254x254x73,45.0,73.1,83.56,87.06,7442.17
3891,5,2,2,3.72,4.5,4.75,8.94,9.68,16.61,18.6,127.87,37.2,3.4374,Fail,577.76,1242.56,UB 610x229x101,UC 305x305x118,101.2,118.0,72.95,154.12,47836.2
3892,2,2,3,3.55,5.81,6.28,9.13,3.66,14.48,7.1,22.03,14.2,1.5512,Fail,145.82,449.67,UB 305x165x40,UC 254x254x73,40.5,73.1,84.84,85.85,14571.12
3893,1,2,3,3.69,5.73,7.62,5.2,5.18,16.28,3.69,7.92,7.38,1.0733,Fail,83.44,210.6,UB 305x165x40,UC 203x203x46,40.5,46.1,53.85,77.02,6675.32
3894,4,2,3,3.97,5.27,7.86,22.32,8.43,12.06,15.88,85.16,31.76,2.6813,Fail,398.92,2303.85,UB 533x210x82,UC 305x305x118,82.2,118.0,70.42,146.2,59607.6
3895,5,1,2,3.45,4.3,4.5,12.53,5.92,7.98,17.25,81.91,34.5,2.3743,Fail,440.02,1119.73,UB 533x210x82,UC 305x305x118,82.2,118.0,77.67,94.96,24912.9
3896,3,1,3,4.39,4.31,6.76,17.37,2.41,14.69,13.17,141.16,26.34,5.3593,Fail,670.93,1010.02,UB 610x229x101,UC 305x305x118,101.2,118.0,84.71,136.85,29980.56
3897,4,1,1,3.93,6.06,6.93,9.7,9.69,21.37,15.72,270.37,31.44,8.5995,Fail,1120.79,1169.92,UB 610x229x101,UC 305x305x118,101.2,118.0,141.51,204.82,17936.54
3898,4,3,2,4.49,4.75,6.45,9.93,9.5,10.17,17.96,74.89,35.92,2.085,Fail,299.78,1305.25,UB 457x191x67,UC 305x305x118,67.1,118.0,75.18,99.83,50754.9
3899,4,2,1,4.21,6.15,5.3,14.99,11.87,5.7,16.84,53.23,33.68,1.5804,Fail,248.28,1366.53,UB 406x178x54,UC 305x305x118,54.3,118.0,82.83,83.29,20719.32
3900,5,3,2,3.4,4.42,7.14,6.69,5.9,21.45,17.0,83.35,34.0,2.4515,Fail,435.3,1088.34,UB 533x210x82,UC 305x305x118,82.2,118.0,76.84,120.74,63897.9
3901,5,2,2,3.93,5.4,7.37,8.76,13.97,0.03,19.65,0.36,39.3,0.0091,Pass,168.82,2163.63,UB 305x165x40,UC 305x305x118,40.5,118.0,98.69,82.44,36383.85
3902,5,1,3,3.82,6.56,5.66,27.34,10.09,2.84,19.1,50.93,38.2,1.3331,Fail,295.68,2430.0,UB 457x191x67,UC 305x305x118,67.1,118.0,84.24,107.8,38227.5
3903,2,3,3,3.37,5.79,7.81,10.25,5.99,12.57,6.74,11.33,13.48,0.8403,Pass,131.36,641.28,UB 305x165x40,UC 203x203x60,40.5,60.0,86.92,97.32,19689.6
3904,1,1,1,3.49,6.0,7.42,12.49,6.8,1.33,3.49,0.89,6.98,0.1275,Pass,110.01,182.8,UB 356x171x45,UC 203x203x46,45.0,46.1,80.71,72.59,1851.36
3905,1,2,2,4.26,7.52,4.65,9.68,12.82,8.36,4.26,7.57,8.52,0.8882,Pass,198.18,442.92,UB 457x191x67,UC 203x203x60,67.1,60.0,76.28,97.25,7200.04
3906,3,2,2,4.48,4.01,4.71,8.09,5.0,17.73,13.44,106.66,26.88,3.9682,Fail,471.9,585.9,UB 533x210x82,UC 305x305x118,82.2,118.0,83.3,119.56,27175.39
3907,4,3,3,4.04,4.58,5.0,12.11,8.37,21.5,16.16,106.94,32.32,3.3086,Fail,487.06,1147.83,UB 533x210x82,UC 305x305x118,82.2,118.0,85.98,133.81,68308.93
3908,4,1,3,3.44,5.1,5.53,6.55,14.37,15.61,13.76,114.4,27.52,4.1569,Fail,640.7,1261.52,UB 610x229x101,UC 305x305x118,101.2,118.0,80.9,131.92,34678.62
3909,3,2,2,4.03,6.88,4.2,6.27,12.29,23.16,12.09,120.0,24.18,4.9628,Fail,503.2,940.24,UB 533x210x82,UC 305x305x118,82.2,118.0,88.83,136.95,29233.55
3910,5,1,1,3.66,7.98,5.43,14.78,6.38,1.86,18.3,32.65,36.6,0.8922,Pass,206.21,1024.88,UB 457x191x67,UC 254x254x89,67.1,89.0,85.72,83.29,15512.91
3911,1,3,1,3.0,4.68,5.16,7.67,6.39,1.68,3.0,0.28,6.0,0.0459,Pass,42.51,149.13,UB 254x146x31,UC 152x152x23,31.1,23.0,76.59,81.8,2067.19
3912,5,1,3,3.51,5.01,7.32,18.22,14.41,8.39,17.55,97.72,35.1,2.7842,Fail,507.12,2542.75,UB 533x210x82,UC 305x305x118,82.2,118.0,89.52,144.41,42854.76
3913,1,1,1,4.01,5.74,5.44,25.09,3.83,8.51,4.01,9.08,8.02,1.1318,Fail,109.83,232.18,UB 406x178x54,UC 203x203x60,54.3,60.0,68.55,79.11,2176.55
3914,5,1,2,4.36,6.79,7.52,18.8,7.71,15.32,21.8,437.28,43.6,10.0294,Fail,1339.73,2579.38,UB 610x229x101,UC 305x305x118,101.2,118.0,169.16,275.25,40962.1
3915,3,3,2,3.82,6.26,6.82,9.44,12.44,14.82,11.46,42.88,22.92,1.871,Fail,240.71,1298.04,UB 406x178x54,UC 305x305x118,54.3,118.0,80.3,83.31,34292.97
3916,2,1,3,4.29,6.57,4.41,12.08,9.42,22.76,8.58,119.82,17.16,6.9823,Fail,558.63,595.81,UB 533x210x82,UC 305x305x118,82.2,118.0,98.61,116.92,16769.98
3917,3,3,1,3.44,5.14,7.0,10.41,8.67,9.05,10.32,16.55,20.64,0.8017,Pass,125.82,711.93,UB 305x165x40,UC 254x254x73,40.5,73.1,73.2,78.96,13184.2
3918,4,3,3,3.28,4.48,7.42,15.3,4.0,22.64,13.12,53.26,26.24,2.0298,Fail,335.81,1305.27,UB 457x191x67,UC 305x305x118,67.1,118.0,84.21,105.87,63098.08
3919,2,3,1,3.16,5.21,4.17,6.29,13.73,16.17,6.32,11.08,12.64,0.8768,Pass,113.6,433.4,UB 305x165x40,UC 203x203x60,40.5,60.0,78.07,88.84,6916.74
3920,3,2,3,4.47,6.05,6.08,15.08,10.12,13.59,13.41,95.37,26.82,3.5561,Fail,391.15,1345.26,UB 457x191x67,UC 305x305x118,67.1,118.0,98.09,121.24,39746.62
3921,5,1,2,3.28,7.2,4.5,21.55,7.94,16.7,16.4,190.28,32.8,5.8011,Fail,863.34,1962.77,UB 610x229x101,UC 305x305x118,101.2,118.0,109.01,178.98,31648.8
3922,5,1,2,3.47,5.09,6.56,8.09,13.82,7.83,17.35,88.37,34.7,2.5466,Fail,449.1,1700.04,UB 533x210x82,UC 305x305x118,82.2,118.0,79.28,112.62,29344.41
3923,2,3,1,3.84,4.1,4.38,9.77,8.73,22.07,7.68,27.9,15.36,1.8163,Fail,179.37,340.94,UB 356x171x45,UC 254x254x73,45.0,73.1,84.16,97.73,8282.06
3924,2,1,2,3.6,7.51,7.07,27.18,5.07,4.58,7.2,14.12,14.4,0.9807,Pass,231.15,1027.26,UB 533x210x82,UC 254x254x89,82.2,89.0,67.4,98.66,12197.96
3925,3,3,1,4.09,4.59,6.91,23.37,5.27,4.35,12.27,14.08,24.54,0.5739,Pass,137.98,964.65,UB 305x165x40,UC 254x254x73,40.5,73.1,80.28,91.47,13879.87
3926,4,2,1,3.94,8.0,4.63,29.87,6.07,23.43,15.76,200.1,31.52,6.3483,Fail,777.55,2090.07,UB 610x229x101,UC 305x305x118,101.2,118.0,98.18,209.75,29734.35
3927,3,1,1,3.81,5.76,4.16,16.2,7.0,7.77,11.43,51.89,22.86,2.2699,Fail,302.56,560.97,UB 457x191x67,UC 254x254x89,67.1,89.0,75.88,95.71,8062.87
3928,2,3,3,3.3,7.97,7.73,21.52,11.77,12.34,6.6,12.28,13.2,0.9304,Pass,292.65,1509.49,UB 533x210x82,UC 305x305x97,82.2,96.9,83.16,97.64,41205.6
3929,4,3,2,4.36,5.21,7.89,22.52,13.64,12.48,17.44,85.94,34.88,2.4639,Fail,373.39,2799.49,UB 457x191x67,UC 305x305x118,67.1,118.0,93.64,156.34,54221.72
3930,2,1,1,3.67,5.35,7.17,26.07,2.67,6.03,7.34,16.69,14.68,1.1369,Fail,156.24,518.1,UB 356x171x45,UC 254x254x73,45.0,73.1,85.25,70.69,4399.82
3931,2,3,1,4.32,5.48,4.29,22.2,12.59,18.86,8.64,40.49,17.28,2.3434,Fail,237.34,764.21,UB 406x178x54,UC 305x305x97,54.3,96.9,79.18,83.86,12132.07
3932,4,1,2,4.2,7.22,4.55,11.91,7.62,7.23,16.8,126.59,33.6,3.7674,Fail,484.18,1050.43,UB 533x210x82,UC 305x305x118,82.2,118.0,85.47,102.07,25000.37
3933,1,2,3,4.22,7.96,6.37,10.18,4.31,24.95,4.22,22.15,8.44,2.625,Fail,170.28,310.58,UB 406x178x54,UC 254x254x73,54.3,73.1,91.6,75.0,10272.63
3934,4,3,3,4.07,6.32,5.28,9.63,9.22,2.58,16.28,15.29,32.56,0.4695,Pass,122.62,1273.2,UB 356x171x45,UC 254x254x73,45.0,73.1,92.17,95.49,44097.09
3935,5,1,3,3.86,7.63,6.59,29.26,10.15,19.43,19.3,394.72,38.6,10.2258,Fail,1388.72,3318.23,UB 610x229x101,UC 305x305x118,101.2,118.0,175.34,297.57,53669.56
3936,4,3,3,3.64,4.09,7.54,23.44,2.52,4.52,14.56,14.85,29.12,0.5099,Pass,186.37,1682.29,UB 356x171x45,UC 305x305x97,45.0,96.9,87.45,84.16,47694.62
3937,2,2,2,4.16,4.92,6.08,20.05,9.52,1.77,8.32,4.49,16.64,0.2701,Pass,154.75,984.41,UB 305x165x40,UC 254x254x73,40.5,73.1,97.1,79.09,10819.73
3938,1,3,2,4.02,6.37,6.7,21.27,6.14,7.81,4.02,3.92,8.04,0.488,Pass,184.2,545.35,UB 406x178x54,UC 203x203x60,54.3,60.0,88.8,90.7,8917.9
3939,4,3,1,3.52,7.26,7.93,29.92,2.04,11.99,14.08,46.18,28.16,1.6398,Fail,308.94,1974.21,UB 457x191x67,UC 305x305x118,67.1,118.0,97.49,100.16,33496.67
3940,1,3,3,3.83,7.1,5.19,12.06,9.51,15.3,3.83,6.64,7.66,0.8673,Pass,161.29,395.1,UB 406x178x54,UC 203x203x60,54.3,60.0,96.76,85.31,11684.96
3941,4,1,2,3.68,6.02,6.82,15.37,11.99,5.94,14.72,59.9,29.44,2.0346,Fail,332.53,1685.3,UB 457x191x67,UC 305x305x118,67.1,118.0,83.39,95.29,22591.02
3942,1,2,3,3.54,6.44,7.29,18.81,11.62,6.95,3.54,3.08,7.08,0.4343,Pass,221.1,633.78,UB 457x191x67,UC 203x203x60,67.1,60.0,64.79,99.55,10408.22
3943,2,1,2,3.87,5.35,4.78,26.15,4.46,0.86,7.74,2.9,15.48,0.1873,Pass,97.28,670.94,UB 356x171x45,UC 203x203x60,45.0,60.0,90.79,95.52,5951.7
3944,3,3,1,3.53,4.39,5.65,21.49,6.61,23.02,10.59,43.06,21.18,2.0332,Fail,288.07,860.48,UB 406x178x54,UC 305x305x118,54.3,118.0,96.1,83.25,17969.29
3945,1,1,3,3.62,5.23,4.43,10.76,13.19,23.29,3.62,16.55,7.24,2.286,Fail,161.7,278.33,UB 305x165x40,UC 254x254x73,40.5,73.1,94.47,73.59,4040.73
3946,2,2,2,4.1,4.04,7.41,23.35,5.27,12.28,8.2,27.42,16.4,1.6717,Fail,217.87,971.61,UB 406x178x54,UC 305x305x97,54.3,96.9,72.68,80.93,14612.04
3947,4,1,1,3.36,4.54,7.46,17.17,8.53,20.25,13.44,129.31,26.88,4.8108,Fail,787.62,1231.3,UB 610x229x101,UC 305x305x118,101.2,118.0,99.45,152.65,16058.88
3948,1,3,1,4.33,7.3,4.69,20.83,9.08,3.5,4.33,2.46,8.66,0.2846,Pass,216.27,416.62,UB 457x191x67,UC 203x203x60,67.1,60.0,92.76,98.94,6276.18
3949,1,2,1,4.33,7.49,7.26,21.35,9.41,5.75,4.33,5.55,8.66,0.6405,Pass,253.12,510.84,UB 533x210x82,UC 254x254x73,82.2,73.1,63.77,76.81,6152.17
3950,3,3,2,4.11,7.41,5.28,8.48,12.67,1.77,12.33,7.32,24.66,0.2968,Pass,161.93,1212.76,UB 457x191x67,UC 254x254x89,67.1,89.0,68.6,84.9,35096.05
3951,2,2,3,3.48,6.33,4.98,26.42,13.58,5.44,6.96,8.15,13.92,0.5855,Pass,221.47,1328.75,UB 457x191x67,UC 254x254x89,67.1,89.0,80.88,96.48,20244.01
3952,1,2,3,4.26,4.82,7.96,7.63,2.21,13.38,4.26,10.52,8.52,1.2353,Fail,84.06,184.52,UB 254x146x31,UC 203x203x46,31.1,46.1,77.19,81.56,5783.85
3953,4,1,1,3.08,5.73,7.07,24.54,9.56,6.49,12.32,34.86,24.64,1.4147,Fail,279.36,1292.57,UB 406x178x54,UC 305x305x97,54.3,96.9,93.2,89.23,10335.55
3954,1,1,1,4.22,6.13,6.04,5.47,11.16,7.45,4.22,9.79,8.44,1.1594,Fail,90.49,156.54,UB 356x171x45,UC 203x203x46,45.0,46.1,74.2,83.16,1873.47
3955,3,3,1,4.02,7.67,4.52,17.52,5.96,17.66,12.06,67.51,24.12,2.7989,Fail,333.27,991.0,UB 457x191x67,UC 305x305x118,67.1,118.0,84.46,89.09,24287.97
3956,1,3,1,3.67,4.54,5.05,15.57,7.52,13.75,3.67,4.44,7.34,0.6048,Pass,75.9,235.0,UB 305x165x40,UC 203x203x46,40.5,46.1,59.58,61.82,3274.82
3957,5,2,3,4.19,4.77,7.04,12.04,9.89,11.96,20.95,143.5,41.9,3.4249,Fail,541.31,1855.31,UB 533x210x82,UC 305x305x118,82.2,118.0,95.55,164.95,71389.92
3958,1,1,3,3.19,4.08,4.75,12.78,8.44,5.33,3.19,2.2,6.38,0.3448,Pass,65.77,218.26,UB 254x146x31,UC 152x152x30,31.1,30.0,76.59,98.3,2159.5
3959,2,2,2,3.19,4.17,5.44,26.77,12.46,7.36,6.38,6.71,12.76,0.5262,Pass,161.73,1130.74,UB 305x165x40,UC 254x254x73,40.5,73.1,94.1,82.28,8867.86
3960,4,1,1,3.02,5.17,4.8,10.86,6.76,24.0,12.08,113.64,24.16,4.7036,Fail,736.59,866.14,UB 610x229x101,UC 305x305x118,101.2,118.0,93.0,136.25,13773.47
3961,4,3,2,3.2,6.88,7.04,29.96,10.9,3.2,12.8,8.9,25.6,0.3478,Pass,270.83,3277.18,UB 533x210x82,UC 305x305x118,82.2,118.0,65.66,124.65,57002.11
3962,2,3,2,3.63,7.44,6.77,8.26,3.11,9.44,7.26,12.39,14.52,0.853,Pass,106.55,474.71,UB 356x171x45,UC 203x203x60,45.0,60.0,90.7,80.9,16128.0
3963,1,3,3,4.2,6.4,7.03,28.52,9.21,17.88,4.2,10.48,8.4,1.2481,Fail,252.45,741.08,UB 457x191x67,UC 254x254x73,67.1,73.1,78.85,90.37,15726.16
3964,4,2,2,3.71,5.75,5.48,6.59,8.5,11.62,14.84,67.51,29.68,2.2745,Fail,316.14,1011.95,UB 457x191x67,UC 305x305x118,67.1,118.0,79.28,94.05,33844.87
3965,1,1,1,3.91,4.34,7.88,10.58,7.93,15.9,3.91,14.1,7.82,1.8026,Fail,121.73,185.15,UB 305x165x40,UC 203x203x60,40.5,60.0,70.82,79.71,1928.22
3966,2,1,2,3.76,4.9,5.1,7.92,5.29,8.54,7.52,24.73,15.04,1.6443,Fail,166.99,344.35,UB 305x165x40,UC 254x254x73,40.5,73.1,97.16,74.24,6141.37
3967,5,2,3,4.21,4.34,6.95,16.41,11.41,7.01,21.05,82.43,42.1,1.9579,Fail,339.61,2231.07,UB 457x191x67,UC 305x305x118,67.1,118.0,85.17,133.1,62440.88
3968,5,3,3,3.05,7.85,6.31,15.07,6.05,16.93,15.25,61.83,30.5,2.0271,Fail,336.85,2120.8,UB 457x191x67,UC 305x305x118,67.1,118.0,84.48,116.85,85800.16
3969,2,3,3,4.19,5.39,5.94,12.97,6.31,4.82,8.38,9.24,16.76,0.5512,Pass,90.31,634.54,UB 305x165x40,UC 203x203x60,40.5,60.0,83.25,83.76,19057.56
3970,5,1,3,3.96,4.95,5.57,8.51,6.7,6.97,19.8,122.17,39.6,3.0851,Fail,504.57,1128.04,UB 533x210x82,UC 305x305x118,82.2,118.0,89.07,106.34,40564.62
3971,3,3,1,4.15,6.33,5.79,21.86,6.11,0.78,12.45,3.16,24.9,0.1268,Pass,143.72,1086.24,UB 406x178x54,UC 254x254x73,54.3,73.1,88.91,93.83,17240.47
3972,4,1,3,3.47,5.68,5.82,8.51,2.71,11.71,13.88,93.59,27.76,3.3713,Fail,480.4,727.53,UB 533x210x82,UC 305x305x118,82.2,118.0,84.8,93.66,32054.75
3973,1,2,1,3.69,6.63,4.74,22.17,6.5,17.06,3.69,8.76,7.38,1.1869,Fail,196.97,382.13,UB 457x191x67,UC 203x203x60,67.1,60.0,66.61,92.94,4062.05
3974,3,3,2,4.13,6.7,5.07,28.42,13.04,11.25,12.39,44.35,24.78,1.7896,Fail,316.7,2144.66,UB 457x191x67,UC 305x305x118,67.1,118.0,99.41,106.48,37847.36
3975,5,3,3,4.02,5.82,6.79,17.58,8.83,24.3,20.1,192.91,40.2,4.7989,Fail,714.56,2396.47,UB 610x229x101,UC 305x305x118,101.2,118.0,90.22,215.64,114516.72
3976,5,1,3,4.07,6.92,7.9,24.98,11.91,0.78,20.35,17.92,40.7,0.4402,Pass,294.64,3004.24,UB 457x191x67,UC 305x305x118,67.1,118.0,97.45,123.71,44399.74
3977,1,2,1,4.02,4.04,5.11,24.23,10.04,12.36,4.02,7.5,8.04,0.9332,Pass,105.22,335.79,UB 305x165x40,UC 203x203x46,40.5,46.1,62.31,87.74,2387.28
3978,1,1,1,3.44,4.42,5.77,21.72,8.99,0.39,3.44,0.23,6.88,0.0331,Pass,112.04,218.57,UB 305x165x40,UC 203x203x46,40.5,46.1,73.12,68.27,1459.73
3979,3,1,1,4.43,7.94,6.21,15.22,3.06,10.46,13.29,139.61,26.58,5.2525,Fail,524.97,638.24,UB 533x210x82,UC 305x305x118,82.2,118.0,92.67,101.01,13251.66
3980,3,1,2,3.19,5.17,7.29,29.03,2.77,6.47,9.57,22.18,19.14,1.1586,Fail,226.25,1399.38,UB 406x178x54,UC 305x305x97,54.3,96.9,75.48,83.13,12840.74
3981,5,2,2,3.12,7.22,7.92,17.55,8.06,0.34,15.6,2.0,31.2,0.0642,Pass,212.87,2802.19,UB 457x191x67,UC 305x305x118,67.1,118.0,76.84,101.39,47044.02
3982,2,1,2,3.69,4.19,5.14,12.34,12.22,0.73,7.38,1.87,14.76,0.1265,Pass,92.73,545.65,UB 254x146x31,UC 203x203x46,31.1,46.1,96.02,81.51,4101.99
3983,2,1,2,4.26,6.64,7.09,19.16,9.98,12.07,8.52,62.35,17.04,3.6587,Fail,351.99,964.22,UB 457x191x67,UC 305x305x118,67.1,118.0,88.27,84.91,12511.34
3984,3,3,3,3.09,4.86,7.1,11.52,14.49,12.84,9.27,15.69,18.54,0.8463,Pass,175.46,1374.39,UB 356x171x45,UC 254x254x89,45.0,89.0,82.33,94.0,32575.68
3985,1,2,2,3.94,7.51,6.0,19.75,3.86,10.1,3.94,6.9,7.88,0.8753,Pass,197.87,492.1,UB 457x191x67,UC 254x254x73,67.1,73.1,79.72,67.74,8031.25
3986,5,1,2,3.7,5.13,6.11,7.63,14.15,4.79,18.5,67.58,37.0,1.8266,Fail,326.48,1557.47,UB 457x191x67,UC 305x305x118,67.1,118.0,81.88,91.16,26460.97
3987,1,3,2,4.15,5.15,4.54,7.09,5.44,8.93,4.15,4.7,8.3,0.5657,Pass,55.25,189.67,UB 254x146x31,UC 203x203x46,31.1,46.1,90.96,50.92,4866.82
3988,4,2,1,3.77,4.5,5.85,19.87,13.67,11.87,15.08,65.16,30.16,2.1605,Fail,353.54,1411.12,UB 457x191x67,UC 305x305x118,67.1,118.0,88.66,109.26,20218.26
3989,1,1,2,3.36,7.04,5.08,23.22,4.01,22.21,3.36,13.66,6.72,2.0324,Fail,185.4,366.78,UB 457x191x67,UC 254x254x73,67.1,73.1,75.74,86.16,4254.32
3990,4,2,1,4.46,7.18,7.13,13.27,6.94,7.88,17.84,97.18,35.68,2.7236,Fail,345.3,1244.94,UB 457x191x67,UC 305x305x118,67.1,118.0,86.59,103.0,26080.24
3991,2,1,1,3.11,5.35,4.44,6.66,9.69,23.0,6.22,35.56,12.44,2.8588,Fail,291.78,305.17,UB 406x178x54,UC 254x254x89,54.3,89.0,97.34,94.78,4340.71
3992,1,3,1,3.04,4.05,4.41,23.43,10.44,5.1,3.04,0.82,6.08,0.1343,Pass,76.9,305.18,UB 305x165x40,UC 203x203x46,40.5,46.1,62.04,54.87,2819.72
3993,1,2,1,3.26,7.91,5.24,9.1,13.24,19.6,3.26,6.95,6.52,1.0667,Fail,217.08,359.38,UB 457x191x67,UC 203x203x60,67.1,60.0,88.14,99.91,4351.46
3994,4,3,1,4.12,5.46,4.8,11.64,3.77,19.37,16.48,111.28,32.96,3.3762,Fail,450.55,694.31,UB 533x210x82,UC 305x305x118,82.2,118.0,79.53,114.18,32641.57
3995,1,1,2,3.16,6.74,6.67,20.53,11.3,7.78,3.16,3.81,6.32,0.6032,Pass,210.65,494.69,UB 457x191x67,UC 254x254x73,67.1,73.1,77.69,77.85,4532.97
3996,2,2,3,3.13,5.1,7.31,12.86,7.7,19.35,6.26,17.8,12.52,1.4216,Fail,158.02,746.44,UB 305x165x40,UC 254x254x89,40.5,89.0,91.94,82.21,15319.47
3997,3,3,1,3.6,4.51,6.56,14.22,8.94,6.74,10.8,13.7,21.6,0.6344,Pass,108.34,772.32,UB 305x165x40,UC 254x254x73,40.5,73.1,63.03,74.76,12791.79
3998,5,3,3,3.47,4.13,7.2,8.34,6.52,9.26,17.35,37.59,34.7,1.0834,Fail,208.24,1213.11,UB 356x171x45,UC 305x305x97,45.0,96.9,97.71,92.51,57490.44
3999,2,2,3,3.08,4.83,6.68,28.32,6.33,16.12,6.16,13.71,12.32,1.1132,Fail,201.01,1144.99,UB 356x171x45,UC 254x254x89,45.0,89.0,94.32,87.46,15467.28
4000,5,3,1,3.5,7.7,5.98,6.14,8.46,16.64,17.5,95.37,35.0,2.7249,Fail,381.75,1139.04,UB 457x191x67,UC 305x305x118,67.1,118.0,95.74,107.54,40045.26
4001,1,3,3,4.32,6.52,5.8,10.3,5.37,19.75,4.32,12.85,8.64,1.4877,Fail,113.84,285.02,UB 356x171x45,UC 203x203x60,45.0,60.0,84.13,76.82,10800.0
4002,3,1,2,3.27,6.81,5.89,17.22,5.29,19.47,9.81,84.68,19.62,4.3161,Fail,516.43,1033.01,UB 533x210x82,UC 305x305x118,82.2,118.0,91.16,110.39,17793.41
4003,3,3,2,3.4,6.35,4.14,15.68,12.49,1.22,10.2,2.52,20.4,0.1234,Pass,148.28,1303.82,UB 406x178x54,UC 254x254x89,54.3,89.0,90.4,82.38,25598.58
4004,1,2,3,3.8,6.04,4.54,12.44,7.65,24.01,3.8,13.24,7.6,1.7418,Fail,136.72,322.56,UB 356x171x45,UC 203x203x60,45.0,60.0,85.75,91.55,6749.1
4005,4,2,2,4.2,5.99,6.37,24.63,12.6,14.06,16.8,128.46,33.6,3.8233,Fail,531.42,2701.22,UB 533x210x82,UC 305x305x118,82.2,118.0,93.81,183.77,42225.41
4006,3,3,2,3.03,4.4,4.49,27.15,5.3,11.69,9.09,12.76,18.18,0.702,Pass,135.01,1242.21,UB 305x165x40,UC 254x254x89,40.5,89.0,78.55,83.42,18883.8
4007,3,2,2,4.1,6.41,4.17,23.89,2.79,20.85,12.3,110.85,24.6,4.5062,Fail,490.51,1217.68,UB 533x210x82,UC 305x305x118,82.2,118.0,86.59,138.29,28716.77
4008,5,1,1,4.26,6.97,5.87,16.01,3.86,23.8,21.3,637.38,42.6,14.9619,Fail,1917.16,1805.91,UB 610x229x101,UC 305x305x118,101.2,118.0,242.07,338.74,23047.68
4009,3,3,1,4.06,5.19,4.5,14.86,2.74,3.29,12.18,10.9,24.36,0.4473,Pass,82.98,548.66,UB 305x165x40,UC 203x203x60,40.5,60.0,67.84,76.8,11816.91
4010,1,3,1,4.12,7.91,7.11,12.43,10.76,14.94,4.12,8.78,8.24,1.0652,Fail,212.45,388.31,UB 457x191x67,UC 254x254x73,67.1,73.1,91.49,69.35,7502.27
4011,5,2,2,4.41,5.84,6.29,8.88,14.02,10.68,22.05,167.8,44.1,3.805,Fail,546.28,2067.82,UB 533x210x82,UC 305x305x118,82.2,118.0,96.43,172.62,53329.68
4012,4,3,2,3.85,6.9,5.34,24.96,9.86,18.71,15.4,95.17,30.8,3.09,Fail,453.4,2465.65,UB 533x210x82,UC 305x305x118,82.2,118.0,80.03,153.38,56271.22
4013,3,3,3,3.53,5.83,6.03,7.9,7.83,4.83,10.59,10.28,21.18,0.4854,Pass,93.98,820.04,UB 305x165x40,UC 203x203x60,40.5,60.0,85.95,95.12,27458.28
4014,1,2,3,4.31,6.72,7.45,25.03,7.71,2.66,4.31,2.46,8.62,0.2848,Pass,245.69,697.45,UB 457x191x67,UC 254x254x73,67.1,73.1,79.2,76.6,11887.08
4015,2,1,1,4.4,5.12,4.09,10.33,14.54,9.85,8.8,50.83,17.6,2.8878,Fail,277.48,396.35,UB 406x178x54,UC 254x254x89,54.3,89.0,92.57,91.28,5133.21
4016,2,2,2,3.15,5.63,7.26,22.76,11.96,6.92,6.3,6.89,12.6,0.5464,Pass,253.59,1338.64,UB 406x178x54,UC 254x254x89,54.3,89.0,84.6,91.24,13445.42
4017,1,2,3,4.38,5.35,5.47,7.02,9.18,5.79,4.38,5.2,8.76,0.5936,Pass,78.77,273.99,UB 305x165x40,UC 203x203x46,40.5,46.1,68.4,65.37,6150.23
4018,1,1,1,3.53,7.75,6.83,25.12,8.91,15.08,3.53,11.57,7.06,1.639,Fail,225.98,355.56,UB 533x210x82,UC 254x254x89,82.2,89.0,78.16,81.6,3653.63
4019,1,2,3,3.44,6.55,6.35,9.24,14.3,13.15,3.44,5.23,6.88,0.7601,Pass,160.07,471.52,UB 406x178x54,UC 203x203x60,54.3,60.0,82.91,84.77,8425.36
4020,2,2,2,3.74,7.18,4.73,20.62,6.14,6.62,7.48,13.43,14.96,0.898,Pass,200.48,944.91,UB 457x191x67,UC 254x254x73,67.1,73.1,78.96,95.22,14511.02
4021,2,3,2,3.29,7.15,6.86,18.0,4.81,10.46,6.58,9.65,13.16,0.7333,Pass,168.7,930.17,UB 457x191x67,UC 254x254x73,67.1,73.1,66.47,85.28,21772.64
4022,5,1,1,4.24,5.38,4.16,8.45,2.02,11.03,21.2,254.01,42.4,5.9908,Fail,887.21,943.2,UB 610x229x101,UC 305x305x118,101.2,118.0,112.02,158.33,19660.88
4023,2,1,2,3.29,6.51,5.01,29.92,8.79,23.91,6.58,49.73,13.16,3.7792,Fail,418.28,1007.07,UB 533x210x82,UC 305x305x118,82.2,118.0,73.84,93.6,11163.95
4024,5,3,2,4.46,7.71,5.37,26.86,2.89,22.57,22.3,296.66,44.6,6.6515,Fail,849.22,2745.4,UB 610x229x101,UC 305x305x118,101.2,118.0,107.22,251.93,88425.9
4025,4,1,1,4.45,5.42,4.02,19.19,4.53,13.9,17.8,254.8,35.6,7.1574,Fail,958.69,1061.53,UB 610x229x101,UC 305x305x118,101.2,118.0,121.05,175.8,16044.22
4026,2,1,3,4.21,7.95,4.21,20.57,12.94,11.68,8.42,63.4,16.84,3.7649,Fail,398.79,837.77,UB 533x210x82,UC 305x305x118,82.2,118.0,83.08,81.49,17329.14
4027,2,1,1,3.92,7.96,7.56,11.88,3.11,7.78,7.84,33.0,15.68,2.1045,Fail,207.66,348.34,UB 406x178x54,UC 254x254x73,54.3,73.1,94.76,79.45,5663.36
4028,3,1,1,4.03,5.82,7.65,14.33,10.31,22.38,12.09,182.34,24.18,7.541,Fail,859.69,956.28,UB 610x229x101,UC 305x305x118,101.2,118.0,108.55,165.47,13885.46
4029,1,3,1,3.62,6.86,4.0,6.47,3.96,0.69,3.62,0.27,7.24,0.0376,Pass,66.07,134.42,UB 305x165x40,UC 152x152x30,40.5,30.0,92.84,79.1,3183.78
4030,4,1,1,4.42,4.48,6.34,23.81,5.63,4.5,17.68,74.27,35.36,2.1003,Fail,335.13,1019.63,UB 457x191x67,UC 305x305x97,67.1,96.9,84.05,97.97,12660.94
4031,5,3,3,3.49,5.65,4.15,10.86,2.98,8.2,17.45,39.25,34.9,1.1247,Fail,194.27,950.3,UB 356x171x45,UC 254x254x89,45.0,89.0,91.15,97.07,51308.8
4032,5,3,3,4.08,7.78,4.46,14.02,12.26,0.74,20.4,7.43,40.8,0.1822,Pass,209.63,2314.0,UB 457x191x67,UC 305x305x118,67.1,118.0,98.66,98.27,87793.44
4033,2,1,1,4.23,6.2,6.15,24.86,13.23,22.15,8.46,108.02,16.92,6.3844,Fail,574.45,774.63,UB 610x229x101,UC 305x305x118,101.2,118.0,72.53,119.44,8992.4
4034,3,1,2,3.5,4.68,7.18,11.99,14.31,23.32,10.5,104.68,21.0,4.9848,Fail,675.04,1380.4,UB 610x229x101,UC 305x305x118,101.2,118.0,85.23,146.66,20415.94
4035,1,2,3,3.94,5.69,6.6,17.89,12.16,8.11,3.94,5.03,7.88,0.6385,Pass,180.21,564.77,UB 406x178x54,UC 203x203x60,54.3,60.0,69.38,87.43,8533.96
4036,5,2,1,3.88,6.3,4.39,13.38,5.86,20.72,19.4,216.82,38.8,5.5882,Fail,775.02,1152.26,UB 610x229x101,UC 305x305x118,101.2,118.0,97.86,195.03,33150.42
4037,4,1,1,3.59,6.49,6.71,8.2,4.31,10.73,14.36,103.81,28.72,3.6145,Fail,479.9,616.34,UB 533x210x82,UC 305x305x118,82.2,118.0,84.71,90.15,15458.24
4038,3,1,3,4.37,5.15,6.76,5.98,12.31,22.97,13.11,233.97,26.22,8.9233,Fail,1019.31,1118.43,UB 610x229x101,UC 305x305x118,101.2,118.0,128.7,197.32,30944.02
4039,5,2,3,3.49,4.18,7.82,11.48,7.22,2.65,17.45,15.83,34.9,0.4535,Pass,147.13,1590.02,UB 305x165x40,UC 254x254x89,40.5,89.0,85.6,92.0,39660.15
4040,4,2,3,3.29,5.18,7.48,26.46,13.76,2.67,13.16,9.79,26.32,0.3718,Pass,291.51,2921.53,UB 406x178x54,UC 305x305x118,54.3,118.0,97.25,113.79,42257.23
4041,4,2,2,4.45,5.77,7.58,18.99,13.4,10.49,17.8,115.32,35.6,3.2394,Fail,446.2,2566.07,UB 533x210x82,UC 305x305x118,82.2,118.0,78.76,165.66,45240.48
4042,5,3,3,4.35,7.79,6.13,16.16,10.07,23.94,21.75,290.31,43.5,6.6737,Fail,841.97,2638.99,UB 610x229x101,UC 305x305x118,101.2,118.0,106.31,248.9,125586.24
4043,1,1,2,3.97,7.75,5.83,8.78,7.57,23.74,3.97,27.48,7.94,3.4605,Fail,211.46,268.3,UB 406x178x54,UC 254x254x73,54.3,73.1,95.39,92.05,4269.99
4044,5,2,3,3.35,6.32,6.15,27.32,4.82,11.82,16.75,74.99,33.5,2.2384,Fail,391.79,2801.42,UB 457x191x67,UC 305x305x118,67.1,118.0,98.25,148.67,59250.8
4045,1,1,2,3.86,7.52,4.44,23.51,6.63,16.75,3.86,17.35,7.72,2.2469,Fail,206.33,387.69,UB 533x210x82,UC 254x254x73,82.2,73.1,63.24,96.29,5007.3
4046,5,1,2,4.47,7.95,5.75,5.36,7.73,7.32,22.35,249.15,44.7,5.5739,Fail,682.96,1148.92,UB 610x229x101,UC 305x305x118,101.2,118.0,86.23,135.22,39529.9
4047,4,3,3,3.3,5.38,7.21,25.95,6.85,19.66,13.2,51.56,26.4,1.9532,Fail,330.7,2337.05,UB 457x191x67,UC 305x305x118,67.1,118.0,82.93,127.44,65471.47
4048,2,2,3,4.35,4.56,4.2,29.27,12.11,24.0,8.7,69.2,17.4,3.9772,Fail,365.28,1060.84,UB 457x191x67,UC 305x305x118,67.1,118.0,91.61,112.56,22287.58
4049,2,2,1,4.45,7.11,4.47,14.11,13.58,24.76,8.9,91.83,17.8,5.1591,Fail,409.63,766.51,UB 533x210x82,UC 305x305x118,82.2,118.0,72.31,110.38,13181.34
4050,1,1,1,3.01,6.21,5.37,21.49,13.21,8.72,3.01,3.47,6.02,0.5757,Pass,137.22,288.43,UB 457x191x67,UC 203x203x60,67.1,60.0,66.25,94.51,2276.44
4051,5,1,2,3.35,6.82,4.73,24.39,6.95,0.17,16.75,2.09,33.5,0.0624,Pass,160.13,1796.95,UB 457x191x67,UC 305x305x97,67.1,96.9,79.25,94.63,22950.44
4052,5,3,1,4.31,5.33,5.96,18.44,7.29,15.14,21.55,147.42,43.1,3.4205,Fail,527.7,1513.02,UB 533x210x82,UC 305x305x118,82.2,118.0,93.15,149.37,43285.22
4053,2,1,1,4.35,5.07,7.28,29.39,12.68,10.14,8.7,50.05,17.4,2.8762,Fail,309.45,793.02,UB 457x191x67,UC 305x305x97,67.1,96.9,77.6,89.46,6686.86
4054,2,1,3,3.77,5.73,7.74,11.67,13.57,15.05,7.54,47.2,15.08,3.1298,Fail,312.68,854.17,UB 457x191x67,UC 305x305x97,67.1,96.9,78.42,94.75,15153.12
4055,4,3,2,4.22,4.11,5.99,6.09,2.57,12.47,16.88,69.59,33.76,2.0614,Fail,305.81,543.81,UB 457x191x67,UC 305x305x97,67.1,96.9,76.69,97.4,42417.91
4056,4,1,2,4.18,4.99,5.78,29.82,12.19,18.33,16.72,260.32,33.44,7.7848,Fail,1134.18,2487.06,UB 610x229x101,UC 305x305x118,101.2,118.0,143.2,243.63,27256.59
4057,1,3,3,3.73,5.24,7.8,9.92,9.28,2.06,3.73,0.75,7.46,0.1012,Pass,161.41,375.56,UB 305x165x40,UC 203x203x46,40.5,46.1,93.91,83.92,9088.69
4058,4,1,3,4.37,5.83,4.75,6.98,6.65,11.95,17.48,213.17,34.96,6.0975,Fail,781.85,905.08,UB 610x229x101,UC 305x305x118,101.2,118.0,98.72,145.8,37477.86
4059,4,2,1,4.11,5.02,5.5,17.54,7.58,13.09,16.44,102.16,32.88,3.107,Fail,443.63,1100.06,UB 533x210x82,UC 305x305x118,82.2,118.0,78.31,122.06,23667.02
4060,3,3,3,3.75,4.27,4.68,17.65,13.47,15.69,11.25,36.08,22.5,1.6035,Fail,234.45,1220.66,UB 406x178x54,UC 305x305x97,54.3,96.9,78.22,99.66,34937.46
4061,3,1,3,4.1,6.01,5.88,15.46,11.21,17.15,12.3,150.77,24.6,6.1289,Fail,702.79,1223.01,UB 610x229x101,UC 305x305x118,101.2,118.0,88.74,147.4,29620.75
4062,2,1,3,3.24,4.82,4.88,26.74,12.85,13.1,6.48,22.28,12.96,1.7195,Fail,230.02,881.12,UB 406x178x54,UC 254x254x89,54.3,89.0,76.74,90.45,9887.38
4063,2,1,2,3.84,4.1,5.84,25.56,4.75,24.25,7.68,70.48,15.36,4.5884,Fail,470.46,860.66,UB 533x210x82,UC 305x305x118,82.2,118.0,83.05,108.4,11299.94
4064,1,2,3,3.41,6.05,7.69,13.78,7.89,19.88,3.41,7.41,6.82,1.0865,Fail,174.46,448.03,UB 356x171x45,UC 203x203x60,45.0,60.0,92.95,82.87,7747.65
4065,1,2,3,3.4,6.94,5.86,22.39,7.08,7.42,3.4,2.94,6.8,0.432,Pass,203.5,564.44,UB 457x191x67,UC 254x254x73,67.1,73.1,78.53,69.11,10246.73
4066,4,3,3,4.26,6.31,7.57,15.05,12.64,7.75,17.04,53.65,34.08,1.5741,Fail,254.49,2238.46,UB 406x178x54,UC 305x305x118,54.3,118.0,87.19,110.73,68348.35
4067,4,3,2,3.74,7.15,6.67,16.25,12.59,23.31,14.96,109.26,29.92,3.6517,Fail,497.54,2353.83,UB 533x210x82,UC 305x305x118,82.2,118.0,87.83,163.02,59886.41
4068,4,3,2,3.58,7.45,5.92,14.85,9.31,3.14,14.32,13.14,28.64,0.4589,Pass,192.44,1884.05,UB 457x191x67,UC 305x305x97,67.1,96.9,79.64,95.31,47358.94
4069,5,3,3,4.39,7.4,4.56,15.89,6.28,8.02,21.95,97.74,43.9,2.2264,Fail,335.41,1879.32,UB 457x191x67,UC 305x305x118,67.1,118.0,84.12,116.63,89592.56
4070,2,1,2,3.55,5.15,6.49,17.99,8.88,14.83,7.1,35.84,14.2,2.5236,Fail,272.73,790.46,UB 406x178x54,UC 305x305x97,54.3,96.9,90.99,83.64,8625.07
4071,5,2,1,3.7,5.2,5.1,9.17,7.6,17.17,18.5,138.41,37.0,3.7409,Fail,585.44,920.38,UB 610x229x101,UC 305x305x118,101.2,118.0,73.92,147.62,31364.6
4072,5,2,3,3.06,7.56,4.68,25.67,8.08,16.99,15.3,88.41,30.6,2.8892,Fail,489.94,2914.51,UB 533x210x82,UC 305x305x118,82.2,118.0,86.49,163.54,63833.4
4073,5,2,3,3.41,4.25,7.2,8.49,7.39,24.0,17.05,132.82,34.1,3.8951,Fail,687.46,1446.59,UB 610x229x101,UC 305x305x118,101.2,118.0,86.8,184.08,74135.6
4074,2,3,1,3.37,7.2,4.35,11.18,4.52,13.6,6.74,13.55,13.48,1.0052,Fail,136.14,418.35,UB 406x178x54,UC 203x203x60,54.3,60.0,73.45,86.51,9816.36
4075,2,3,1,3.36,4.08,4.32,28.04,12.41,12.71,6.72,9.91,13.44,0.7371,Pass,117.89,718.55,UB 305x165x40,UC 254x254x73,40.5,73.1,75.75,70.94,7312.42
4076,1,2,2,3.38,6.13,5.37,17.45,6.83,17.41,3.38,6.33,6.76,0.9357,Pass,146.03,435.69,UB 406x178x54,UC 203x203x60,54.3,60.0,70.1,80.86,5571.9
4077,3,1,3,3.59,5.37,5.11,15.3,7.95,6.32,10.77,33.16,21.54,1.5395,Fail,227.05,840.55,UB 406x178x54,UC 254x254x89,54.3,89.0,75.75,87.78,16161.85
4078,4,3,3,3.32,4.29,5.81,19.3,9.1,16.25,13.28,39.18,26.56,1.4752,Fail,265.55,1641.35,UB 406x178x54,UC 305x305x118,54.3,118.0,88.59,97.41,51397.28
4079,4,3,1,3.99,5.31,7.88,28.88,13.88,10.8,15.96,54.82,31.92,1.7174,Fail,301.32,2236.5,UB 457x191x67,UC 305x305x118,67.1,118.0,75.57,117.22,32077.43
4080,2,3,1,4.21,6.17,7.22,13.89,13.51,13.43,8.42,27.51,16.84,1.6334,Fail,190.65,778.58,UB 406x178x54,UC 254x254x89,54.3,89.0,80.66,83.24,13151.78
4081,3,1,2,3.98,7.69,5.31,22.06,13.75,17.31,11.94,157.52,23.88,6.5965,Fail,741.38,1592.6,UB 610x229x101,UC 305x305x118,101.2,118.0,93.61,159.45,21906.04
4082,5,3,3,3.87,4.44,7.29,23.37,3.68,21.52,19.35,132.46,38.7,3.4227,Fail,589.58,2227.53,UB 610x229x101,UC 305x305x118,101.2,118.0,74.44,183.18,107757.36
4083,5,2,3,3.71,6.81,4.67,9.9,12.42,17.1,18.55,160.12,37.1,4.316,Fail,610.25,1868.38,UB 610x229x101,UC 305x305x118,101.2,118.0,77.05,176.7,75100.86
4084,5,2,1,3.65,7.44,7.35,17.13,9.67,4.78,18.25,44.68,36.5,1.2242,Fail,262.22,2122.55,UB 457x191x67,UC 305x305x118,67.1,118.0,87.99,95.58,30303.26
4085,4,3,3,4.26,7.55,4.19,25.32,2.05,16.37,17.04,123.87,34.08,3.6346,Fail,469.62,1792.63,UB 533x210x82,UC 305x305x118,82.2,118.0,82.9,141.15,78492.86
4086,4,1,3,4.14,6.72,7.99,12.82,11.36,16.9,16.56,270.35,33.12,8.1629,Fail,1013.76,1902.47,UB 610x229x101,UC 305x305x118,101.2,118.0,128.0,210.14,45919.78
4087,2,1,1,3.81,6.64,4.64,27.88,3.61,21.51,7.62,75.18,15.24,4.9333,Fail,463.21,570.28,UB 533x210x82,UC 305x305x118,82.2,118.0,81.77,92.94,7305.5
4088,3,3,1,3.86,6.54,7.6,23.28,6.97,20.66,11.58,63.32,23.16,2.7341,Fail,345.05,1322.5,UB 457x191x67,UC 305x305x118,67.1,118.0,86.53,103.0,24950.05
4089,3,2,3,3.27,4.14,5.56,15.63,4.82,19.8,9.81,38.91,19.62,1.9832,Fail,283.81,846.68,UB 406x178x54,UC 305x305x118,54.3,118.0,94.68,84.55,27437.72
4090,5,1,3,3.53,6.09,5.15,23.29,6.98,8.08,17.65,106.31,35.3,3.0117,Fail,511.6,1923.81,UB 533x210x82,UC 305x305x118,82.2,118.0,90.31,126.35,39373.46
4091,5,1,2,3.02,4.21,5.98,12.83,13.12,18.92,15.1,121.66,30.2,4.0285,Fail,782.71,2004.12,UB 610x229x101,UC 305x305x118,101.2,118.0,98.83,168.58,29185.1
4092,3,1,3,3.41,4.64,4.56,12.08,5.87,18.83,10.23,76.89,20.46,3.7581,Fail,512.35,720.87,UB 533x210x82,UC 305x305x118,82.2,118.0,90.44,102.11,20980.99
4093,3,1,2,3.42,4.06,7.82,20.01,11.59,6.17,10.26,23.99,20.52,1.1691,Fail,267.56,1454.94,UB 406x178x54,UC 305x305x97,54.3,96.9,89.26,86.82,13044.8
4094,2,3,1,4.28,6.56,7.53,20.2,8.05,3.49,8.56,7.88,17.12,0.4602,Pass,166.43,827.26,UB 406x178x54,UC 254x254x73,54.3,73.1,99.95,94.25,12551.42
4095,3,1,2,4.39,4.81,4.1,20.49,8.08,2.4,13.17,24.13,26.34,0.916,Pass,150.03,850.59,UB 305x165x40,UC 254x254x73,40.5,73.1,87.67,88.69,9522.21
4096,5,1,1,4.02,6.81,4.97,28.22,11.83,12.22,20.1,265.6,40.2,6.6071,Fail,979.16,1970.78,UB 610x229x101,UC 305x305x118,101.2,118.0,123.63,196.52,21408.56
4097,2,2,2,3.53,5.03,5.59,15.94,7.77,11.9,7.06,16.73,14.12,1.185,Fail,137.61,756.75,UB 305x165x40,UC 254x254x73,40.5,73.1,83.2,89.5,9806.09
4098,2,2,2,3.46,7.71,5.15,28.44,4.34,9.74,6.92,15.63,13.84,1.1294,Fail,274.3,1231.74,UB 533x210x82,UC 305x305x97,82.2,96.9,74.13,84.51,18720.04
4099,4,1,2,4.34,4.99,4.87,24.3,11.68,3.19,17.36,51.65,34.72,1.4876,Fail,262.42,1624.87,UB 406x178x54,UC 305x305x118,54.3,118.0,87.54,86.2,19773.42
4100,3,1,2,4.06,7.33,7.85,13.64,14.14,2.46,12.18,23.36,24.36,0.9589,Pass,243.27,1461.53,UB 457x191x67,UC 305x305x97,67.1,96.9,87.22,89.62,17828.86
4101,3,1,3,3.37,4.2,4.63,20.47,11.63,24.31,10.11,91.04,20.22,4.5024,Fail,656.81,1197.17,UB 610x229x101,UC 305x305x118,101.2,118.0,82.93,137.3,23078.33
4102,3,3,1,4.34,7.25,5.89,10.38,13.5,14.12,13.02,68.6,26.04,2.6344,Fail,311.98,1069.26,UB 457x191x67,UC 305x305x118,67.1,118.0,78.24,88.63,25790.06
4103,2,3,3,4.3,4.88,7.68,22.22,3.43,24.66,8.6,49.93,17.2,2.9031,Fail,260.13,920.02,UB 406x178x54,UC 305x305x118,54.3,118.0,86.78,85.78,32604.99
4104,3,3,1,3.85,7.15,5.26,21.7,3.14,7.2,11.55,22.96,23.1,0.994,Pass,201.27,1014.33,UB 457x191x67,UC 254x254x73,67.1,73.1,72.38,99.5,19625.56
4105,2,1,3,3.13,7.76,4.75,9.43,12.83,17.65,6.26,34.09,12.52,2.7232,Fail,295.95,604.5,UB 457x191x67,UC 254x254x89,67.1,89.0,82.92,94.82,12447.39
4106,3,3,1,3.07,6.87,7.34,9.74,5.27,5.39,9.21,7.74,18.42,0.42,Pass,109.47,674.31,UB 356x171x45,UC 203x203x60,45.0,60.0,94.27,81.9,13949.1
4107,3,2,2,3.32,4.64,7.11,25.21,7.44,2.32,9.96,5.1,19.92,0.256,Pass,224.95,1680.74,UB 406x178x54,UC 305x305x97,54.3,96.9,75.05,84.4,20170.57
4108,2,1,3,4.14,7.69,4.03,6.41,10.18,4.13,8.28,20.8,16.56,1.2563,Fail,157.14,402.33,UB 406x178x54,UC 203x203x60,54.3,60.0,94.56,95.0,9940.88
4109,4,2,3,3.75,5.28,5.85,6.17,10.15,22.56,15.0,130.49,30.0,4.3497,Fail,596.73,1072.05,UB 610x229x101,UC 305x305x118,101.2,118.0,75.34,158.59,59651.47
4110,4,3,2,4.0,4.43,6.41,10.46,9.03,9.3,16.0,44.07,32.0,1.3773,Fail,220.94,1257.23,UB 406x178x54,UC 305x305x97,54.3,96.9,73.71,98.7,38402.58
4111,1,1,1,3.88,7.6,6.66,10.29,14.68,8.55,3.88,9.08,7.76,1.1697,Fail,159.6,263.67,UB 457x191x67,UC 254x254x73,67.1,73.1,87.38,72.59,3048.2
4112,4,3,2,4.4,7.54,5.13,14.24,7.37,11.99,17.6,101.42,35.2,2.8812,Fail,369.78,1595.61,UB 457x191x67,UC 305x305x118,67.1,118.0,92.73,117.26,54150.36
4113,5,3,2,4.45,6.62,4.97,11.86,7.48,5.41,22.25,65.28,44.5,1.4669,Fail,235.68,1618.27,UB 406x178x54,UC 305x305x118,54.3,118.0,78.63,91.24,58476.81
4114,2,3,2,4.23,5.41,7.16,24.02,7.37,21.6,8.46,42.75,16.92,2.5266,Fail,244.35,1168.92,UB 406x178x54,UC 305x305x118,54.3,118.0,81.52,84.95,23487.7
4115,3,1,2,3.45,5.64,4.8,8.03,6.06,5.1,10.35,23.94,20.7,1.1565,Fail,164.68,520.15,UB 305x165x40,UC 254x254x73,40.5,73.1,95.81,74.22,8928.09
4116,1,3,2,3.16,6.92,7.97,14.9,10.77,8.97,3.16,2.01,6.32,0.3186,Pass,240.62,587.06,UB 457x191x67,UC 203x203x60,67.1,60.0,67.81,94.8,10732.48
4117,5,2,3,3.61,7.16,4.05,24.64,10.33,19.23,18.05,168.89,36.1,4.6784,Fail,692.73,2776.65,UB 610x229x101,UC 305x305x118,101.2,118.0,87.47,210.88,72986.18
4118,2,3,1,3.67,5.26,4.73,26.08,11.58,12.9,7.34,15.2,14.68,1.0354,Fail,170.81,818.49,UB 406x178x54,UC 254x254x73,54.3,73.1,68.69,85.36,9774.56
4119,2,1,1,3.85,4.74,7.55,13.15,11.52,8.46,7.7,26.29,15.4,1.7068,Fail,190.9,478.17,UB 356x171x45,UC 254x254x73,45.0,73.1,89.57,85.52,4463.68
4120,4,3,3,3.55,6.88,5.81,8.26,8.3,10.33,14.2,39.66,28.4,1.3964,Fail,212.48,1227.17,UB 406x178x54,UC 305x305x97,54.3,96.9,70.89,89.66,55090.9
4121,3,1,2,3.22,5.72,4.86,9.62,13.0,1.16,9.66,4.36,19.32,0.2259,Pass,92.99,794.55,UB 356x171x45,UC 203x203x60,45.0,60.0,82.0,93.29,8418.6
4122,1,1,2,3.23,6.36,4.57,5.4,12.13,9.04,3.23,4.63,6.46,0.7162,Pass,86.61,222.52,UB 356x171x45,UC 203x203x46,45.0,46.1,87.35,82.8,2574.62
4123,2,2,3,3.29,4.61,6.43,14.23,3.13,24.73,6.58,26.05,13.16,1.9792,Fail,199.26,548.58,UB 356x171x45,UC 254x254x89,45.0,89.0,93.49,96.42,15554.94
4124,3,3,2,4.35,6.23,4.1,25.13,10.8,16.69,13.05,76.23,26.1,2.9205,Fail,364.09,1626.11,UB 457x191x67,UC 305x305x118,67.1,118.0,91.31,116.45,36368.33
4125,3,1,3,3.08,6.18,6.15,10.31,14.98,7.35,9.24,24.68,18.48,1.3357,Fail,220.97,1075.55,UB 406x178x54,UC 254x254x89,54.3,89.0,74.81,90.84,16616.78
4126,4,2,2,4.03,4.1,7.8,15.96,4.03,7.59,16.12,50.89,32.24,1.5785,Fail,251.43,1366.4,UB 406x178x54,UC 305x305x118,54.3,118.0,83.88,90.8,32627.52
4127,4,2,2,3.91,6.75,4.89,28.23,12.65,17.0,15.64,128.77,31.28,4.1168,Fail,579.42,2766.01,UB 610x229x101,UC 305x305x118,101.2,118.0,73.16,188.17,44880.91
4128,5,3,2,3.32,5.63,4.64,22.06,6.63,18.22,16.6,73.25,33.2,2.2064,Fail,390.34,2082.32,UB 457x191x67,UC 305x305x118,67.1,118.0,97.89,132.51,52959.14
4129,5,2,2,3.87,5.34,6.53,9.13,8.2,4.61,19.35,44.04,38.7,1.1379,Fail,197.35,1505.13,UB 356x171x45,UC 305x305x97,45.0,96.9,92.6,99.27,32899.64
4130,4,3,1,3.32,7.65,4.57,16.2,12.59,12.2,13.28,39.7,26.56,1.4946,Fail,296.0,1641.22,UB 533x210x82,UC 305x305x118,82.2,118.0,63.6,85.55,33638.7
4131,3,3,2,4.38,7.28,6.42,9.14,14.49,18.19,13.14,91.4,26.28,3.4778,Fail,378.57,1477.9,UB 457x191x67,UC 305x305x118,67.1,118.0,94.94,118.74,42134.18
4132,3,2,1,3.29,6.69,4.96,20.95,13.38,24.45,9.87,61.86,19.74,3.1338,Fail,410.94,1366.06,UB 533x210x82,UC 305x305x118,82.2,118.0,72.54,115.11,17256.38
4133,4,2,1,3.07,4.4,7.83,19.99,11.67,2.17,12.28,5.77,24.56,0.235,Pass,207.15,1485.09,UB 356x171x45,UC 305x305x97,45.0,96.9,97.2,89.5,14535.79
4134,1,2,3,3.59,6.01,6.2,23.94,11.7,17.38,3.59,7.81,7.18,1.0875,Fail,202.63,657.71,UB 406x178x54,UC 254x254x73,54.3,73.1,96.97,76.48,8789.83
4135,4,3,1,3.41,5.0,7.58,11.37,2.25,6.15,13.64,17.46,27.28,0.6402,Pass,113.31,665.34,UB 305x165x40,UC 254x254x73,40.5,73.1,65.93,73.23,17748.51
4136,5,2,1,3.78,5.71,6.83,15.43,3.13,16.68,18.9,151.63,37.8,4.0113,Fail,598.23,1169.86,UB 610x229x101,UC 305x305x118,101.2,118.0,75.53,157.21,35306.18
4137,3,1,3,4.46,4.91,6.62,26.72,9.08,13.61,13.38,145.85,26.76,5.4502,Fail,671.07,1612.85,UB 610x229x101,UC 305x305x118,101.2,118.0,84.73,154.56,30652.42
4138,1,2,3,4.11,5.07,5.68,6.7,3.76,20.81,4.11,14.52,8.22,1.766,Fail,98.79,166.75,UB 254x146x31,UC 203x203x60,31.1,60.0,90.72,80.97,5810.45
4139,2,2,2,3.9,7.14,6.53,20.25,12.49,2.28,7.8,5.46,15.6,0.35,Pass,224.66,1351.26,UB 457x191x67,UC 305x305x97,67.1,96.9,95.0,82.91,17809.46
4140,2,1,1,3.12,4.86,6.0,14.18,2.4,15.68,6.24,23.42,12.48,1.8769,Fail,206.89,303.52,UB 356x171x45,UC 254x254x73,45.0,73.1,97.08,85.5,3779.38
4141,2,3,1,3.55,4.86,7.71,11.06,12.74,15.93,7.1,16.1,14.2,1.1336,Fail,143.38,604.3,UB 305x165x40,UC 254x254x73,40.5,73.1,83.42,80.24,9012.08
4142,2,3,1,3.44,4.02,6.21,6.99,8.31,4.59,6.88,3.88,13.76,0.2816,Pass,57.96,317.42,UB 203x133x25,UC 203x203x46,25.1,46.1,99.56,64.78,4995.14
4143,1,3,3,4.37,5.94,4.14,7.81,10.09,15.11,4.37,9.99,8.74,1.1436,Fail,105.97,273.33,UB 356x171x45,UC 203x203x46,45.0,46.1,72.67,88.97,8666.51
4144,2,1,3,4.16,5.94,5.28,27.6,11.07,0.34,8.32,1.59,16.64,0.0955,Pass,144.14,916.21,UB 457x191x67,UC 254x254x73,67.1,73.1,64.61,96.86,12305.58
4145,1,3,1,3.98,6.56,7.01,6.98,8.02,21.72,3.98,10.49,7.96,1.3181,Fail,111.07,221.6,UB 356x171x45,UC 203x203x46,45.0,46.1,82.02,88.95,4500.82
4146,2,1,2,4.27,6.12,5.03,10.47,13.23,22.74,8.54,113.93,17.08,6.6704,Fail,554.35,707.5,UB 533x210x82,UC 305x305x118,82.2,118.0,97.85,119.29,12372.43
4147,4,1,2,4.37,5.25,6.88,12.61,10.04,2.84,17.48,48.18,34.96,1.3782,Fail,223.85,1354.8,UB 406x178x54,UC 305x305x97,54.3,96.9,74.68,90.36,19561.12
4148,1,3,3,3.83,4.04,5.93,18.33,4.42,0.83,3.83,0.32,7.66,0.0412,Pass,107.75,331.65,UB 254x146x31,UC 203x203x46,31.1,46.1,98.95,59.86,6545.81
4149,3,1,1,3.93,6.63,6.93,17.99,13.19,13.63,11.79,109.17,23.58,4.6299,Fail,556.14,1025.01,UB 533x210x82,UC 305x305x118,82.2,118.0,98.17,114.71,12252.67
4150,2,2,3,4.07,6.57,4.71,10.12,3.47,16.65,8.14,43.42,16.28,2.6673,Fail,215.79,446.02,UB 406x178x54,UC 254x254x89,54.3,89.0,71.99,96.79,19005.09
4151,1,1,2,4.29,7.48,4.86,11.63,2.99,5.84,4.29,8.8,8.58,1.0251,Fail,93.87,196.66,UB 406x178x54,UC 203x203x46,54.3,46.1,76.69,90.34,3460.7
4152,3,1,3,3.68,4.64,4.59,26.72,13.49,2.21,11.04,11.8,22.08,0.5342,Pass,127.92,1220.0,UB 356x171x45,UC 254x254x73,45.0,73.1,77.81,93.24,12679.69
4153,1,1,2,3.7,5.39,5.16,18.23,13.77,5.38,3.7,4.2,7.4,0.5675,Pass,131.51,398.96,UB 356x171x45,UC 203x203x60,45.0,60.0,97.06,80.79,2988.45
4154,4,2,3,3.04,7.0,4.33,16.15,3.44,20.08,12.16,65.66,24.32,2.6997,Fail,377.95,1251.63,UB 457x191x67,UC 305x305x118,67.1,118.0,94.78,109.5,42708.51
4155,4,3,3,3.62,4.54,6.39,9.49,3.25,4.72,14.48,15.85,28.96,0.5472,Pass,97.54,791.57,UB 254x146x31,UC 254x254x73,31.1,73.1,89.57,75.15,33252.11
4156,4,2,1,3.65,4.94,4.06,9.28,9.99,7.47,14.6,38.13,29.2,1.3058,Fail,210.78,775.17,UB 356x171x45,UC 254x254x89,45.0,89.0,98.9,96.0,13545.6
4157,4,3,2,3.31,7.43,5.13,21.84,6.69,4.93,13.24,15.77,26.48,0.5956,Pass,226.6,2047.6,UB 457x191x67,UC 305x305x118,67.1,118.0,93.29,84.83,47710.88
4158,5,3,2,4.17,4.24,5.37,16.18,12.34,0.07,20.85,0.6,41.7,0.0145,Pass,108.78,1975.81,UB 305x165x40,UC 305x305x97,40.5,96.9,63.29,88.9,40671.18
4159,3,3,2,3.25,5.16,7.72,16.16,5.02,12.41,9.75,18.6,19.5,0.954,Pass,171.84,1190.6,UB 305x165x40,UC 254x254x89,40.5,89.0,99.98,90.46,23559.3
4160,3,2,2,3.91,4.2,4.03,21.38,4.95,0.59,11.73,2.23,23.46,0.0952,Pass,61.58,939.58,UB 305x165x40,UC 203x203x60,40.5,60.0,53.79,93.31,12333.87
4161,4,2,2,3.99,7.32,5.36,17.75,6.19,17.95,15.96,152.24,31.92,4.7694,Fail,580.43,1759.71,UB 610x229x101,UC 305x305x118,101.2,118.0,73.29,168.53,47746.7
4162,1,1,2,4.35,5.77,5.82,19.87,7.75,23.25,4.35,33.36,8.7,3.8349,Fail,230.33,405.41,UB 406x178x54,UC 254x254x89,54.3,89.0,76.84,87.15,4526.94
4163,2,3,1,3.85,4.47,6.76,27.69,3.7,9.03,7.7,11.9,15.4,0.7728,Pass,133.96,686.44,UB 305x165x40,UC 254x254x73,40.5,73.1,77.94,77.97,8865.62
4164,1,1,1,4.24,5.02,5.71,9.89,6.98,0.78,4.24,0.98,8.48,0.1156,Pass,64.58,129.06,UB 305x165x40,UC 152x152x30,40.5,30.0,58.85,82.89,1377.93
4165,5,3,1,3.55,4.72,4.17,12.87,2.86,11.73,17.75,54.64,35.5,1.5393,Fail,272.87,746.44,UB 406x178x54,UC 305x305x97,54.3,96.9,91.03,92.46,25977.3
4166,3,2,1,4.08,5.84,6.67,11.79,6.57,20.3,12.24,101.52,24.48,4.1472,Fail,449.74,725.98,UB 533x210x82,UC 305x305x118,82.2,118.0,79.39,119.21,19360.96
4167,4,3,2,4.37,6.22,7.81,20.77,3.16,22.36,17.48,167.84,34.96,4.801,Fail,601.4,1941.06,UB 610x229x101,UC 305x305x118,101.2,118.0,75.93,182.67,72704.29
4168,3,1,2,4.11,6.42,5.23,12.44,10.9,23.5,12.33,215.65,24.66,8.7449,Fail,935.86,1131.44,UB 610x229x101,UC 305x305x118,101.2,118.0,118.16,184.03,20928.29
4169,5,3,3,3.18,4.25,4.5,29.92,14.33,6.86,15.9,20.8,31.8,0.6541,Pass,173.8,2720.11,UB 356x171x45,UC 305x305x118,45.0,118.0,81.55,101.82,53644.2
4170,3,3,2,3.75,6.78,5.86,15.4,2.93,21.51,11.25,60.59,22.5,2.6927,Fail,307.35,1005.45,UB 457x191x67,UC 305x305x118,67.1,118.0,77.08,91.87,37650.27
4171,2,2,3,3.6,4.12,5.94,19.21,12.27,11.25,7.2,15.75,14.4,1.0937,Fail,147.91,932.25,UB 305x165x40,UC 254x254x73,40.5,73.1,86.06,97.82,13315.86
4172,3,2,1,4.4,5.93,7.79,23.96,2.52,22.11,13.2,145.4,26.4,5.5075,Fail,581.75,1090.29,UB 610x229x101,UC 305x305x118,101.2,118.0,73.45,157.41,23642.12
4173,2,3,1,3.38,7.94,7.83,12.63,8.56,4.05,6.76,4.48,13.52,0.3314,Pass,177.1,719.71,UB 457x191x67,UC 254x254x73,67.1,73.1,84.56,80.21,14549.68
4174,4,3,1,3.48,4.76,4.6,20.43,6.59,14.7,13.92,43.81,27.84,1.5737,Fail,268.14,1072.86,UB 406x178x54,UC 305x305x118,54.3,118.0,89.45,81.42,23340.19
4175,2,3,2,3.79,6.22,7.14,14.02,8.53,4.37,7.58,6.24,15.16,0.4117,Pass,162.08,898.53,UB 406x178x54,UC 254x254x73,54.3,73.1,68.01,75.32,18931.84
4176,4,1,3,3.91,7.8,4.86,23.12,11.11,22.29,15.64,321.26,31.28,10.2706,Fail,1231.11,2017.1,UB 610x229x101,UC 305x305x118,101.2,118.0,155.44,242.87,39197.89
4177,1,1,3,4.35,4.12,7.26,11.07,8.54,16.65,4.35,21.61,8.7,2.4836,Fail,146.89,305.76,UB 305x165x40,UC 254x254x73,40.5,73.1,85.46,71.44,4975.5
4178,2,3,3,4.2,5.23,5.54,18.34,5.47,16.93,8.4,32.25,16.8,1.9199,Fail,185.4,739.52,UB 356x171x45,UC 254x254x89,45.0,89.0,86.99,93.15,23593.2
4179,2,3,3,3.35,6.89,5.57,21.93,3.7,5.99,6.7,5.87,13.4,0.4378,Pass,163.42,904.02,UB 457x191x67,UC 254x254x73,67.1,73.1,66.83,83.94,27901.9
4180,1,3,3,3.83,6.65,5.62,24.73,4.02,6.22,3.83,2.69,7.66,0.3513,Pass,171.88,509.85,UB 457x191x67,UC 203x203x60,67.1,60.0,67.4,91.18,13556.6
4181,2,1,2,4.34,7.76,6.52,6.41,3.36,10.6,8.68,63.07,17.36,3.6333,Fail,273.38,348.72,UB 406x178x54,UC 254x254x89,54.3,89.0,91.2,91.76,9995.62
4182,2,2,1,3.18,6.76,4.53,14.36,10.97,6.39,6.36,7.18,12.72,0.5646,Pass,166.05,670.44,UB 406x178x54,UC 254x254x73,54.3,73.1,98.07,71.98,7201.91
4183,3,1,2,3.32,4.69,7.47,18.92,4.37,5.43,9.96,20.33,19.92,1.0204,Fail,176.3,1045.82,UB 356x171x45,UC 254x254x73,45.0,73.1,82.72,99.59,10301.71
4184,3,2,1,3.42,5.07,5.45,22.92,11.62,22.1,10.26,55.66,20.52,2.7124,Fail,370.71,1155.71,UB 457x191x67,UC 305x305x118,67.1,118.0,92.97,107.44,14637.7
4185,3,1,2,4.31,7.74,4.34,7.63,6.41,22.24,12.93,266.3,25.86,10.2979,Fail,948.49,728.1,UB 610x229x101,UC 305x305x118,101.2,118.0,119.76,177.31,21474.53
4186,3,2,3,3.5,6.57,4.67,25.32,10.21,13.29,10.5,41.3,21.0,1.9667,Fail,306.29,1730.76,UB 457x191x67,UC 305x305x118,67.1,118.0,80.33,97.2,33908.97
4187,3,1,3,4.15,5.51,6.02,27.48,2.97,15.6,12.45,136.96,24.9,5.5002,Fail,661.15,1318.78,UB 610x229x101,UC 305x305x118,101.2,118.0,83.48,143.16,29410.18
4188,1,2,2,4.13,6.57,4.69,11.29,7.04,4.45,4.13,3.44,8.26,0.4167,Pass,120.08,328.93,UB 406x178x54,UC 203x203x46,54.3,46.1,65.15,80.29,5382.05
4189,5,3,2,3.26,5.76,4.82,10.36,13.8,15.46,16.3,59.08,32.6,1.8122,Fail,322.97,1875.58,UB 457x191x67,UC 305x305x118,67.1,118.0,80.99,113.08,53410.0
4190,4,2,3,3.85,4.47,4.96,5.05,8.04,20.24,15.4,119.29,30.8,3.8729,Fail,565.7,800.3,UB 533x210x82,UC 305x305x118,82.2,118.0,99.86,143.23,48241.92
4191,3,2,3,3.11,6.12,7.43,17.0,9.39,22.94,9.33,45.56,18.66,2.4414,Fail,324.63,1554.03,UB 457x191x67,UC 305x305x118,67.1,118.0,81.41,107.4,36527.86
4192,2,1,2,4.44,7.25,6.23,11.5,11.62,24.94,8.88,155.3,17.76,8.7446,Fail,661.66,813.16,UB 610x229x101,UC 305x305x118,101.2,118.0,83.54,141.85,15733.05
4193,1,3,3,3.14,5.0,7.92,27.6,5.1,11.96,3.14,2.27,6.28,0.3615,Pass,272.13,609.6,UB 406x178x54,UC 254x254x73,54.3,73.1,90.79,73.5,12091.22
4194,4,1,2,3.31,4.19,7.27,6.78,5.49,10.39,13.24,60.77,26.48,2.2951,Fail,390.86,876.54,UB 457x191x67,UC 305x305x118,67.1,118.0,98.02,83.22,20552.78
4195,4,2,3,4.12,5.56,6.9,14.44,13.24,15.67,16.48,129.16,32.96,3.9188,Fail,534.6,2014.19,UB 533x210x82,UC 305x305x118,82.2,118.0,94.37,168.65,58379.18
4196,2,3,2,4.37,6.43,7.52,8.68,13.16,1.6,8.74,3.89,17.48,0.2227,Pass,179.76,933.45,UB 406x178x54,UC 254x254x73,54.3,73.1,72.77,83.55,20484.79
4197,4,3,3,3.94,5.54,4.04,6.94,12.05,10.94,15.76,54.08,31.52,1.7158,Fail,255.2,1076.77,UB 406x178x54,UC 305x305x97,54.3,96.9,85.14,99.33,49403.62
4198,3,3,1,3.15,7.6,5.27,8.47,14.88,2.03,9.45,3.56,18.9,0.1884,Pass,180.33,1050.36,UB 457x191x67,UC 254x254x73,67.1,73.1,81.71,96.11,18949.04
4199,1,1,2,4.14,4.75,7.93,9.13,14.07,15.52,4.14,17.45,8.28,2.1077,Fail,225.18,407.9,UB 406x178x54,UC 254x254x73,54.3,73.1,75.12,72.99,4311.97
4200,4,3,1,3.96,4.45,4.69,18.85,13.55,6.61,15.84,30.31,31.68,0.9567,Pass,179.3,1254.67,UB 356x171x45,UC 305x305x97,45.0,96.9,84.13,82.86,20461.97
4201,5,3,2,3.21,4.15,5.85,14.88,6.95,15.11,16.05,46.69,32.1,1.4544,Fail,289.35,1568.52,UB 406x178x54,UC 305x305x118,54.3,118.0,96.53,100.52,45573.52
4202,4,3,2,3.25,7.73,6.59,12.15,5.62,6.74,13.0,20.56,26.0,0.7908,Pass,175.96,1473.38,UB 457x191x67,UC 254x254x89,67.1,89.0,65.43,92.21,46706.64
4203,3,2,1,3.96,4.89,5.95,11.17,12.97,22.93,11.88,95.44,23.76,4.0167,Fail,481.84,830.15,UB 533x210x82,UC 305x305x118,82.2,118.0,85.06,127.96,17636.35
4204,1,3,2,3.87,4.68,6.82,26.08,11.62,17.72,3.87,7.02,7.74,0.9075,Pass,263.73,670.42,UB 406x178x54,UC 203x203x60,54.3,60.0,87.98,97.12,8036.12
4205,5,2,2,4.46,6.64,6.79,10.33,11.8,12.24,22.3,213.02,44.6,4.7762,Fail,636.55,2205.66,UB 610x229x101,UC 305x305x118,101.2,118.0,80.37,196.12,64456.08
4206,5,3,1,3.89,4.11,5.26,16.95,8.1,20.52,19.45,124.8,38.9,3.2082,Fail,567.96,1195.69,UB 610x229x101,UC 305x305x118,101.2,118.0,71.71,147.54,41485.0
4207,5,1,2,3.67,4.06,5.25,20.64,2.52,14.67,18.35,182.81,36.7,4.9811,Fail,898.89,1783.87,UB 610x229x101,UC 305x305x118,101.2,118.0,113.5,181.31,29780.88
4208,5,2,3,4.01,4.41,4.02,12.02,13.01,14.25,20.05,141.82,40.1,3.5368,Fail,589.54,1493.79,UB 610x229x101,UC 305x305x118,101.2,118.0,74.44,162.29,64549.56
4209,2,2,2,4.11,7.5,6.12,24.19,10.22,15.47,8.22,44.42,16.44,2.7017,Fail,327.15,1402.63,UB 533x210x82,UC 305x305x118,82.2,118.0,71.63,89.25,22164.41
4210,4,2,3,3.02,6.47,4.85,12.68,8.08,22.93,12.08,69.98,24.16,2.8964,Fail,414.59,1355.99,UB 533x210x82,UC 305x305x118,82.2,118.0,73.18,121.75,48476.09
4211,1,2,2,4.27,7.19,4.35,7.22,5.78,9.74,4.27,8.72,8.54,1.0212,Fail,112.84,238.9,UB 356x171x45,UC 203x203x46,45.0,46.1,93.6,80.89,4887.42
4212,2,2,2,4.26,5.14,4.42,5.58,12.21,21.37,8.52,59.54,17.04,3.4943,Fail,289.87,530.73,UB 406x178x54,UC 305x305x118,54.3,118.0,96.7,84.18,15277.54
4213,3,3,2,3.09,5.4,7.14,20.83,6.18,9.34,9.27,12.04,18.54,0.6494,Pass,186.9,1472.69,UB 356x171x45,UC 254x254x89,45.0,89.0,87.69,87.2,24172.56
4214,3,1,2,3.96,5.88,5.81,23.25,9.68,0.95,11.88,7.37,23.76,0.3101,Pass,152.54,1278.99,UB 406x178x54,UC 254x254x89,54.3,89.0,83.91,87.49,13003.27
4215,4,3,2,4.38,7.71,7.09,13.07,13.65,12.15,17.52,102.39,35.04,2.922,Fail,398.65,2358.72,UB 457x191x67,UC 305x305x118,67.1,118.0,99.97,142.03,58656.24
4216,3,3,3,4.2,5.41,7.68,8.87,2.99,4.26,12.6,16.17,25.2,0.6415,Pass,91.19,667.25,UB 254x146x31,UC 254x254x73,31.1,73.1,99.8,67.71,29392.52
4217,3,3,3,4.24,5.68,7.17,26.14,2.67,16.49,12.72,66.03,25.44,2.5954,Fail,318.37,1567.32,UB 457x191x67,UC 305x305x118,67.1,118.0,79.84,109.73,55055.82
4218,3,1,1,4.28,6.36,6.54,9.38,5.56,17.14,12.84,179.97,25.68,7.0083,Fail,732.04,627.7,UB 610x229x101,UC 305x305x118,101.2,118.0,92.43,136.8,13893.36
4219,4,2,1,3.31,6.5,5.99,21.97,9.6,23.39,13.24,97.89,26.48,3.6967,Fail,531.0,1703.43,UB 533x210x82,UC 305x305x118,82.2,118.0,93.73,151.55,23831.26
4220,5,1,1,3.09,4.9,6.07,11.73,7.69,1.47,15.45,10.99,30.9,0.3555,Pass,94.62,782.86,UB 305x165x40,UC 203x203x60,40.5,60.0,63.0,84.66,8150.85
4221,3,1,2,3.86,4.33,4.52,8.59,9.34,8.0,11.58,48.88,23.16,2.1104,Fail,292.46,650.92,UB 406x178x54,UC 254x254x89,54.3,89.0,97.57,99.88,11245.02
4222,3,1,3,3.82,4.28,7.97,21.89,9.91,12.05,11.46,70.63,22.92,3.0816,Fail,437.12,1548.01,UB 533x210x82,UC 305x305x118,82.2,118.0,77.16,113.19,26832.44
4223,2,2,1,3.92,5.67,5.25,23.08,11.72,0.54,7.84,1.24,15.68,0.0792,Pass,148.6,841.34,UB 406x178x54,UC 254x254x73,54.3,73.1,79.51,78.06,7612.12
4224,1,3,2,3.21,5.59,4.98,11.59,7.3,1.72,3.21,0.4,6.42,0.0616,Pass,80.09,308.17,UB 305x165x40,UC 203x203x46,40.5,46.1,90.98,58.15,5426.85
4225,5,2,3,3.74,5.8,6.09,21.27,13.73,24.92,18.7,220.1,37.4,5.8852,Fail,893.57,2979.35,UB 610x229x101,UC 305x305x118,101.2,118.0,112.82,267.68,77691.46
4226,2,3,1,4.04,4.16,4.41,28.86,2.86,2.13,8.08,3.3,16.16,0.204,Pass,74.15,561.31,UB 305x165x40,UC 203x203x46,40.5,46.1,62.97,89.61,6430.5
4227,4,1,1,3.3,7.31,7.21,10.79,8.56,9.34,13.2,73.31,26.4,2.7769,Fail,396.15,896.07,UB 457x191x67,UC 305x305x118,67.1,118.0,99.35,81.97,14024.74
4228,3,1,3,3.98,5.0,6.61,26.63,2.7,4.52,11.94,32.77,23.88,1.3724,Fail,210.91,1179.11,UB 356x171x45,UC 254x254x89,45.0,89.0,98.96,99.42,16555.38
4229,1,3,3,4.38,4.35,5.88,18.83,2.63,3.96,4.38,2.45,8.76,0.2802,Pass,99.4,318.8,UB 254x146x31,UC 203x203x46,31.1,46.1,93.88,58.77,7048.52
4230,1,1,3,3.36,5.66,6.9,23.08,7.37,23.49,3.36,13.15,6.72,1.957,Fail,195.22,448.82,UB 406x178x54,UC 254x254x73,54.3,73.1,69.2,82.84,5442.3
4231,4,2,1,4.28,5.37,7.82,14.44,6.64,7.47,17.12,69.3,34.24,2.024,Fail,288.04,1106.98,UB 406x178x54,UC 305x305x118,54.3,118.0,96.09,89.5,21881.93
4232,5,1,1,3.38,7.85,4.44,13.27,13.19,6.25,16.9,83.3,33.8,2.4644,Fail,421.18,1260.65,UB 533x210x82,UC 305x305x118,82.2,118.0,74.35,90.66,18079.18
4233,3,3,3,3.17,7.61,4.56,20.61,9.46,9.29,9.51,15.82,19.02,0.8317,Pass,254.43,1570.82,UB 533x210x82,UC 305x305x97,82.2,96.9,65.39,90.6,50757.77
4234,2,1,3,3.93,7.0,4.77,11.24,10.49,21.97,7.86,87.83,15.72,5.5871,Fail,470.32,611.76,UB 533x210x82,UC 305x305x118,82.2,118.0,83.02,99.32,16728.17
4235,2,2,3,4.12,4.28,7.9,18.0,6.37,19.64,8.24,45.47,16.48,2.7589,Fail,256.36,858.48,UB 406x178x54,UC 305x305x118,54.3,118.0,85.52,84.44,23107.76
4236,4,1,1,3.56,4.07,4.55,24.89,2.18,11.0,14.24,81.92,28.48,2.8764,Fail,494.68,882.29,UB 533x210x82,UC 305x305x118,82.2,118.0,87.32,97.91,12389.79
4237,1,2,3,4.5,6.99,5.19,25.37,8.21,3.93,4.5,4.27,9.0,0.4743,Pass,239.0,619.92,UB 457x191x67,UC 254x254x73,67.1,73.1,91.43,78.6,10833.87
4238,4,2,3,4.48,6.94,5.02,8.4,11.06,20.88,17.92,256.86,35.84,7.1668,Fail,801.52,1376.26,UB 610x229x101,UC 305x305x118,101.2,118.0,101.2,212.16,66138.08
4239,5,2,1,3.08,6.33,4.21,19.17,12.73,22.96,15.4,109.48,30.8,3.5546,Fail,581.84,1916.97,UB 610x229x101,UC 305x305x118,101.2,118.0,73.47,165.92,30105.9
4240,3,1,3,3.05,4.92,7.19,28.94,8.59,5.16,9.15,14.78,18.3,0.8079,Pass,250.71,1577.16,UB 406x178x54,UC 305x305x97,54.3,96.9,83.64,85.39,17326.46
4241,4,1,1,3.56,4.72,5.06,29.66,9.27,22.35,14.24,177.44,28.48,6.2303,Fail,991.96,1490.68,UB 610x229x101,UC 305x305x118,101.2,118.0,125.25,189.99,14639.17
4242,5,3,3,3.88,7.84,7.32,13.96,3.07,16.97,19.4,139.58,38.8,3.5974,Fail,478.45,1821.83,UB 533x210x82,UC 305x305x118,82.2,118.0,84.46,148.25,111396.32
4243,3,3,3,3.1,6.83,6.34,12.84,12.61,16.42,9.3,24.11,18.6,1.2965,Fail,221.2,1469.81,UB 457x191x67,UC 305x305x97,67.1,96.9,64.64,90.53,46232.17
4244,3,2,2,3.38,5.29,4.95,19.6,2.39,1.81,10.14,4.51,20.28,0.2222,Pass,87.81,973.36,UB 305x165x40,UC 203x203x60,40.5,60.0,89.76,95.58,12940.56
4245,3,1,2,4.31,7.91,7.52,23.44,6.88,13.46,12.93,163.27,25.86,6.3134,Fail,674.99,1647.57,UB 610x229x101,UC 305x305x118,101.2,118.0,85.23,152.99,25491.16
4246,3,2,2,4.34,7.15,6.01,16.75,8.34,17.19,13.02,117.65,26.04,4.5179,Fail,469.27,1471.58,UB 533x210x82,UC 305x305x118,82.2,118.0,82.84,139.87,33298.78
4247,1,1,3,3.45,5.81,4.17,28.33,10.83,5.71,3.45,3.58,6.9,0.5186,Pass,126.04,406.26,UB 406x178x54,UC 203x203x60,54.3,60.0,96.26,98.14,4276.52
4248,4,1,3,4.43,7.61,6.97,27.69,11.07,1.43,17.72,31.02,35.44,0.8754,Pass,282.67,2400.89,UB 533x210x82,UC 305x305x118,82.2,118.0,84.29,116.92,40486.77
4249,3,3,1,3.69,7.6,4.13,20.88,5.14,17.53,11.07,49.61,22.14,2.2405,Fail,308.02,1060.53,UB 457x191x67,UC 305x305x97,67.1,96.9,91.06,99.17,21086.22
4250,4,1,3,3.37,5.65,4.89,12.45,11.7,14.69,13.48,106.0,26.96,3.9319,Fail,593.22,1289.89,UB 610x229x101,UC 305x305x118,101.2,118.0,74.9,124.66,33750.43
4251,2,3,3,3.13,7.54,5.4,13.09,4.31,8.63,6.26,6.91,12.52,0.5516,Pass,140.45,643.59,UB 406x178x54,UC 203x203x60,54.3,60.0,93.48,93.37,22873.01
4252,2,3,3,4.07,6.67,4.8,8.14,9.3,9.99,8.14,18.72,16.28,1.1496,Fail,138.22,593.07,UB 406x178x54,UC 254x254x73,54.3,73.1,64.86,73.59,24468.25
4253,5,2,1,4.44,6.72,5.69,27.11,8.77,12.7,22.2,219.0,44.4,4.9325,Fail,694.42,2413.16,UB 610x229x101,UC 305x305x118,101.2,118.0,87.68,206.23,37956.3
4254,3,2,3,3.7,6.77,5.46,15.4,7.41,21.49,11.1,82.06,22.2,3.6966,Fail,414.37,1213.84,UB 533x210x82,UC 305x305x118,82.2,118.0,73.15,120.62,41191.38
4255,4,3,3,4.34,7.92,6.26,15.51,11.7,9.7,17.36,80.38,34.72,2.3151,Fail,353.35,2239.53,UB 533x210x82,UC 305x305x118,82.2,118.0,66.7,123.69,88724.29
4256,4,3,1,3.51,7.53,5.25,22.39,3.52,22.66,14.04,87.94,28.08,3.1316,Fail,434.36,1466.2,UB 533x210x82,UC 305x305x118,82.2,118.0,76.67,122.34,35013.74
4257,2,1,3,3.5,7.94,4.75,11.52,6.83,1.87,7.0,5.43,14.0,0.388,Pass,140.56,465.63,UB 457x191x67,UC 203x203x60,67.1,60.0,73.23,99.29,11446.89
4258,2,2,2,3.91,4.27,4.51,28.72,10.34,10.74,7.82,20.56,15.64,1.3144,Fail,158.66,1028.3,UB 305x165x40,UC 254x254x89,40.5,89.0,92.31,90.52,10530.9
4259,5,2,3,4.34,6.23,7.04,26.93,9.54,13.84,21.7,212.24,43.4,4.8903,Fail,708.49,3433.39,UB 610x229x101,UC 305x305x118,101.2,118.0,89.46,242.99,88006.4
4260,5,2,3,4.13,6.03,6.43,15.21,4.58,14.29,20.65,181.46,41.3,4.3938,Fail,620.59,1739.13,UB 610x229x101,UC 305x305x118,101.2,118.0,78.36,178.98,82932.06
4261,2,1,2,3.24,6.51,5.04,10.12,9.42,20.77,6.48,40.94,12.96,3.1591,Fail,310.08,547.16,UB 457x191x67,UC 305x305x97,67.1,96.9,77.76,83.63,9093.87
4262,2,1,2,4.22,6.93,5.69,8.33,2.06,3.01,8.44,15.37,16.88,0.9103,Pass,99.65,292.95,UB 305x165x40,UC 203x203x46,40.5,46.1,95.35,87.13,5862.05
4263,4,2,2,3.88,6.87,4.04,17.2,4.65,2.7,15.52,20.17,31.04,0.65,Pass,164.43,1362.01,UB 406x178x54,UC 254x254x89,54.3,89.0,88.8,86.66,26649.43
4264,5,1,3,4.24,7.45,4.97,29.9,10.47,20.92,21.2,573.44,42.4,13.5246,Fail,1763.71,3032.14,UB 610x229x101,UC 305x305x118,101.2,118.0,222.69,347.97,50180.52
4265,3,3,2,3.34,5.55,5.68,8.75,4.5,10.33,10.02,17.62,20.04,0.8794,Pass,124.57,657.01,UB 305x165x40,UC 254x254x73,40.5,73.1,72.48,79.07,20379.43
4266,3,2,2,3.31,6.95,5.96,14.34,10.06,7.23,9.93,19.15,19.86,0.9641,Pass,197.26,1406.17,UB 457x191x67,UC 254x254x89,67.1,89.0,65.3,93.66,23546.63
4267,5,3,2,4.2,4.01,5.19,5.21,14.67,0.88,21.0,7.01,42.0,0.1669,Pass,72.86,1357.76,UB 254x146x31,UC 254x254x73,31.1,73.1,68.13,90.52,30489.56
4268,2,2,1,3.03,7.01,5.23,18.09,11.22,7.62,6.06,7.41,12.12,0.6113,Pass,201.62,821.0,UB 457x191x67,UC 254x254x73,67.1,73.1,80.49,88.24,8526.48
4269,4,1,3,4.19,4.51,6.9,24.68,12.91,2.02,16.76,27.72,33.52,0.8271,Pass,230.91,2030.52,UB 406x178x54,UC 305x305x118,54.3,118.0,77.03,85.9,28731.81
4270,5,3,3,4.13,4.05,4.97,29.39,2.04,21.08,20.65,157.99,41.3,3.8255,Fail,665.16,1963.87,UB 610x229x101,UC 305x305x118,101.2,118.0,83.99,189.73,93756.64
4271,5,2,3,4.0,5.65,4.55,6.68,6.35,22.96,20.0,252.63,40.0,6.3157,Fail,893.62,1107.24,UB 610x229x101,UC 305x305x118,101.2,118.0,112.83,221.95,71911.9
4272,1,3,1,3.14,7.72,6.01,6.97,8.3,15.07,3.14,3.37,6.28,0.5362,Pass,132.52,240.72,UB 406x178x54,UC 203x203x46,54.3,46.1,88.06,83.76,4978.58
4273,2,3,2,3.64,5.57,5.57,23.0,10.02,12.0,7.28,14.05,14.56,0.9652,Pass,164.95,1090.51,UB 406x178x54,UC 254x254x73,54.3,73.1,71.52,95.69,16669.35
4274,5,1,3,3.37,5.66,7.4,19.54,5.64,0.25,16.85,2.74,33.7,0.0812,Pass,173.58,1817.86,UB 356x171x45,UC 305x305x97,45.0,96.9,88.44,86.99,28146.12
4275,2,3,2,3.92,6.87,6.67,20.03,14.84,0.77,7.84,1.49,15.68,0.0953,Pass,220.86,1413.66,UB 457x191x67,UC 305x305x97,67.1,96.9,90.13,84.33,24574.85
4276,2,2,2,3.33,6.53,4.79,23.56,10.58,3.88,6.66,5.1,13.32,0.3832,Pass,194.57,1154.21,UB 457x191x67,UC 254x254x89,67.1,89.0,75.78,84.4,14449.52
4277,3,3,2,3.19,6.76,7.81,13.25,7.87,2.45,9.57,4.07,19.14,0.2128,Pass,177.69,1354.78,UB 406x178x54,UC 254x254x73,54.3,73.1,81.77,99.53,28483.63
4278,3,1,3,3.37,5.48,6.01,18.89,7.93,1.68,10.11,7.19,20.22,0.3558,Pass,125.49,1018.07,UB 356x171x45,UC 254x254x73,45.0,73.1,85.49,78.8,13739.63
4279,4,2,1,3.43,7.42,5.17,18.55,2.94,8.89,13.72,45.39,27.44,1.6541,Fail,263.92,1204.41,UB 457x191x67,UC 305x305x97,67.1,96.9,69.99,94.4,20105.8
4280,5,3,1,3.76,7.6,7.64,27.67,2.96,3.02,18.8,22.18,37.6,0.5899,Pass,248.8,2406.89,UB 533x210x82,UC 305x305x118,82.2,118.0,66.34,101.09,49048.96
4281,5,2,2,3.74,5.07,4.36,15.0,3.1,21.43,18.7,177.22,37.4,4.7386,Fail,741.22,1203.15,UB 610x229x101,UC 305x305x118,101.2,118.0,93.59,189.13,48488.88
4282,4,2,2,3.21,7.61,4.67,8.35,14.31,18.77,12.84,77.61,25.68,3.0223,Fail,417.03,1665.5,UB 533x210x82,UC 305x305x118,82.2,118.0,73.61,124.93,37862.06
4283,1,3,3,3.49,5.08,7.72,21.66,2.31,21.44,3.49,5.93,6.98,0.8499,Pass,189.04,440.18,UB 356x171x45,UC 203x203x46,45.0,46.1,88.7,97.81,9486.22
4284,2,3,2,3.84,5.05,7.11,9.74,13.08,20.36,7.68,27.68,15.36,1.8019,Fail,181.17,850.73,UB 356x171x45,UC 254x254x89,45.0,89.0,85.01,96.55,17411.94
4285,3,2,2,4.25,7.95,7.45,6.92,13.46,22.96,12.75,154.13,25.5,6.0443,Fail,570.98,1445.04,UB 610x229x101,UC 305x305x118,101.2,118.0,72.09,164.83,41593.14
4286,5,2,2,3.94,4.07,6.95,27.04,2.44,22.37,19.7,202.87,39.4,5.1489,Fail,881.88,2374.6,UB 610x229x101,UC 305x305x118,101.2,118.0,111.35,248.42,54378.12
4287,1,3,2,3.89,6.88,6.98,17.89,3.84,5.21,3.89,2.41,7.78,0.3093,Pass,156.78,454.52,UB 406x178x54,UC 203x203x60,54.3,60.0,88.69,78.07,9195.17
4288,3,3,1,3.58,4.06,4.47,24.5,3.13,15.93,10.74,30.41,21.48,1.4157,Fail,212.06,727.28,UB 356x171x45,UC 254x254x89,45.0,89.0,99.5,96.25,13349.28
4289,1,2,2,3.16,7.1,6.69,15.24,11.17,12.32,3.16,3.77,6.32,0.5966,Pass,197.13,572.5,UB 457x191x67,UC 254x254x73,67.1,73.1,75.35,70.09,7630.82
4290,1,2,1,3.0,4.56,7.61,27.58,14.04,17.8,3.0,3.8,6.0,0.6331,Pass,237.85,514.49,UB 406x178x54,UC 254x254x73,54.3,73.1,79.35,91.88,3545.9
4291,5,3,1,4.42,4.63,7.03,19.45,7.55,21.31,22.1,214.05,44.2,4.8428,Fail,762.83,1560.92,UB 610x229x101,UC 305x305x118,101.2,118.0,96.32,199.4,49147.8
4292,4,1,2,3.25,4.07,6.59,10.59,12.07,12.58,13.0,68.21,26.0,2.6236,Fail,465.66,1402.7,UB 533x210x82,UC 305x305x118,82.2,118.0,82.2,108.35,21885.82
4293,4,2,2,3.72,5.84,4.4,20.72,2.03,10.14,14.88,59.96,29.76,2.0147,Fail,299.29,1313.6,UB 406x178x54,UC 305x305x118,54.3,118.0,99.85,95.23,29147.33
4294,3,2,2,4.26,7.39,6.36,17.23,2.44,6.52,12.78,42.57,25.56,1.6653,Fail,219.49,1178.69,UB 406x178x54,UC 305x305x97,54.3,96.9,99.5,87.52,24584.69
4295,4,1,3,3.37,5.57,6.9,5.14,14.3,24.86,13.48,177.95,26.96,6.6007,Fail,953.31,1486.24,UB 610x229x101,UC 305x305x118,101.2,118.0,120.37,187.44,38502.78
4296,3,2,3,3.98,5.98,7.87,22.97,2.65,8.84,11.94,41.01,23.88,1.7172,Fail,228.46,1507.17,UB 406x178x54,UC 305x305x118,54.3,118.0,76.22,86.28,36238.38
4297,5,2,3,3.19,7.4,5.32,29.53,3.78,14.74,15.95,87.02,31.9,2.7278,Fail,462.5,2953.19,UB 533x210x82,UC 305x305x118,82.2,118.0,81.64,160.88,66595.08
4298,2,2,2,3.19,5.09,5.98,17.71,2.63,0.82,6.38,0.85,12.76,0.0665,Pass,99.22,660.8,UB 305x165x40,UC 203x203x46,40.5,46.1,73.96,91.74,8027.08
4299,3,3,1,3.46,7.4,7.12,14.65,12.82,15.21,10.38,34.04,20.76,1.6398,Fail,268.02,1301.72,UB 457x191x67,UC 305x305x97,67.1,96.9,88.74,92.62,22717.32
4300,4,3,1,3.06,4.28,6.32,6.39,13.56,0.87,12.24,1.61,24.48,0.0659,Pass,85.81,864.34,UB 254x146x31,UC 203x203x60,31.1,60.0,83.13,93.56,12214.62
4301,2,3,3,4.41,5.03,5.76,23.96,5.01,7.73,8.82,17.38,17.64,0.9855,Pass,127.08,894.69,UB 356x171x45,UC 254x254x73,45.0,73.1,71.41,89.0,21969.07
4302,4,2,1,4.27,7.01,4.93,19.34,14.6,13.86,17.08,145.18,34.16,4.2501,Fail,555.82,1863.4,UB 533x210x82,UC 305x305x118,82.2,118.0,98.11,160.1,26175.14
4303,3,1,1,3.16,6.12,7.79,14.45,2.88,5.48,9.48,19.96,18.96,1.0526,Fail,164.44,533.37,UB 356x171x45,UC 254x254x73,45.0,73.1,77.16,71.75,6527.65
4304,1,1,1,3.53,4.5,6.64,20.94,10.51,17.74,3.53,10.93,7.06,1.5481,Fail,148.09,267.38,UB 305x165x40,UC 203x203x60,40.5,60.0,86.16,88.38,1749.54
4305,3,3,1,3.16,7.87,6.33,6.05,11.82,15.03,9.48,25.49,18.96,1.3442,Fail,207.78,870.05,UB 457x191x67,UC 254x254x89,67.1,89.0,69.44,83.96,21352.06
4306,1,3,2,3.25,6.31,4.25,9.54,9.34,15.54,3.25,3.59,6.5,0.5527,Pass,112.51,309.26,UB 356x171x45,UC 203x203x46,45.0,46.1,91.88,79.18,5883.45
4307,5,1,3,4.02,7.04,4.56,18.95,11.23,16.98,20.1,376.25,40.2,9.3595,Fail,1277.61,2167.08,UB 610x229x101,UC 305x305x118,101.2,118.0,161.31,250.11,47067.52
4308,4,2,2,3.05,6.53,7.33,26.04,8.81,23.45,12.2,74.48,24.4,3.0523,Fail,473.34,2792.6,UB 533x210x82,UC 305x305x118,82.2,118.0,83.55,165.53,40299.41
4309,1,1,2,3.03,4.85,6.45,29.34,9.15,13.34,3.03,4.86,6.06,0.8022,Pass,234.94,531.91,UB 406x178x54,UC 203x203x60,54.3,60.0,78.38,91.35,3281.81
4310,3,2,3,4.05,4.78,6.11,17.76,7.3,4.03,12.15,18.03,24.3,0.742,Pass,121.36,1182.34,UB 305x165x40,UC 254x254x89,40.5,89.0,75.47,83.04,24303.64
4311,5,3,1,3.95,7.49,7.28,22.64,4.34,18.8,19.75,160.25,39.5,4.057,Fail,574.85,2093.75,UB 610x229x101,UC 305x305x118,101.2,118.0,72.58,170.74,56118.36
4312,2,3,1,4.32,5.89,5.39,12.72,3.04,8.14,8.64,17.96,17.28,1.0392,Fail,110.45,381.86,UB 305x165x40,UC 203x203x60,40.5,60.0,88.8,88.87,8756.1
4313,2,1,1,3.12,5.88,5.66,13.53,12.78,10.15,6.24,16.68,12.48,1.3366,Fail,182.82,462.25,UB 406x178x54,UC 254x254x73,54.3,73.1,67.04,73.55,4331.06
4314,4,2,1,3.89,7.95,7.13,25.32,9.26,15.17,15.56,123.66,31.12,3.9738,Fail,545.64,2263.35,UB 533x210x82,UC 305x305x118,82.2,118.0,96.32,160.81,28505.35
4315,1,1,1,4.38,6.12,7.93,16.1,12.45,6.75,4.38,10.15,8.76,1.1589,Fail,195.77,293.4,UB 406x178x54,UC 203x203x60,54.3,60.0,82.02,92.66,2577.03
4316,3,3,3,4.13,4.74,6.72,5.32,7.43,9.45,12.39,31.99,24.78,1.2908,Fail,162.53,653.76,UB 305x165x40,UC 254x254x89,40.5,89.0,94.56,81.6,34352.04
4317,4,3,2,3.17,7.49,4.68,23.99,8.14,23.22,12.68,63.6,25.36,2.5078,Fail,408.96,2236.29,UB 533x210x82,UC 305x305x118,82.2,118.0,72.19,129.79,52429.56
4318,4,2,2,4.13,5.86,4.76,15.12,9.49,10.36,16.52,88.31,33.04,2.6729,Fail,371.84,1528.72,UB 457x191x67,UC 305x305x118,67.1,118.0,93.25,118.11,34646.69
4319,3,3,2,3.14,6.98,5.27,16.32,11.95,8.89,9.42,13.93,18.84,0.7392,Pass,209.48,1529.73,UB 457x191x67,UC 254x254x89,67.1,89.0,76.64,98.06,31193.03
4320,3,2,3,4.22,7.29,6.13,29.58,6.2,18.01,12.66,112.91,25.32,4.4593,Fail,504.52,2061.65,UB 533x210x82,UC 305x305x118,82.2,118.0,89.06,156.97,45913.19
4321,5,3,1,4.06,7.27,5.46,7.61,14.03,20.47,20.3,188.55,40.6,4.644,Fail,625.46,1596.53,UB 610x229x101,UC 305x305x118,101.2,118.0,78.97,171.93,52285.96
4322,3,3,2,3.71,5.0,4.93,26.62,2.97,11.5,11.13,27.15,22.26,1.2196,Fail,186.36,1264.69,UB 356x171x45,UC 305x305x97,45.0,96.9,87.44,85.82,24341.36
4323,3,3,2,3.74,4.15,5.47,21.53,11.76,21.16,11.22,47.66,22.44,2.1239,Fail,302.82,1426.92,UB 457x191x67,UC 305x305x118,67.1,118.0,75.94,102.38,32214.96
4324,5,1,3,3.82,6.02,4.84,6.69,9.58,6.48,19.1,110.6,38.2,2.8952,Fail,449.57,1105.06,UB 533x210x82,UC 305x305x118,82.2,118.0,79.36,96.84,39862.72
4325,3,3,1,3.27,5.94,6.04,15.71,5.23,15.64,9.81,25.62,19.62,1.306,Fail,189.02,794.17,UB 356x171x45,UC 254x254x89,45.0,89.0,88.69,86.57,15057.72
4326,3,2,1,4.03,7.42,7.11,19.45,5.17,15.59,12.09,84.02,24.18,3.4746,Fail,386.79,1151.17,UB 457x191x67,UC 305x305x118,67.1,118.0,97.0,108.22,18828.03
4327,3,1,2,4.15,5.81,5.36,12.92,13.45,8.43,12.45,75.98,24.9,3.0516,Fail,384.76,1082.95,UB 457x191x67,UC 305x305x118,67.1,118.0,96.49,90.99,16639.13
4328,4,3,3,3.2,4.77,6.18,25.6,4.63,4.15,12.8,9.29,25.6,0.3628,Pass,144.66,1853.7,UB 305x165x40,UC 254x254x89,40.5,89.0,90.47,97.64,39514.0
4329,3,3,3,4.31,4.58,4.35,7.75,8.83,16.79,12.93,65.4,25.86,2.5292,Fail,303.9,663.81,UB 457x191x67,UC 305x305x118,67.1,118.0,76.21,83.97,45983.15
4330,2,3,3,3.77,6.53,6.32,16.57,11.57,12.04,7.54,17.08,15.08,1.1326,Fail,191.08,1056.12,UB 406x178x54,UC 254x254x73,54.3,73.1,98.2,98.81,25564.9
4331,2,1,3,3.7,4.84,6.23,21.29,5.63,14.01,7.4,38.12,14.8,2.576,Fail,274.18,733.57,UB 406x178x54,UC 305x305x97,54.3,96.9,91.47,82.93,11898.44
4332,4,3,1,3.62,4.38,7.96,9.73,3.6,15.27,14.48,50.44,28.96,1.7417,Fail,276.02,632.66,UB 406x178x54,UC 305x305x97,54.3,96.9,92.08,92.13,23848.56
4333,2,3,3,4.43,4.36,7.18,29.08,14.13,17.54,8.86,38.23,17.72,2.1572,Fail,296.02,1452.28,UB 406x178x54,UC 305x305x118,54.3,118.0,98.76,89.44,31766.61
4334,2,3,3,3.0,7.76,8.0,14.79,6.53,17.13,6.0,11.93,12.0,0.9942,Pass,192.9,964.69,UB 457x191x67,UC 254x254x73,67.1,73.1,79.42,91.87,32397.5
4335,3,3,1,4.37,5.44,5.37,11.96,12.96,15.32,13.11,67.08,26.22,2.5585,Fail,306.06,888.64,UB 457x191x67,UC 305x305x118,67.1,118.0,76.75,87.8,23270.2
4336,3,3,3,4.33,7.67,4.34,24.15,2.67,5.81,12.99,28.91,25.98,1.1129,Fail,240.07,1355.88,UB 457x191x67,UC 305x305x97,67.1,96.9,96.47,83.72,49151.05
4337,4,1,1,3.3,7.66,6.02,15.78,4.48,16.69,13.2,134.97,26.4,5.1123,Fail,653.51,937.55,UB 610x229x101,UC 305x305x118,101.2,118.0,82.51,124.06,17305.73
4338,5,1,2,4.48,6.32,7.02,28.78,6.68,2.51,22.4,75.63,44.8,1.6882,Fail,319.81,2676.11,UB 457x191x67,UC 305x305x118,67.1,118.0,80.2,126.0,31641.12
4339,5,3,3,3.66,4.56,4.78,24.49,12.32,1.49,18.3,7.7,36.6,0.2103,Pass,107.78,2423.51,UB 305x165x40,UC 305x305x118,40.5,118.0,96.24,85.53,57246.6
4340,4,1,3,3.61,6.14,5.54,29.01,4.73,10.96,14.44,104.68,28.88,3.6246,Fail,551.41,1789.16,UB 533x210x82,UC 305x305x118,82.2,118.0,97.34,130.64,32636.0
4341,1,3,3,3.79,7.49,6.15,10.27,9.5,21.28,3.79,9.04,7.58,1.1932,Fail,170.08,402.87,UB 457x191x67,UC 203x203x60,67.1,60.0,66.22,92.02,14621.33
4342,5,2,1,3.78,7.17,6.56,14.88,14.13,16.61,18.9,170.72,37.8,4.5165,Fail,644.7,2188.06,UB 610x229x101,UC 305x305x118,101.2,118.0,81.4,187.76,37851.36
4343,4,1,1,3.59,4.98,7.41,12.34,2.54,11.73,14.36,98.35,28.72,3.4243,Fail,520.75,736.16,UB 533x210x82,UC 305x305x118,82.2,118.0,91.92,99.28,14925.58
4344,4,1,3,4.15,4.94,4.83,27.26,6.05,1.23,16.6,16.98,33.2,0.5115,Pass,127.14,1394.63,UB 356x171x45,UC 254x254x89,45.0,89.0,77.78,86.5,20592.4
4345,3,3,2,3.42,4.32,4.36,25.18,5.11,21.33,10.26,35.41,20.52,1.7258,Fail,256.32,1139.54,UB 406x178x54,UC 305x305x118,54.3,118.0,85.51,83.51,26543.66
4346,2,3,1,3.34,4.38,6.85,22.24,7.05,5.87,6.68,4.62,13.36,0.3457,Pass,133.7,643.89,UB 305x165x40,UC 254x254x73,40.5,73.1,77.79,73.83,8254.54
4347,4,2,1,4.48,7.88,6.1,14.07,6.14,1.81,17.92,23.91,35.84,0.6671,Pass,190.81,1265.07,UB 457x191x67,UC 254x254x89,67.1,89.0,78.83,92.87,22940.97
4348,1,3,3,3.5,6.46,7.71,28.78,3.98,22.38,3.5,6.81,7.0,0.9722,Pass,258.43,667.0,UB 457x191x67,UC 254x254x73,67.1,73.1,70.41,78.34,15503.28
4349,3,1,1,3.95,6.05,6.11,6.99,6.97,24.56,11.85,190.48,23.7,8.037,Fail,874.62,688.52,UB 610x229x101,UC 305x305x118,101.2,118.0,110.43,162.54,12976.75
4350,4,3,1,4.11,7.16,4.73,14.74,2.08,10.47,16.44,68.05,32.88,2.0698,Fail,275.72,893.89,UB 406x178x54,UC 305x305x97,54.3,96.9,91.98,95.96,26184.62
4351,1,3,1,3.66,6.45,5.34,17.78,10.24,2.65,3.66,1.01,7.32,0.1375,Pass,157.98,370.44,UB 406x178x54,UC 203x203x46,54.3,46.1,94.24,97.33,4611.07
4352,4,1,2,3.42,7.86,5.67,20.66,9.09,7.2,13.68,66.76,27.36,2.4402,Fail,401.83,1726.47,UB 533x210x82,UC 305x305x118,82.2,118.0,71.28,101.64,24895.73
4353,4,1,1,4.36,5.72,4.22,9.44,10.88,3.82,17.44,66.99,34.88,1.9204,Fail,286.62,669.2,UB 406x178x54,UC 254x254x89,54.3,89.0,95.62,94.71,10526.58
4354,2,3,3,3.29,5.06,5.02,25.89,7.99,20.01,6.58,15.66,13.16,1.1902,Fail,163.85,980.06,UB 356x171x45,UC 254x254x89,45.0,89.0,85.02,82.65,20256.32
4355,1,3,2,4.13,6.47,5.5,9.22,10.6,0.64,4.13,0.39,8.26,0.0478,Pass,113.95,373.42,UB 406x178x54,UC 203x203x46,54.3,46.1,67.28,81.56,7835.8
4356,3,3,3,3.05,5.7,5.78,11.31,6.42,23.25,9.15,29.23,18.3,1.5973,Fail,217.65,883.47,UB 406x178x54,UC 305x305x97,54.3,96.9,72.61,84.66,36627.26
4357,2,1,2,4.15,5.02,6.3,12.92,5.32,20.26,8.3,84.15,16.6,5.0695,Fail,451.6,604.26,UB 533x210x82,UC 305x305x118,82.2,118.0,79.72,99.21,12495.14
4358,2,3,3,4.04,5.17,7.03,9.44,2.08,19.58,8.08,32.23,16.16,1.9946,Fail,171.48,404.07,UB 305x165x40,UC 254x254x89,40.5,89.0,99.77,81.4,23364.32
4359,5,3,3,3.11,7.14,4.72,17.73,13.17,17.0,15.55,62.59,31.1,2.0126,Fail,373.77,2629.02,UB 457x191x67,UC 305x305x118,67.1,118.0,93.74,133.93,77106.76
4360,2,1,2,4.31,6.19,4.48,25.38,7.42,10.75,8.62,55.98,17.24,3.2474,Fail,328.24,788.83,UB 457x191x67,UC 305x305x97,67.1,96.9,82.32,92.24,9908.63
4361,3,1,2,4.14,5.91,4.91,22.81,5.62,22.95,12.42,206.86,24.84,8.3277,Fail,937.03,1240.9,UB 610x229x101,UC 305x305x118,101.2,118.0,118.31,186.29,20138.89
4362,1,1,3,3.44,4.22,7.27,22.2,4.19,1.15,3.44,0.64,6.88,0.0928,Pass,186.03,356.75,UB 356x171x45,UC 203x203x46,45.0,46.1,87.29,87.6,3991.17
4363,2,2,2,3.9,7.26,7.15,10.99,4.99,24.01,7.8,56.26,15.6,3.6065,Fail,286.27,687.07,UB 406x178x54,UC 305x305x118,54.3,118.0,95.5,84.68,17673.16
4364,3,1,3,4.26,5.93,5.57,11.42,9.75,14.8,12.78,147.54,25.56,5.7721,Fail,646.63,971.35,UB 610x229x101,UC 305x305x118,101.2,118.0,81.65,131.87,29412.02
4365,2,3,3,4.14,6.95,4.08,10.62,2.34,10.27,8.28,20.77,16.56,1.2544,Fail,125.92,408.22,UB 356x171x45,UC 203x203x60,45.0,60.0,84.27,98.85,19861.2
4366,3,1,2,3.83,6.62,7.32,19.77,2.61,7.98,11.49,58.48,22.98,2.5449,Fail,323.82,1097.77,UB 457x191x67,UC 305x305x97,67.1,96.9,81.21,99.05,16572.17
4367,1,2,1,4.13,5.09,6.68,26.37,10.59,8.36,4.13,5.97,8.26,0.7222,Pass,182.3,464.11,UB 356x171x45,UC 203x203x60,45.0,60.0,94.41,95.58,3304.8
4368,1,2,1,3.84,7.65,5.87,9.26,2.77,1.3,3.84,0.84,7.68,0.1097,Pass,98.9,188.74,UB 406x178x54,UC 203x203x46,54.3,46.1,67.5,56.48,3679.95
4369,3,2,2,3.71,6.76,6.27,22.3,8.13,12.11,11.13,46.72,22.26,2.0988,Fail,297.71,1748.97,UB 457x191x67,UC 305x305x118,67.1,118.0,74.94,99.93,27557.69
4370,3,3,1,3.04,6.84,5.43,18.2,13.57,17.2,9.12,23.69,18.24,1.2989,Fail,253.76,1306.76,UB 457x191x67,UC 305x305x97,67.1,96.9,81.05,85.12,19703.41
4371,5,2,2,4.01,5.95,4.83,12.34,5.62,9.46,20.05,107.75,40.1,2.6869,Fail,399.72,1380.2,UB 533x210x82,UC 305x305x118,82.2,118.0,70.56,120.34,47876.58
4372,4,1,2,3.2,5.58,6.92,24.19,13.07,19.87,12.8,119.48,25.6,4.6671,Fail,737.2,2375.81,UB 610x229x101,UC 305x305x118,101.2,118.0,93.08,175.08,27043.62
4373,3,1,1,3.01,4.42,4.01,15.91,9.72,12.53,9.03,32.44,18.06,1.7961,Fail,285.59,559.98,UB 406x178x54,UC 254x254x89,54.3,89.0,95.28,91.43,5961.17
4374,2,2,1,4.19,6.71,6.34,12.05,5.98,14.52,8.38,42.4,16.76,2.53,Fail,218.49,516.6,UB 406x178x54,UC 254x254x89,54.3,89.0,72.89,94.58,9455.32
4375,3,1,2,3.03,5.58,7.1,13.22,14.67,9.34,9.09,27.97,18.18,1.5385,Fail,248.59,1300.51,UB 406x178x54,UC 305x305x97,54.3,96.9,82.93,88.26,12638.23
4376,4,2,3,3.43,6.24,4.21,21.66,3.28,4.91,13.72,22.77,27.44,0.8298,Pass,174.58,1463.33,UB 406x178x54,UC 254x254x89,54.3,89.0,75.95,96.98,33725.29
4377,4,3,1,3.69,4.6,7.34,18.84,5.23,6.1,14.76,22.06,29.52,0.7472,Pass,141.71,1109.61,UB 305x165x40,UC 254x254x89,40.5,89.0,82.45,84.53,19736.64
4378,4,2,1,3.91,7.52,6.06,23.9,4.86,5.23,15.64,42.13,31.28,1.3469,Fail,272.85,1707.84,UB 457x191x67,UC 305x305x118,67.1,118.0,97.5,83.99,24026.1
4379,5,2,1,3.9,4.54,6.79,26.23,2.54,16.34,19.5,149.14,39.0,3.8241,Fail,639.21,1539.99,UB 610x229x101,UC 305x305x118,101.2,118.0,80.71,173.23,33302.18
4380,3,1,1,3.9,6.24,5.87,10.92,11.16,0.75,11.7,5.7,23.4,0.2434,Pass,103.05,579.27,UB 406x178x54,UC 203x203x60,54.3,60.0,67.24,89.84,6753.44
4381,1,2,3,4.21,5.96,6.88,16.38,6.28,18.19,4.21,14.54,8.42,1.7274,Fail,145.79,436.39,UB 356x171x45,UC 203x203x60,45.0,60.0,92.92,99.36,7963.2
4382,2,3,3,3.67,5.85,5.1,19.71,10.01,14.4,7.34,17.69,14.68,1.2048,Fail,172.78,944.35,UB 406x178x54,UC 254x254x73,54.3,73.1,74.57,96.92,22854.9
4383,4,2,3,3.1,5.24,7.29,14.73,13.18,14.37,12.4,42.76,24.8,1.7242,Fail,294.59,2032.58,UB 406x178x54,UC 305x305x118,54.3,118.0,98.28,112.25,40913.92
4384,4,1,3,3.58,7.12,4.13,10.01,10.93,0.53,14.32,5.43,28.64,0.1896,Pass,125.62,937.33,UB 406x178x54,UC 254x254x73,54.3,73.1,94.73,86.29,19942.41
4385,4,1,2,3.81,7.4,6.32,28.06,8.75,18.65,15.24,238.56,30.48,7.8266,Fail,1006.84,2389.36,UB 610x229x101,UC 305x305x118,101.2,118.0,127.13,217.85,30009.82
4386,3,1,3,4.01,7.87,5.26,20.62,5.61,5.36,12.03,50.78,24.06,2.1104,Fail,303.81,1065.11,UB 533x210x82,UC 305x305x97,82.2,96.9,63.09,89.23,24871.32
4387,4,3,1,4.21,7.59,6.01,24.82,7.93,11.35,16.84,82.79,33.68,2.458,Fail,388.13,1953.59,UB 533x210x82,UC 305x305x118,82.2,118.0,70.66,118.88,38774.86
4388,1,3,3,3.64,7.69,6.35,14.68,8.58,4.53,3.64,1.77,7.28,0.2438,Pass,186.62,482.13,UB 457x191x67,UC 203x203x60,67.1,60.0,84.32,94.7,14799.41
4389,4,1,2,4.14,4.47,5.05,26.48,7.72,13.9,16.56,182.15,33.12,5.4997,Fail,842.55,1818.52,UB 610x229x101,UC 305x305x118,101.2,118.0,106.38,179.48,25329.81
4390,4,2,1,4.41,5.54,7.24,22.36,9.14,1.67,17.64,17.51,35.28,0.4964,Pass,165.3,1633.34,UB 406x178x54,UC 305x305x97,54.3,96.9,67.13,93.46,19786.63
4391,2,3,1,3.25,5.96,6.25,21.03,8.94,9.18,6.5,7.47,13.0,0.5744,Pass,154.31,772.65,UB 406x178x54,UC 254x254x73,54.3,73.1,79.52,73.13,10399.74
4392,2,2,3,4.43,6.33,6.5,15.11,10.3,7.31,8.86,25.47,17.72,1.4373,Fail,177.0,967.08,UB 406x178x54,UC 254x254x89,54.3,89.0,80.78,85.9,21315.08
4393,3,3,3,4.17,7.5,4.77,22.83,2.8,19.87,12.51,85.31,25.02,3.4095,Fail,383.52,1330.11,UB 457x191x67,UC 305x305x118,67.1,118.0,96.18,112.42,53258.29
4394,2,2,2,3.3,6.12,5.47,15.09,8.42,12.33,6.6,14.87,13.2,1.1268,Fail,153.81,817.97,UB 406x178x54,UC 254x254x73,54.3,73.1,67.54,86.62,11894.18
4395,1,2,3,4.25,5.02,6.84,26.18,5.52,7.64,4.25,6.04,8.5,0.7102,Pass,199.41,561.58,UB 356x171x45,UC 203x203x60,45.0,60.0,93.56,85.18,7637.4
4396,1,1,3,4.1,4.14,5.78,15.26,3.94,19.36,4.1,20.19,8.2,2.4618,Fail,150.75,253.61,UB 305x165x40,UC 254x254x73,40.5,73.1,87.71,69.28,4472.9
4397,1,1,3,3.63,7.88,4.16,24.22,9.89,3.97,3.63,3.44,7.26,0.4738,Pass,200.4,401.65,UB 533x210x82,UC 254x254x73,82.2,73.1,82.35,94.15,6765.48
4398,4,3,3,3.24,6.93,6.01,27.46,11.74,7.64,12.96,21.77,25.92,0.8398,Pass,282.41,2889.32,UB 533x210x82,UC 305x305x118,82.2,118.0,64.37,113.79,75524.54
4399,4,1,3,3.4,7.98,6.84,19.39,11.63,3.73,13.6,34.33,27.2,1.2621,Fail,289.98,1961.51,UB 533x210x82,UC 305x305x118,82.2,118.0,77.78,94.26,36827.65
4400,3,1,3,4.38,5.92,4.78,15.28,10.2,21.93,13.14,240.52,26.28,9.1523,Fail,995.58,1141.22,UB 610x229x101,UC 305x305x118,101.2,118.0,125.7,193.63,28300.66
4401,3,2,3,4.41,6.03,7.34,25.91,11.13,23.5,13.23,156.98,26.46,5.9326,Fail,643.81,2152.54,UB 610x229x101,UC 305x305x118,101.2,118.0,81.29,199.96,53435.16
4402,2,3,2,4.36,7.64,7.36,13.07,14.66,18.62,8.72,47.19,17.44,2.7058,Fail,289.92,1261.86,UB 457x191x67,UC 305x305x118,67.1,118.0,98.58,84.74,29476.81
4403,2,2,3,4.07,4.22,5.72,25.16,7.97,13.96,8.14,30.78,16.28,1.8906,Fail,196.56,955.95,UB 356x171x45,UC 305x305x97,45.0,96.9,92.23,85.57,17136.79
4404,2,3,2,3.0,6.54,5.9,28.21,11.11,6.43,6.0,4.32,12.0,0.3598,Pass,220.29,1433.81,UB 457x191x67,UC 254x254x89,67.1,89.0,87.68,99.53,20641.25
4405,2,2,2,4.43,4.24,5.17,10.02,3.29,17.05,8.86,51.3,17.72,2.8952,Fail,245.98,372.51,UB 406x178x54,UC 305x305x97,54.3,96.9,82.06,86.0,13858.36
4406,4,2,2,3.22,7.11,4.0,7.76,4.02,11.2,12.88,44.92,25.76,1.7438,Fail,237.37,755.63,UB 406x178x54,UC 305x305x97,54.3,96.9,79.19,83.72,25711.2
4407,4,1,2,3.64,6.97,5.3,15.26,12.36,7.39,14.56,78.21,29.12,2.6859,Fail,411.54,1524.37,UB 533x210x82,UC 305x305x118,82.2,118.0,72.65,100.99,24154.25
4408,4,1,3,4.08,7.67,6.75,10.27,9.12,2.52,16.32,41.52,32.64,1.2721,Fail,219.34,1228.17,UB 457x191x67,UC 254x254x89,67.1,89.0,69.75,98.09,30724.55
4409,4,2,2,3.2,7.46,7.39,15.96,3.87,8.69,12.8,35.2,25.6,1.3748,Fail,232.7,1693.92,UB 457x191x67,UC 305x305x118,67.1,118.0,65.63,83.68,37508.04
4410,2,1,2,3.96,7.97,6.3,12.96,6.02,10.53,7.92,46.28,15.84,2.9218,Fail,279.28,614.73,UB 457x191x67,UC 254x254x89,67.1,89.0,76.6,94.2,10819.84
4411,4,1,2,3.63,7.3,5.54,16.68,13.59,3.94,14.52,42.56,29.04,1.4654,Fail,286.26,1684.54,UB 457x191x67,UC 305x305x118,67.1,118.0,93.87,84.02,22105.86
4412,1,3,1,3.65,4.09,6.77,7.69,11.23,17.57,3.65,5.41,7.3,0.7405,Pass,95.54,208.23,UB 254x146x31,UC 203x203x46,31.1,46.1,87.73,64.05,2951.5
4413,1,3,1,3.59,4.26,5.03,22.54,13.32,11.78,3.59,3.46,7.18,0.4816,Pass,105.01,352.09,UB 305x165x40,UC 203x203x46,40.5,46.1,76.44,73.59,3174.03
4414,1,1,1,4.19,6.69,7.26,22.81,6.99,10.89,4.19,14.41,8.38,1.7199,Fail,169.57,300.78,UB 457x191x67,UC 254x254x73,67.1,73.1,71.13,74.11,3097.25
4415,3,2,3,3.01,4.94,6.54,11.94,10.15,16.3,9.03,25.92,18.06,1.4351,Fail,212.24,1112.62,UB 356x171x45,UC 305x305x97,45.0,96.9,99.59,90.03,23781.38
4416,4,3,2,3.33,4.89,4.67,29.16,11.69,22.84,13.32,59.04,26.64,2.2162,Fail,385.94,2250.06,UB 457x191x67,UC 305x305x118,67.1,118.0,96.79,136.05,40700.83
4417,4,3,3,3.02,6.22,4.27,29.4,8.75,23.84,12.08,49.76,24.16,2.0595,Fail,364.89,2259.25,UB 457x191x67,UC 305x305x118,67.1,118.0,91.51,124.85,56593.23
4418,4,1,1,3.17,5.51,7.23,26.43,11.84,22.82,12.68,131.96,25.36,5.2035,Fail,820.05,1661.31,UB 610x229x101,UC 305x305x118,101.2,118.0,103.54,167.71,16299.26
4419,5,2,2,3.54,7.33,4.53,7.76,3.55,11.01,17.7,91.69,35.4,2.5901,Fail,353.13,957.42,UB 457x191x67,UC 305x305x118,67.1,118.0,88.56,99.12,42671.58
4420,3,3,2,4.47,4.03,7.86,8.91,14.3,0.9,13.41,3.85,26.82,0.1436,Pass,207.31,1263.84,UB 356x171x45,UC 254x254x89,45.0,89.0,97.27,88.32,27707.13
4421,4,3,2,4.33,5.07,4.37,24.31,6.47,16.84,17.32,111.82,34.64,3.2281,Fail,463.05,1667.76,UB 533x210x82,UC 305x305x118,82.2,118.0,81.74,141.87,51023.11
4422,5,3,3,3.88,6.62,7.73,12.95,7.16,3.76,19.4,28.27,38.8,0.7286,Pass,160.44,2064.97,UB 406x178x54,UC 305x305x118,54.3,118.0,73.12,83.29,83379.5
4423,4,1,2,3.65,4.14,6.59,13.37,6.5,9.16,14.6,74.94,29.2,2.5663,Fail,429.89,1220.77,UB 533x210x82,UC 305x305x118,82.2,118.0,75.89,98.95,23087.66
4424,4,3,2,4.04,5.45,7.46,10.02,13.41,6.26,16.16,33.59,32.32,1.0393,Fail,182.46,1817.21,UB 356x171x45,UC 305x305x118,45.0,118.0,85.61,84.95,42453.96
4425,3,1,1,4.25,4.69,7.21,11.68,13.29,20.18,12.75,178.92,25.5,7.0166,Fail,861.85,982.18,UB 610x229x101,UC 305x305x118,101.2,118.0,108.82,165.9,13243.68
4426,3,3,3,3.03,4.26,7.97,15.58,4.07,4.93,9.09,5.32,18.18,0.2925,Pass,161.01,1020.75,UB 305x165x40,UC 254x254x73,40.5,73.1,93.68,82.0,28463.0
4427,3,2,1,3.6,6.73,4.31,8.72,11.1,22.9,10.8,79.26,21.6,3.6695,Fail,407.06,779.04,UB 533x210x82,UC 305x305x118,82.2,118.0,71.86,108.23,17473.41
4428,3,1,1,4.22,4.51,6.7,11.54,13.42,11.24,12.66,95.63,25.32,3.7769,Fail,488.81,780.2,UB 533x210x82,UC 305x305x118,82.2,118.0,86.29,99.62,11504.29
4429,5,1,1,3.16,6.11,4.43,19.57,7.76,15.39,15.8,139.86,31.6,4.4261,Fail,724.0,1285.83,UB 610x229x101,UC 305x305x118,101.2,118.0,91.41,139.91,18124.08
4430,5,2,1,4.16,6.22,7.52,21.46,5.2,19.2,20.8,253.94,41.6,6.1043,Fail,847.1,1850.92,UB 610x229x101,UC 305x305x118,101.2,118.0,106.96,228.08,38731.04
4431,3,3,3,4.15,7.46,6.91,23.33,3.55,3.39,12.45,14.44,24.9,0.5799,Pass,208.11,1632.64,UB 457x191x67,UC 305x305x97,67.1,96.9,88.96,91.16,54014.65
4432,4,3,1,3.73,7.7,5.0,23.2,8.78,0.45,14.92,2.48,29.84,0.0831,Pass,236.94,1836.55,UB 533x210x82,UC 305x305x118,82.2,118.0,72.04,85.4,35851.04
4433,5,3,3,3.91,4.05,7.41,27.73,8.6,13.66,19.55,84.18,39.1,2.153,Fail,404.66,2933.71,UB 533x210x82,UC 305x305x118,82.2,118.0,71.43,163.96,93431.12
4434,3,1,1,3.32,6.85,4.1,29.85,9.19,18.53,9.96,85.18,19.92,4.2763,Fail,567.7,1009.06,UB 610x229x101,UC 305x305x118,101.2,118.0,71.68,112.66,11349.96
4435,1,2,2,4.47,6.84,5.37,21.04,11.37,16.43,4.47,17.11,8.94,1.9141,Fail,247.08,627.63,UB 457x191x67,UC 254x254x73,67.1,73.1,82.68,91.49,7856.56
4436,5,3,1,3.95,7.85,7.11,29.99,3.26,17.54,19.75,153.61,39.5,3.8889,Fail,578.0,2621.83,UB 610x229x101,UC 305x305x118,101.2,118.0,72.98,179.96,56867.24
4437,5,2,2,3.03,4.55,6.55,9.02,14.43,7.27,15.15,27.5,30.3,0.9076,Pass,191.32,1918.27,UB 356x171x45,UC 305x305x118,45.0,118.0,89.77,87.6,31074.3
4438,4,2,2,4.16,4.58,4.46,22.64,11.41,8.67,16.64,67.98,33.28,2.0426,Fail,323.75,1772.75,UB 457x191x67,UC 305x305x118,67.1,118.0,81.19,114.85,32229.7
4439,5,1,2,4.17,4.21,7.27,11.69,8.62,14.0,20.85,276.15,41.7,6.6223,Fail,1105.95,2098.79,UB 610x229x101,UC 305x305x118,101.2,118.0,139.64,223.45,35867.06
4440,3,3,3,4.09,6.4,7.39,14.72,13.21,3.72,12.27,13.93,24.54,0.5678,Pass,203.34,1689.71,UB 406x178x54,UC 305x305x97,54.3,96.9,91.77,87.63,45980.1
4441,2,1,1,4.09,5.04,5.73,15.43,10.93,12.39,8.18,48.96,16.36,2.9926,Fail,297.15,474.94,UB 406x178x54,UC 254x254x89,54.3,89.0,99.13,99.97,5251.32
4442,1,2,2,3.53,7.4,7.68,20.79,4.74,7.14,3.53,3.31,7.06,0.4686,Pass,219.63,591.53,UB 457x191x67,UC 254x254x73,67.1,73.1,82.47,70.71,8393.59
4443,5,3,2,4.27,5.21,7.71,19.25,11.8,7.27,21.35,67.87,42.7,1.5895,Fail,283.4,2931.85,UB 406x178x54,UC 305x305x118,54.3,118.0,94.54,140.6,59708.35
4444,1,2,2,3.53,6.11,4.58,23.1,14.12,21.94,3.53,9.32,7.06,1.32,Fail,222.32,629.38,UB 457x191x67,UC 254x254x73,67.1,73.1,67.68,80.54,6626.18
4445,2,1,1,4.27,4.09,7.98,29.83,13.61,24.47,8.54,104.13,17.08,6.0968,Fail,598.82,928.83,UB 610x229x101,UC 305x305x118,101.2,118.0,75.61,132.61,8916.82
4446,5,2,2,3.38,7.67,5.65,27.32,10.7,14.21,16.9,104.21,33.8,3.0831,Fail,526.31,3632.87,UB 533x210x82,UC 305x305x118,82.2,118.0,92.91,188.32,50794.92
4447,3,2,2,3.48,5.59,6.02,5.33,6.2,12.6,10.44,35.3,20.88,1.6908,Fail,205.94,606.14,UB 356x171x45,UC 254x254x89,45.0,89.0,96.63,94.81,17766.54
4448,5,1,2,4.33,4.14,4.88,11.78,12.6,6.98,21.65,156.38,43.3,3.6115,Fail,611.81,1593.39,UB 610x229x101,UC 305x305x118,101.2,118.0,77.25,136.63,31489.84
4449,2,3,3,3.71,6.12,6.26,28.2,3.62,4.3,7.42,5.7,14.84,0.3844,Pass,161.33,1113.79,UB 406x178x54,UC 254x254x73,54.3,73.1,91.42,94.54,24812.05
4450,4,3,2,3.56,6.45,4.71,21.61,9.77,20.26,14.24,75.85,28.48,2.6632,Fail,403.81,2023.9,UB 533x210x82,UC 305x305x118,82.2,118.0,71.28,132.31,51639.86
4451,4,2,3,3.24,4.96,6.16,7.07,4.26,8.51,12.96,28.69,25.92,1.1069,Fail,176.97,723.69,UB 356x171x45,UC 254x254x89,45.0,89.0,83.03,85.89,30962.88
4452,3,1,3,3.31,6.96,6.81,29.99,14.55,15.87,9.93,72.94,19.86,3.6727,Fail,528.3,2065.23,UB 533x210x82,UC 305x305x118,82.2,118.0,93.26,133.65,26315.34
4453,4,3,3,4.17,4.13,7.62,24.59,12.68,21.11,16.68,113.09,33.36,3.39,Fail,531.17,2527.07,UB 533x210x82,UC 305x305x118,82.2,118.0,93.76,181.66,77852.64
4454,5,1,1,4.29,5.99,6.71,5.67,3.69,7.41,21.45,187.19,42.9,4.3633,Fail,615.22,729.92,UB 610x229x101,UC 305x305x118,101.2,118.0,77.68,112.23,22976.8
4455,1,1,3,3.58,7.03,5.15,16.37,12.1,16.67,3.58,12.83,7.16,1.7919,Fail,174.66,376.0,UB 457x191x67,UC 254x254x73,67.1,73.1,78.85,83.26,6053.83
4456,3,1,3,3.42,4.99,4.29,23.57,4.42,5.96,10.26,25.49,20.52,1.2423,Fail,203.05,855.38,UB 356x171x45,UC 254x254x73,45.0,73.1,95.28,99.69,12169.55
4457,1,3,2,4.26,6.99,7.87,26.42,10.28,22.21,4.26,14.09,8.52,1.6534,Fail,339.98,833.72,UB 457x191x67,UC 254x254x89,67.1,89.0,99.92,86.37,12995.56
4458,4,3,2,4.44,5.03,5.93,20.87,11.77,17.81,17.76,128.9,35.52,3.6291,Fail,513.71,2112.04,UB 533x210x82,UC 305x305x118,82.2,118.0,90.68,166.75,55631.21
4459,1,1,3,4.31,5.18,6.21,17.73,5.21,11.71,4.31,15.68,8.62,1.8196,Fail,122.13,311.27,UB 305x165x40,UC 203x203x60,40.5,60.0,87.92,93.89,4416.99
4460,5,1,2,3.03,4.34,6.19,16.72,8.18,15.52,15.15,102.27,30.3,3.3752,Fail,651.19,1873.13,UB 610x229x101,UC 305x305x118,101.2,118.0,82.22,145.75,29842.88
4461,3,3,1,3.28,7.73,7.73,8.56,6.22,14.79,9.84,28.14,19.68,1.4301,Fail,193.73,737.48,UB 406x178x54,UC 254x254x89,54.3,89.0,85.56,81.94,19598.25
4462,5,1,1,3.4,5.44,7.06,16.92,12.01,11.4,17.0,124.18,34.0,3.6523,Fail,628.2,1549.31,UB 610x229x101,UC 305x305x118,101.2,118.0,79.32,133.42,20674.0
4463,3,2,2,4.01,4.19,7.98,21.46,8.78,21.93,12.03,89.8,24.06,3.7322,Fail,479.68,1624.31,UB 533x210x82,UC 305x305x118,82.2,118.0,84.68,150.06,30782.59
4464,2,1,1,4.4,5.13,5.24,29.88,4.95,9.46,8.8,48.86,17.6,2.7762,Fail,286.43,559.56,UB 406x178x54,UC 254x254x89,54.3,89.0,95.56,97.84,5385.16
4465,5,1,3,4.24,6.85,6.14,18.55,8.57,7.44,21.2,194.21,42.4,4.5805,Fail,666.13,2060.93,UB 610x229x101,UC 305x305x118,101.2,118.0,84.11,157.08,52518.24
4466,1,3,3,3.43,5.32,6.75,22.3,9.64,14.01,3.43,3.72,6.86,0.5417,Pass,197.43,566.53,UB 356x171x45,UC 203x203x60,45.0,60.0,93.15,81.99,9810.6
4467,3,3,3,4.19,5.24,7.01,6.4,6.98,17.54,12.57,65.04,25.14,2.5872,Fail,294.92,732.28,UB 406x178x54,UC 305x305x118,54.3,118.0,98.39,85.28,47678.46
4468,2,3,3,3.27,5.36,4.52,20.97,3.95,24.33,6.54,19.04,13.08,1.4554,Fail,167.24,701.04,UB 356x171x45,UC 254x254x73,45.0,73.1,78.47,98.67,18319.58
4469,3,2,2,3.12,5.68,6.66,21.14,9.7,7.25,9.36,14.07,18.72,0.7516,Pass,187.46,1680.77,UB 406x178x54,UC 254x254x89,54.3,89.0,70.83,98.63,19558.48
4470,4,3,2,3.79,7.17,6.08,24.04,8.72,10.86,15.16,53.51,30.32,1.7649,Fail,319.81,2507.89,UB 457x191x67,UC 305x305x118,67.1,118.0,96.26,119.89,51841.39
4471,4,3,1,4.31,7.48,5.3,22.97,12.14,8.2,17.24,64.45,34.48,1.8692,Fail,343.87,2024.26,UB 533x210x82,UC 305x305x118,82.2,118.0,72.5,108.03,38001.66
4472,5,1,3,4.46,4.46,6.24,23.71,4.25,23.82,22.3,606.38,44.6,13.596,Fail,2142.34,3207.57,UB 610x229x101,UC 305x305x118,101.2,118.0,270.5,410.24,49022.88
4473,3,3,1,3.13,5.12,4.86,17.19,7.49,10.03,9.39,13.16,18.78,0.7005,Pass,130.35,791.85,UB 305x165x40,UC 254x254x73,40.5,73.1,91.34,78.0,11585.71
4474,2,3,3,3.57,7.32,5.17,29.0,14.27,21.95,7.14,27.11,14.28,1.8982,Fail,352.67,1562.2,UB 533x210x82,UC 305x305x118,82.2,118.0,83.74,86.46,38120.59
4475,4,3,1,4.06,6.22,6.53,25.25,12.33,0.51,16.24,3.13,32.48,0.0964,Pass,184.68,2014.69,UB 457x191x67,UC 305x305x118,67.1,118.0,72.09,85.29,32357.86
4476,5,3,3,3.18,7.16,4.39,11.39,8.56,10.19,15.9,40.52,31.8,1.2743,Fail,237.69,1651.72,UB 406x178x54,UC 305x305x118,54.3,118.0,91.78,84.36,67649.1
4477,4,3,1,3.59,5.28,5.29,13.08,6.42,6.33,14.36,22.1,28.72,0.7696,Pass,140.06,875.27,UB 305x165x40,UC 254x254x73,40.5,73.1,81.49,90.53,16957.81
4478,5,1,3,4.05,5.78,6.53,24.61,14.88,0.35,20.25,7.18,40.5,0.1774,Pass,215.96,2672.69,UB 406x178x54,UC 305x305x118,54.3,118.0,95.57,104.66,36030.45
4479,5,1,1,4.07,6.52,5.41,22.37,13.7,6.82,20.35,150.79,40.7,3.705,Fail,597.05,1708.53,UB 610x229x101,UC 305x305x118,101.2,118.0,75.39,132.93,21678.36
4480,2,2,3,4.35,5.17,7.9,22.31,14.46,10.59,8.7,31.94,17.4,1.8357,Fail,306.78,1419.09,UB 457x191x67,UC 305x305x97,67.1,96.9,76.94,98.46,25208.49
4481,2,3,2,4.22,4.79,4.18,29.85,3.49,3.11,8.44,5.9,16.88,0.3496,Pass,106.16,870.15,UB 356x171x45,UC 254x254x73,45.0,73.1,70.97,71.2,14293.07
4482,4,1,3,3.5,4.72,4.87,27.75,4.67,23.58,14.0,176.53,28.0,6.3048,Fail,998.48,1748.85,UB 610x229x101,UC 305x305x118,101.2,118.0,126.07,199.35,32686.88
4483,3,1,2,3.69,6.7,6.72,17.44,4.76,22.58,11.07,146.63,22.14,6.6228,Fail,731.94,1159.19,UB 610x229x101,UC 305x305x118,101.2,118.0,92.42,151.03,22100.69
4484,2,2,2,3.8,5.93,4.19,21.64,2.12,17.72,7.6,34.67,15.2,2.2809,Fail,220.8,702.87,UB 406x178x54,UC 305x305x97,54.3,96.9,73.66,80.88,13222.15
4485,5,2,3,3.14,4.0,7.65,6.88,13.64,15.69,15.7,63.38,31.4,2.0185,Fail,392.86,1738.93,UB 457x191x67,UC 305x305x118,67.1,118.0,98.52,127.85,56066.38
4486,5,1,2,3.13,6.64,6.31,5.88,12.95,24.91,15.65,230.69,31.3,7.3704,Fail,1082.73,1770.07,UB 610x229x101,UC 305x305x118,101.2,118.0,136.71,210.44,33931.16
4487,4,3,2,3.91,5.99,6.67,16.86,12.32,22.45,15.64,112.09,31.28,3.5835,Fail,500.81,2188.25,UB 533x210x82,UC 305x305x118,82.2,118.0,88.4,163.62,57416.62
4488,1,2,1,4.13,4.68,7.07,14.21,7.5,16.41,4.13,11.42,8.26,1.3822,Fail,118.94,262.9,UB 305x165x40,UC 203x203x46,40.5,46.1,69.2,98.64,2759.52
4489,2,3,1,3.33,5.39,4.79,28.26,13.02,14.32,6.66,12.08,13.32,0.9067,Pass,186.16,915.53,UB 406x178x54,UC 254x254x73,54.3,73.1,81.02,86.14,9487.67
4490,2,2,2,3.8,6.91,7.56,17.24,6.16,0.26,7.6,0.65,15.2,0.0429,Pass,185.81,1007.69,UB 406x178x54,UC 254x254x73,54.3,73.1,96.77,87.03,14428.69
4491,5,1,3,3.08,6.0,6.09,10.6,9.74,20.29,15.4,167.39,30.8,5.4347,Fail,865.87,1693.93,UB 610x229x101,UC 305x305x118,101.2,118.0,109.33,174.46,45170.84
4492,4,2,3,3.62,6.71,7.76,9.59,6.93,6.51,14.48,37.72,28.96,1.3024,Fail,198.82,1389.41,UB 356x171x45,UC 305x305x97,45.0,96.9,96.67,92.28,39070.94
4493,5,1,3,3.61,7.73,4.43,19.33,4.29,24.05,18.05,394.19,36.1,10.9193,Fail,1412.97,1814.84,UB 610x229x101,UC 305x305x118,101.2,118.0,178.41,261.53,46134.2
4494,4,2,2,4.05,5.02,6.32,24.05,9.58,1.59,16.2,11.83,32.4,0.3652,Pass,179.25,2219.12,UB 356x171x45,UC 305x305x118,45.0,118.0,84.11,84.74,29451.6
4495,5,2,2,4.33,5.6,8.0,6.54,7.12,9.75,21.65,140.88,43.3,3.2536,Fail,464.16,1375.05,UB 533x210x82,UC 305x305x118,82.2,118.0,81.93,137.13,56529.9
4496,1,1,2,4.02,5.56,4.23,17.76,13.31,24.13,4.02,25.65,8.04,3.1899,Fail,213.11,371.27,UB 406x178x54,UC 254x254x73,54.3,73.1,71.1,98.38,3587.65
4497,1,2,3,3.16,4.82,6.62,24.13,13.6,4.89,3.16,1.3,6.32,0.2064,Pass,225.35,654.02,UB 406x178x54,UC 203x203x60,54.3,60.0,75.18,93.39,7604.2
4498,4,3,3,4.49,6.52,6.42,14.12,4.08,23.05,17.96,194.54,35.92,5.4159,Fail,637.32,1354.67,UB 610x229x101,UC 305x305x118,101.2,118.0,80.47,175.14,96765.82
4499,2,3,2,3.87,6.18,5.76,16.72,2.8,9.01,7.74,13.68,15.48,0.8837,Pass,123.16,679.09,UB 356x171x45,UC 254x254x73,45.0,73.1,89.24,69.64,15942.53
4500,5,3,3,4.07,4.15,4.36,9.55,9.64,15.13,20.35,108.56,40.7,2.6673,Fail,459.89,1184.5,UB 533x210x82,UC 305x305x118,82.2,118.0,81.18,126.36,80392.12
4501,5,3,1,3.49,6.82,4.73,25.55,8.22,1.24,17.45,6.81,34.9,0.195,Pass,203.48,2166.79,UB 457x191x67,UC 305x305x118,67.1,118.0,85.4,89.27,36549.12
4502,2,3,1,3.33,6.78,4.42,29.52,7.08,14.3,6.66,13.42,13.32,1.0077,Fail,242.38,924.92,UB 457x191x67,UC 254x254x89,67.1,89.0,90.94,82.75,12573.83
4503,4,2,2,3.03,4.26,5.74,18.63,8.96,1.89,12.12,4.73,24.24,0.1951,Pass,119.66,1594.73,UB 305x165x40,UC 254x254x73,40.5,73.1,69.62,99.4,17693.75
4504,4,2,1,4.04,6.97,7.96,18.16,4.25,15.64,16.16,134.84,32.32,4.172,Fail,517.37,1379.39,UB 533x210x82,UC 305x305x118,82.2,118.0,91.33,144.77,28459.97
4505,3,1,3,3.89,7.19,7.01,16.82,10.66,22.68,11.67,183.58,23.34,7.8653,Fail,839.26,1452.32,UB 610x229x101,UC 305x305x118,101.2,118.0,105.97,175.93,32517.43
4506,3,3,3,3.23,4.88,5.47,27.07,10.98,8.08,9.69,11.62,19.38,0.5994,Pass,147.96,1690.39,UB 356x171x45,UC 254x254x89,45.0,89.0,85.65,95.89,30565.56
4507,4,3,1,4.3,7.59,4.78,24.6,3.97,3.7,17.2,29.17,34.4,0.848,Pass,244.77,1585.69,UB 457x191x67,UC 305x305x97,67.1,96.9,99.59,94.02,30688.18
4508,2,3,1,4.2,5.43,4.57,26.35,8.85,12.45,8.4,24.1,16.8,1.4342,Fail,182.39,771.22,UB 406x178x54,UC 254x254x73,54.3,73.1,70.63,97.49,10435.72
4509,3,3,1,3.53,7.62,6.6,12.51,14.26,10.26,10.59,25.07,21.18,1.1838,Fail,252.09,1272.46,UB 457x191x67,UC 254x254x89,67.1,89.0,94.42,97.69,22057.84
4510,3,3,2,3.4,5.11,5.44,5.85,10.9,22.42,10.2,39.14,20.4,1.9188,Fail,250.88,810.49,UB 406x178x54,UC 305x305x97,54.3,96.9,83.7,93.57,26441.74
4511,2,1,1,4.38,4.49,6.2,13.84,10.9,13.16,8.76,63.47,17.52,3.623,Fail,343.56,475.73,UB 457x191x67,UC 305x305x97,67.1,96.9,86.16,91.13,6264.57
4512,1,3,2,3.47,6.96,7.28,28.55,11.75,18.68,3.47,5.72,6.94,0.8245,Pass,316.01,872.67,UB 533x210x82,UC 254x254x89,82.2,89.0,67.04,84.29,13642.3
4513,3,3,1,3.98,5.28,4.04,5.04,13.76,13.9,11.94,43.06,23.88,1.8032,Fail,227.08,616.21,UB 406x178x54,UC 254x254x89,54.3,89.0,75.75,98.6,16294.42
4514,4,2,3,3.74,7.86,5.01,15.88,9.65,11.16,14.96,79.06,29.92,2.6422,Fail,379.53,1903.56,UB 457x191x67,UC 305x305x118,67.1,118.0,98.83,119.51,50162.51
4515,5,2,2,3.29,5.54,6.54,14.72,6.3,23.4,16.45,129.71,32.9,3.9427,Fail,629.39,1820.55,UB 610x229x101,UC 305x305x118,101.2,118.0,79.47,182.08,54144.78
4516,2,2,2,3.66,6.98,5.63,10.72,14.38,14.43,7.32,26.62,14.64,1.8183,Fail,219.67,972.84,UB 457x191x67,UC 254x254x89,67.1,89.0,68.05,95.04,16016.89
4517,2,1,3,3.65,7.57,6.01,20.4,2.97,0.01,7.3,0.12,14.6,0.0081,Pass,140.39,642.62,UB 457x191x67,UC 254x254x73,67.1,73.1,80.82,79.9,13171.87
4518,2,2,2,3.31,7.54,5.99,12.21,6.07,8.08,6.62,10.95,13.24,0.8267,Pass,157.37,737.49,UB 406x178x54,UC 254x254x73,54.3,73.1,98.21,73.28,13171.45
4519,2,1,3,3.43,5.28,6.53,11.31,3.7,10.42,6.86,22.57,13.72,1.6447,Fail,174.27,434.15,UB 356x171x45,UC 254x254x73,45.0,73.1,81.77,79.54,9438.73
4520,5,2,3,3.85,4.66,4.3,13.89,9.64,11.27,19.25,99.38,38.5,2.5814,Fail,436.08,1485.82,UB 533x210x82,UC 305x305x118,82.2,118.0,76.98,129.98,58485.78
4521,4,2,1,3.86,7.0,7.74,19.52,9.88,2.33,15.44,17.33,30.88,0.5613,Pass,211.9,1826.64,UB 457x191x67,UC 305x305x118,67.1,118.0,80.39,82.02,24678.97
4522,3,2,3,3.35,5.74,4.82,16.03,8.87,8.75,10.05,21.8,20.1,1.0843,Fail,175.63,1146.49,UB 356x171x45,UC 254x254x89,45.0,89.0,91.21,91.51,22788.9
4523,4,2,3,4.12,6.73,5.39,21.36,6.71,2.91,16.48,26.45,32.96,0.8025,Pass,202.96,1944.01,UB 457x191x67,UC 305x305x97,67.1,96.9,68.21,99.56,46633.68
4524,1,3,3,3.8,7.84,5.06,24.82,9.81,9.76,3.8,4.38,7.6,0.5767,Pass,289.76,654.07,UB 533x210x82,UC 254x254x73,82.2,73.1,82.34,96.49,17169.04
4525,4,1,3,3.48,5.36,5.0,16.92,5.61,10.96,13.92,85.75,27.84,3.0802,Fail,477.01,1154.8,UB 533x210x82,UC 305x305x118,82.2,118.0,84.2,103.34,30053.95
4526,2,1,1,3.33,5.1,5.82,14.23,13.73,1.82,6.66,3.53,13.32,0.2647,Pass,91.94,441.8,UB 356x171x45,UC 203x203x46,45.0,46.1,71.84,96.06,3193.7
4527,5,1,3,4.13,7.33,5.88,14.33,9.7,16.72,20.65,415.51,41.3,10.0607,Fail,1306.91,2078.98,UB 610x229x101,UC 305x305x118,101.2,118.0,165.01,254.09,52181.2
4528,2,1,3,3.28,6.38,6.56,5.71,2.78,14.73,6.56,29.96,13.12,2.2835,Fail,205.85,282.25,UB 356x171x45,UC 254x254x73,45.0,73.1,96.59,87.04,9675.49
4529,3,2,2,4.11,5.75,5.52,18.76,5.7,8.06,12.33,41.11,24.66,1.6672,Fail,218.21,1215.04,UB 406x178x54,UC 305x305x97,54.3,96.9,72.8,94.25,21768.29
4530,5,1,3,3.34,5.21,4.74,15.22,13.18,18.48,16.7,185.26,33.4,5.5468,Fail,942.74,1940.89,UB 610x229x101,UC 305x305x118,101.2,118.0,119.03,191.61,40700.48
4531,4,1,1,3.28,4.94,7.75,27.76,12.07,19.08,13.12,116.89,26.24,4.4546,Fail,737.15,1709.83,UB 610x229x101,UC 305x305x118,101.2,118.0,93.07,156.49,16466.46
4532,3,1,1,3.56,7.17,7.51,14.21,14.28,7.84,10.68,46.94,21.36,2.1974,Fail,321.01,950.21,UB 457x191x67,UC 305x305x97,67.1,96.9,83.72,88.21,10049.74
4533,5,3,3,3.03,5.58,7.24,17.59,11.49,3.0,15.15,8.89,30.3,0.2933,Pass,195.21,2666.83,UB 356x171x45,UC 305x305x118,45.0,118.0,97.86,95.78,63217.2
4534,4,1,3,3.74,5.96,6.52,20.82,8.56,21.49,14.96,227.58,29.92,7.6062,Fail,1046.5,1950.13,UB 610x229x101,UC 305x305x118,101.2,118.0,132.13,214.2,39608.45
4535,2,3,2,4.48,5.86,7.76,11.19,9.64,11.72,8.96,29.42,17.92,1.6416,Fail,179.99,860.5,UB 356x171x45,UC 254x254x89,45.0,89.0,84.45,88.05,19903.08
4536,2,3,3,4.22,6.9,7.47,26.14,7.35,14.23,8.44,30.81,16.88,1.8253,Fail,256.94,1377.98,UB 457x191x67,UC 305x305x97,67.1,96.9,87.71,92.31,36226.82
4537,5,2,3,4.22,7.72,7.9,24.77,11.8,17.15,21.1,267.68,42.2,6.3431,Fail,848.32,4096.42,UB 610x229x101,UC 305x305x118,101.2,118.0,107.11,286.02,97104.76
4538,3,2,2,3.99,5.77,4.56,14.99,14.29,22.37,11.97,102.87,23.94,4.2969,Fail,494.85,1362.37,UB 533x210x82,UC 305x305x118,82.2,118.0,87.35,143.74,27996.41
4539,1,3,1,3.03,5.77,4.93,9.55,14.34,10.12,3.03,1.79,6.06,0.2955,Pass,114.74,291.74,UB 356x171x45,UC 203x203x46,45.0,46.1,88.89,73.97,3562.76
4540,2,2,3,3.24,5.16,4.95,13.31,5.96,1.96,6.48,2.09,12.96,0.161,Pass,70.32,570.01,UB 305x165x40,UC 203x203x46,40.5,46.1,73.0,82.01,10536.97
4541,3,2,2,3.18,5.84,5.28,19.6,12.92,23.93,9.54,50.1,19.08,2.6255,Fail,358.75,1609.45,UB 457x191x67,UC 305x305x118,67.1,118.0,89.97,114.98,23562.22
4542,4,1,2,4.2,5.26,4.36,26.98,12.22,21.19,16.8,313.48,33.6,9.3299,Fail,1309.74,2087.0,UB 610x229x101,UC 305x305x118,101.2,118.0,165.37,258.34,25341.86
4543,4,3,1,4.47,6.69,5.22,17.37,11.25,19.12,17.88,160.9,35.76,4.4995,Fail,566.19,1533.66,UB 533x210x82,UC 305x305x118,82.2,118.0,99.95,157.78,36942.1
4544,5,1,2,3.29,5.57,6.47,16.93,7.69,5.42,16.45,53.52,32.9,1.6266,Fail,306.8,1762.37,UB 457x191x67,UC 305x305x118,67.1,118.0,76.94,91.71,25935.54
4545,5,2,1,4.15,6.96,7.89,13.73,12.37,21.3,20.75,296.33,41.5,7.1404,Fail,933.85,2048.31,UB 610x229x101,UC 305x305x118,101.2,118.0,117.91,252.35,40755.06
4546,4,3,2,3.67,4.26,4.51,7.67,7.05,6.06,14.68,20.8,29.36,0.7084,Pass,124.62,758.3,UB 305x165x40,UC 254x254x73,40.5,73.1,72.51,84.59,24933.34
4547,4,1,1,3.73,7.78,7.75,10.61,9.4,20.36,14.92,250.16,29.84,8.3834,Fail,980.69,1144.98,UB 610x229x101,UC 305x305x118,101.2,118.0,123.82,182.49,19615.33
4548,2,1,2,4.47,6.9,4.68,7.11,8.15,11.99,8.94,74.65,17.88,4.1749,Fail,334.39,439.27,UB 457x191x67,UC 305x305x97,67.1,96.9,83.86,87.53,10487.88
4549,1,2,3,3.29,4.14,7.83,14.3,4.8,10.2,3.29,2.96,6.58,0.4493,Pass,157.26,339.66,UB 305x165x40,UC 203x203x46,40.5,46.1,91.49,79.45,6015.42
4550,3,3,3,3.31,7.44,7.11,24.07,14.08,10.58,9.93,20.59,19.86,1.0369,Fail,312.03,2399.81,UB 533x210x82,UC 305x305x118,82.2,118.0,77.52,104.28,61804.2
4551,2,1,3,3.59,5.34,5.66,28.36,8.17,9.28,7.18,23.74,14.36,1.6533,Fail,217.85,906.12,UB 406x178x54,UC 254x254x89,54.3,89.0,72.68,87.49,11119.91
4552,3,3,2,3.67,4.97,7.66,24.77,5.78,20.27,11.01,45.87,22.02,2.0833,Fail,286.9,1684.71,UB 406x178x54,UC 305x305x118,54.3,118.0,95.71,105.41,32859.19
4553,3,3,3,4.0,5.77,7.6,8.27,14.7,7.34,12.0,24.1,24.0,1.0043,Fail,180.02,1372.78,UB 356x171x45,UC 254x254x89,45.0,89.0,85.47,99.47,38747.4
4554,2,2,3,4.24,7.0,6.6,23.43,9.13,0.64,8.48,2.12,16.96,0.1251,Pass,211.5,1294.97,UB 457x191x67,UC 254x254x89,67.1,89.0,89.03,98.15,24543.32
4555,5,2,2,3.79,4.6,5.37,17.6,11.83,19.6,18.95,162.63,37.9,4.2911,Fail,718.28,2099.55,UB 610x229x101,UC 305x305x118,101.2,118.0,90.69,206.45,50393.82
4556,2,1,3,3.03,5.15,4.46,24.82,3.11,1.48,6.06,2.09,12.12,0.1722,Pass,85.37,555.82,UB 356x171x45,UC 203x203x46,45.0,46.1,73.9,98.53,6497.33
4557,4,3,2,3.87,4.47,5.52,18.07,3.55,19.16,15.48,80.96,30.96,2.6149,Fail,402.52,1247.16,UB 533x210x82,UC 305x305x118,82.2,118.0,71.05,118.28,49667.11
4558,1,1,2,3.95,6.52,7.88,7.23,10.42,0.42,3.95,0.46,7.9,0.0585,Pass,168.25,311.65,UB 356x171x45,UC 203x203x46,45.0,46.1,94.76,79.71,3391.17
4559,3,2,3,3.98,4.18,4.17,25.73,6.36,7.52,11.94,29.97,23.88,1.2549,Fail,186.78,1142.73,UB 356x171x45,UC 305x305x97,45.0,96.9,87.64,84.56,23464.78
4560,5,3,1,3.2,5.91,5.62,27.3,10.1,0.93,16.0,3.58,32.0,0.1118,Pass,165.74,2278.07,UB 406x178x54,UC 305x305x118,54.3,118.0,96.76,86.66,30834.71
4561,4,2,3,4.18,6.5,5.33,21.23,11.61,21.31,16.72,199.34,33.44,5.9612,Fail,749.39,2244.26,UB 610x229x101,UC 305x305x118,101.2,118.0,94.62,219.14,64143.38
4562,5,1,3,3.34,6.62,4.84,10.44,5.81,3.5,16.7,40.2,33.4,1.2036,Fail,217.86,1004.97,UB 406x178x54,UC 254x254x89,54.3,89.0,72.68,86.49,26964.08
4563,2,2,2,3.49,6.04,6.98,17.11,8.81,5.52,6.98,8.11,13.96,0.5811,Pass,176.46,1012.17,UB 406x178x54,UC 254x254x73,54.3,73.1,71.58,82.41,13075.97
4564,3,1,2,4.31,6.67,5.04,21.17,13.34,15.31,12.93,168.9,25.86,6.5313,Fail,732.6,1453.27,UB 610x229x101,UC 305x305x118,101.2,118.0,92.5,157.23,21350.05
4565,4,2,3,3.37,6.43,7.08,23.24,5.38,5.29,13.48,23.49,26.96,0.8714,Pass,199.4,2189.97,UB 406x178x54,UC 305x305x118,54.3,118.0,95.36,87.05,44100.43
4566,5,1,2,4.05,7.49,6.9,26.69,9.07,18.42,20.25,434.36,40.5,10.7248,Fail,1427.04,3188.65,UB 610x229x101,UC 305x305x118,101.2,118.0,180.18,302.23,39672.42
4567,4,3,1,4.26,4.42,4.04,19.38,3.42,10.94,17.04,64.9,34.08,1.9044,Fail,292.08,821.33,UB 406x178x54,UC 305x305x118,54.3,118.0,97.44,81.54,25355.86
4568,5,3,3,4.42,4.84,5.99,5.35,9.67,24.22,22.1,247.55,44.2,5.6006,Fail,841.79,1313.49,UB 610x229x101,UC 305x305x118,101.2,118.0,106.29,211.95,107484.56
4569,4,2,3,4.37,4.41,7.57,10.75,10.15,7.35,17.48,67.67,34.96,1.9355,Fail,288.03,1454.35,UB 406x178x54,UC 305x305x118,54.3,118.0,96.09,102.03,47212.33
4570,5,1,3,3.27,4.38,4.22,14.53,6.23,23.19,16.35,199.32,32.7,6.0955,Fail,1108.17,1741.47,UB 610x229x101,UC 305x305x118,101.2,118.0,139.92,210.44,37111.44
4571,4,1,2,3.66,4.45,7.46,10.48,3.4,11.03,14.64,93.86,29.28,3.2056,Fail,508.13,1020.24,UB 533x210x82,UC 305x305x118,82.2,118.0,89.7,105.67,24565.99
4572,5,3,2,3.59,7.08,4.65,23.9,13.52,8.87,17.95,53.03,35.9,1.4772,Fail,331.24,3140.09,UB 533x210x82,UC 305x305x118,82.2,118.0,65.53,134.26,66895.32
4573,4,3,3,3.88,5.24,5.12,5.93,2.78,14.1,15.52,64.33,31.04,2.0726,Fail,286.32,525.06,UB 406x178x54,UC 305x305x97,54.3,96.9,95.52,93.17,51064.51
4574,5,3,2,3.18,7.61,6.61,7.24,6.38,12.4,15.9,51.07,31.8,1.6059,Fail,251.31,1418.06,UB 406x178x54,UC 305x305x118,54.3,118.0,83.84,85.89,55466.36
4575,4,1,2,3.26,7.75,7.31,11.63,13.81,6.31,13.04,49.45,26.08,1.8961,Fail,325.8,1753.2,UB 457x191x67,UC 305x305x118,67.1,118.0,94.4,91.55,23320.64
4576,1,2,2,3.06,5.06,7.06,14.25,7.59,7.1,3.06,1.69,6.12,0.2767,Pass,160.59,415.53,UB 305x165x40,UC 203x203x46,40.5,46.1,93.44,78.48,4214.75
4577,3,3,3,3.75,6.53,6.4,24.79,11.6,7.15,11.25,19.94,22.5,0.8861,Pass,236.73,2028.78,UB 457x191x67,UC 305x305x118,67.1,118.0,80.78,85.8,52473.71
4578,3,2,1,3.99,7.36,7.19,7.86,4.85,18.26,11.97,94.58,23.94,3.9505,Fail,385.42,603.01,UB 457x191x67,UC 305x305x118,67.1,118.0,96.66,102.03,18743.07
4579,4,3,1,3.38,6.02,7.31,8.38,9.84,20.26,13.52,61.08,27.04,2.2587,Fail,329.07,1026.15,UB 457x191x67,UC 305x305x118,67.1,118.0,82.53,95.21,30305.5
4580,2,2,1,3.89,7.72,6.94,12.81,4.26,11.88,7.78,28.45,15.56,1.8284,Fail,189.61,548.12,UB 406x178x54,UC 254x254x73,54.3,73.1,98.44,91.41,9026.93
4581,4,1,3,4.2,5.13,6.7,12.77,5.4,19.07,16.8,278.83,33.6,8.2985,Fail,1145.5,1485.49,UB 610x229x101,UC 305x305x118,101.2,118.0,144.63,217.8,40438.66
4582,3,1,1,3.65,4.5,5.41,12.06,6.23,8.54,10.95,43.6,21.9,1.9907,Fail,280.49,483.33,UB 406x178x54,UC 254x254x89,54.3,89.0,93.57,89.1,7126.88
4583,1,3,1,3.22,7.78,6.88,25.78,4.7,6.4,3.22,1.7,6.44,0.2643,Pass,242.49,482.14,UB 533x210x82,UC 254x254x73,82.2,73.1,70.82,76.94,7982.3
4584,1,3,2,3.52,7.37,6.3,13.79,14.09,21.77,3.52,7.11,7.04,1.0094,Fail,222.33,591.99,UB 457x191x67,UC 254x254x73,67.1,73.1,88.97,81.36,10920.33
4585,3,1,2,3.51,5.47,7.61,17.58,2.8,22.62,10.53,110.8,21.06,5.261,Fail,651.75,1117.86,UB 610x229x101,UC 305x305x118,101.2,118.0,82.29,136.67,21678.9
4586,5,1,3,3.02,4.63,4.29,14.78,4.67,0.82,15.1,5.52,30.2,0.1828,Pass,62.57,914.86,UB 305x165x40,UC 203x203x60,40.5,60.0,53.23,80.02,16210.65
4587,2,3,3,3.32,6.12,4.42,24.58,3.97,11.75,6.64,10.37,13.28,0.7808,Pass,160.35,852.63,UB 406x178x54,UC 254x254x73,54.3,73.1,82.02,77.72,21501.87
4588,4,1,1,3.23,5.64,5.8,27.9,7.58,7.29,12.92,45.55,25.84,1.7627,Fail,326.78,1219.01,UB 457x191x67,UC 305x305x97,67.1,96.9,81.95,96.25,11148.78
4589,5,2,3,4.19,7.44,6.32,26.11,11.91,13.44,20.95,200.56,41.9,4.7866,Fail,686.21,3743.25,UB 610x229x101,UC 305x305x118,101.2,118.0,86.64,238.71,88563.6
4590,4,3,3,3.69,5.18,6.74,29.39,5.76,15.18,14.76,57.8,29.52,1.9581,Fail,325.78,2362.17,UB 457x191x67,UC 305x305x118,67.1,118.0,81.7,128.56,66258.82
4591,2,1,1,3.63,5.39,7.54,8.92,13.26,18.19,7.26,48.53,14.52,3.3422,Fail,329.53,492.92,UB 457x191x67,UC 305x305x97,67.1,96.9,82.64,87.49,6284.39
4592,4,2,3,3.39,7.26,7.86,5.11,10.93,5.75,13.56,27.87,27.12,1.0275,Fail,177.56,1448.18,UB 406x178x54,UC 305x305x97,54.3,96.9,76.93,83.74,43747.27
4593,4,2,3,3.75,7.05,4.13,6.89,3.6,17.83,15.0,119.64,30.0,3.9881,Fail,466.4,674.01,UB 533x210x82,UC 305x305x118,82.2,118.0,82.33,120.71,52005.82
4594,2,1,2,3.68,4.06,4.97,6.03,4.7,17.01,7.36,42.28,14.72,2.8722,Fail,291.59,334.41,UB 406x178x54,UC 254x254x89,54.3,89.0,97.28,97.92,7411.96
4595,2,1,1,3.15,5.28,7.89,28.53,11.47,12.8,6.3,20.61,12.6,1.6354,Fail,250.96,777.14,UB 406x178x54,UC 254x254x89,54.3,89.0,83.72,95.41,5103.32
4596,1,2,2,3.42,7.27,4.63,15.58,8.99,21.72,3.42,8.79,6.84,1.2851,Fail,204.94,458.01,UB 457x191x67,UC 254x254x73,67.1,73.1,75.26,70.27,7040.96
4597,5,1,3,3.79,6.77,7.66,21.11,6.75,4.85,18.95,86.2,37.9,2.2743,Fail,390.38,2285.77,UB 457x191x67,UC 305x305x118,67.1,118.0,97.9,119.67,42393.72
4598,1,2,2,4.16,6.67,4.96,17.1,13.82,8.99,4.16,7.17,8.32,0.8613,Pass,212.2,576.53,UB 457x191x67,UC 254x254x73,67.1,73.1,73.14,73.28,7419.1
4599,2,2,1,4.29,6.32,4.34,21.84,12.07,0.31,8.58,1.06,17.16,0.0619,Pass,180.94,844.55,UB 457x191x67,UC 254x254x73,67.1,73.1,68.24,87.68,8903.05
4600,4,1,1,4.07,5.41,5.16,5.95,3.83,22.82,16.28,306.95,32.56,9.4273,Fail,1260.79,1049.27,UB 610x229x101,UC 305x305x118,101.2,118.0,159.19,223.61,16241.63
4601,2,1,2,4.29,5.98,6.56,8.3,14.13,23.98,8.58,120.86,17.16,7.043,Fail,580.96,793.2,UB 610x229x101,UC 305x305x118,101.2,118.0,73.35,127.74,15016.67
4602,1,3,3,4.49,4.59,7.83,15.66,10.34,23.57,4.49,16.17,8.98,1.8003,Fail,219.32,480.02,UB 406x178x54,UC 254x254x73,54.3,73.1,73.17,70.33,13344.38
4603,2,2,1,4.43,4.5,4.24,12.23,3.01,21.66,8.86,66.44,17.72,3.7492,Fail,310.22,284.63,UB 457x191x67,UC 305x305x118,67.1,118.0,77.8,82.76,10395.5
4604,5,3,2,4.38,4.07,4.54,20.38,8.8,0.93,21.9,8.67,43.8,0.1979,Pass,76.54,1764.6,UB 305x165x40,UC 254x254x89,40.5,89.0,54.25,97.67,38161.57
4605,5,2,3,3.53,7.47,5.69,14.89,14.13,1.24,17.65,10.53,35.3,0.2982,Pass,222.77,2776.71,UB 457x191x67,UC 305x305x118,67.1,118.0,96.43,108.93,62222.83
4606,5,1,2,3.83,7.05,6.23,25.24,14.13,2.84,19.15,53.63,38.3,1.4002,Fail,322.91,2847.64,UB 533x210x82,UC 305x305x118,82.2,118.0,68.07,122.48,32492.97
4607,1,2,1,3.71,4.78,6.1,29.34,3.08,7.01,3.71,3.31,7.42,0.446,Pass,130.05,370.15,UB 305x165x40,UC 203x203x46,40.5,46.1,97.63,91.07,2541.7
4608,2,3,1,3.29,4.04,7.57,8.88,13.87,8.53,6.58,6.13,13.16,0.4661,Pass,134.32,521.19,UB 305x165x40,UC 203x203x60,40.5,60.0,78.15,99.54,7574.52
4609,4,1,2,4.19,5.93,6.53,29.62,14.16,12.31,16.76,191.73,33.52,5.7198,Fail,816.54,2694.69,UB 610x229x101,UC 305x305x118,101.2,118.0,103.1,200.44,29640.85
4610,5,2,3,3.67,6.09,6.14,18.24,4.23,5.78,18.35,49.11,36.7,1.3382,Fail,237.58,1928.63,UB 406x178x54,UC 305x305x118,54.3,118.0,79.26,97.13,54214.17
4611,4,1,3,3.18,5.32,4.7,19.9,12.74,4.32,12.72,24.8,25.44,0.9747,Pass,208.97,1433.34,UB 356x171x45,UC 254x254x89,45.0,89.0,98.05,99.27,17963.04
4612,5,2,3,4.02,7.86,5.31,5.93,5.86,16.77,20.1,224.0,40.2,5.5721,Fail,664.75,1130.45,UB 610x229x101,UC 305x305x118,101.2,118.0,83.93,174.35,84460.62
4613,2,3,3,4.43,7.57,5.96,27.08,5.79,16.02,8.86,42.86,17.72,2.4185,Fail,305.8,1268.58,UB 533x210x82,UC 305x305x97,82.2,96.9,70.36,98.78,40428.53
4614,5,3,2,4.18,5.44,5.07,18.65,2.75,20.35,20.9,179.47,41.8,4.2936,Fail,642.92,1596.62,UB 610x229x101,UC 305x305x118,101.2,118.0,81.18,178.13,74891.52
4615,5,1,3,4.47,7.01,4.87,15.28,9.78,13.08,22.35,413.55,44.7,9.2517,Fail,1211.91,1913.49,UB 610x229x101,UC 305x305x118,101.2,118.0,153.02,235.69,50071.96
4616,4,2,2,4.47,6.6,6.59,12.0,13.94,13.6,17.88,161.92,35.76,4.5279,Fail,558.02,2056.3,UB 533x210x82,UC 305x305x118,82.2,118.0,98.5,175.15,45009.79
4617,5,2,2,3.06,7.5,6.0,16.62,2.41,14.53,15.3,75.15,30.6,2.4559,Fail,376.13,1811.48,UB 457x191x67,UC 305x305x118,67.1,118.0,94.33,120.85,43424.1
4618,2,1,2,4.18,4.38,7.52,24.84,11.96,24.78,8.36,100.11,16.72,5.9872,Fail,577.22,1248.0,UB 610x229x101,UC 305x305x118,101.2,118.0,72.88,139.28,14666.61
4619,5,1,2,3.29,4.95,7.22,14.37,7.47,10.51,16.45,97.56,32.9,2.9654,Fail,529.49,1796.31,UB 533x210x82,UC 305x305x118,82.2,118.0,93.47,126.79,29619.63
4620,1,1,1,3.13,5.62,4.36,20.45,4.6,23.03,3.13,9.97,6.26,1.5933,Fail,138.65,190.26,UB 356x171x45,UC 203x203x60,45.0,60.0,86.13,89.29,1649.4
4621,2,2,1,3.01,7.74,4.67,9.35,14.63,1.36,6.02,1.53,12.04,0.1274,Pass,193.47,720.44,UB 457x191x67,UC 254x254x73,67.1,73.1,88.64,82.64,8675.35
4622,5,1,1,4.48,6.97,4.52,14.66,12.89,5.67,22.4,180.09,44.8,4.0198,Fail,587.36,1307.57,UB 610x229x101,UC 305x305x118,101.2,118.0,74.16,122.06,22200.68
4623,1,2,1,3.44,7.62,7.81,9.76,2.1,11.88,3.44,5.0,6.88,0.7269,Pass,107.06,198.6,UB 406x178x54,UC 203x203x46,54.3,46.1,65.77,68.52,3878.82
4624,4,1,3,4.19,5.18,5.86,23.46,2.6,19.06,16.76,277.64,33.52,8.2829,Fail,1153.77,1692.67,UB 610x229x101,UC 305x305x118,101.2,118.0,145.68,224.36,38441.66
4625,5,3,3,3.86,4.12,4.29,27.4,2.15,21.04,19.3,124.6,38.6,3.2279,Fail,577.47,1715.16,UB 610x229x101,UC 305x305x118,101.2,118.0,72.91,164.22,87503.92
4626,3,2,2,4.2,4.93,5.43,25.06,14.97,9.12,12.6,47.02,25.2,1.8658,Fail,263.3,1855.63,UB 406x178x54,UC 305x305x118,54.3,118.0,87.84,104.1,23507.06
4627,3,1,2,4.2,4.95,4.73,7.74,10.48,0.7,12.6,6.11,25.2,0.2424,Pass,60.68,604.97,UB 305x165x40,UC 203x203x46,40.5,46.1,60.93,95.23,7588.22
4628,2,3,2,3.72,4.39,5.59,13.16,7.5,4.21,7.44,4.88,14.88,0.3278,Pass,91.17,618.02,UB 254x146x31,UC 203x203x46,31.1,46.1,92.9,88.95,9354.91
4629,5,1,1,3.55,5.78,5.78,7.03,5.91,1.1,17.75,14.34,35.5,0.404,Pass,91.41,557.46,UB 305x165x40,UC 203x203x46,40.5,46.1,68.9,95.58,7954.9
4630,4,1,2,3.51,4.6,6.85,26.59,10.11,15.45,14.04,115.43,28.08,4.1108,Fail,681.14,2251.93,UB 610x229x101,UC 305x305x118,101.2,118.0,86.0,164.89,26618.08
4631,4,3,3,4.15,4.65,7.94,12.9,8.04,22.82,16.6,125.69,33.2,3.7858,Fail,544.35,1539.71,UB 533x210x82,UC 305x305x118,82.2,118.0,96.09,158.25,81015.9
4632,5,3,3,3.89,6.86,5.6,23.22,13.2,2.47,19.45,19.26,38.9,0.4951,Pass,243.46,3238.43,UB 457x191x67,UC 305x305x118,67.1,118.0,93.73,127.01,86885.56
4633,1,2,1,3.14,5.03,6.89,7.9,5.81,20.15,3.14,5.21,6.28,0.8303,Pass,67.96,172.01,UB 254x146x31,UC 203x203x46,31.1,46.1,92.73,65.71,2137.09
4634,3,2,2,4.45,5.76,4.3,21.82,4.65,1.86,13.35,12.62,26.7,0.4727,Pass,132.39,1163.59,UB 356x171x45,UC 254x254x73,45.0,73.1,97.98,94.16,16931.56
4635,4,3,2,3.14,7.57,4.0,15.25,9.76,7.76,12.56,20.87,25.12,0.8308,Pass,226.16,1667.2,UB 457x191x67,UC 305x305x97,67.1,96.9,86.49,88.02,41479.66
4636,3,3,1,3.81,5.9,7.26,9.8,2.1,3.06,11.43,8.56,22.86,0.3746,Pass,70.3,475.23,UB 305x165x40,UC 203x203x46,40.5,46.1,67.39,83.12,12044.84
4637,1,2,2,4.32,4.36,4.12,7.61,10.45,0.92,4.32,0.75,8.64,0.0868,Pass,52.79,253.28,UB 254x146x31,UC 152x152x30,31.1,30.0,79.55,93.21,2748.77
4638,1,3,1,3.68,6.13,7.43,21.62,8.79,20.71,3.68,7.39,7.36,1.0047,Fail,175.1,428.47,UB 406x178x54,UC 203x203x60,54.3,60.0,87.79,96.31,5377.35
4639,1,2,1,3.04,4.98,5.27,19.68,6.65,20.96,3.04,4.82,6.08,0.7924,Pass,109.3,295.09,UB 305x165x40,UC 203x203x46,40.5,46.1,89.67,81.4,2287.93
4640,3,1,1,3.1,4.26,7.1,21.25,11.57,7.93,9.3,22.35,18.6,1.2018,Fail,211.25,857.01,UB 356x171x45,UC 254x254x89,45.0,89.0,99.12,82.54,6378.0
4641,2,2,3,3.09,7.58,5.75,25.5,3.93,7.27,6.18,7.91,12.36,0.6399,Pass,226.69,1120.64,UB 533x210x82,UC 254x254x89,82.2,89.0,63.24,89.49,25077.16
4642,1,2,2,3.31,7.05,4.69,29.01,11.2,21.06,3.31,7.54,6.62,1.1387,Fail,297.29,733.82,UB 533x210x82,UC 254x254x89,82.2,89.0,69.52,81.47,8441.48
4643,1,2,2,3.48,5.17,5.58,15.91,5.57,18.82,3.48,7.16,6.96,1.0285,Fail,102.02,360.26,UB 305x165x40,UC 203x203x46,40.5,46.1,81.85,92.65,4056.1
4644,2,1,1,4.43,4.25,5.7,29.82,5.82,18.56,8.86,91.42,17.72,5.1594,Fail,492.02,641.69,UB 533x210x82,UC 305x305x118,82.2,118.0,86.85,105.14,7453.48
4645,1,2,3,3.39,4.22,6.07,28.73,9.77,8.69,3.39,2.84,6.78,0.4186,Pass,191.75,595.01,UB 356x171x45,UC 203x203x60,45.0,60.0,89.97,80.41,6418.35
4646,3,3,1,3.36,7.68,5.69,12.97,2.84,18.84,10.08,38.76,20.16,1.9225,Fail,236.19,699.64,UB 406x178x54,UC 254x254x89,54.3,89.0,89.76,98.15,18391.0
4647,3,2,2,3.49,7.04,4.93,28.66,11.78,6.76,10.47,21.7,20.94,1.0365,Fail,301.0,2132.68,UB 533x210x82,UC 305x305x118,82.2,118.0,69.62,95.03,28829.95
4648,3,1,2,3.05,5.29,7.29,7.59,10.98,5.33,9.15,15.85,18.3,0.8662,Pass,145.69,872.47,UB 305x165x40,UC 254x254x73,40.5,73.1,84.76,82.56,9484.33
4649,1,1,3,4.01,6.56,6.97,24.74,10.23,18.92,4.01,21.2,8.02,2.6438,Fail,231.0,541.55,UB 457x191x67,UC 254x254x89,67.1,89.0,78.7,86.98,7421.95
4650,1,2,3,3.9,6.74,6.56,18.39,9.5,17.11,3.9,10.79,7.8,1.3832,Fail,203.27,561.1,UB 457x191x67,UC 254x254x73,67.1,73.1,68.08,75.25,11000.7
4651,3,2,3,3.56,4.45,7.2,18.17,14.79,6.86,10.68,18.83,21.36,0.8813,Pass,226.58,1684.53,UB 406x178x54,UC 305x305x97,54.3,96.9,75.59,90.96,28773.86
4652,3,3,2,3.96,5.95,7.35,11.01,5.48,5.57,11.88,17.9,23.76,0.7533,Pass,124.08,970.38,UB 305x165x40,UC 254x254x73,40.5,73.1,95.78,87.9,24071.66
4653,5,2,1,3.65,6.41,4.14,21.62,8.53,9.01,18.25,77.23,36.5,2.116,Fail,361.91,1802.15,UB 457x191x67,UC 305x305x118,67.1,118.0,90.76,115.0,25690.13
4654,3,1,1,4.0,7.37,5.93,26.56,2.63,24.59,12.0,222.0,24.0,9.25,Fail,957.45,1010.24,UB 610x229x101,UC 305x305x118,101.2,118.0,120.89,181.85,13739.76
4655,5,1,2,3.03,7.65,4.46,13.19,7.17,14.31,15.15,130.63,30.3,4.3112,Fail,630.32,1390.44,UB 610x229x101,UC 305x305x118,101.2,118.0,79.59,129.18,31365.94
4656,4,2,3,3.03,6.48,4.68,5.53,11.42,16.43,12.12,50.76,24.24,2.0942,Fail,305.9,1124.5,UB 457x191x67,UC 305x305x118,67.1,118.0,76.71,91.92,42380.78
4657,3,1,3,3.53,7.69,4.61,6.69,5.47,18.25,10.59,110.58,21.18,5.2208,Fail,530.37,565.03,UB 533x210x82,UC 305x305x118,82.2,118.0,93.62,102.76,24403.33
4658,4,2,3,3.07,7.79,6.96,20.16,10.26,4.3,12.28,15.74,24.56,0.6407,Pass,265.08,2582.0,UB 533x210x82,UC 305x305x118,82.2,118.0,70.96,103.77,58475.33
4659,1,2,3,3.14,6.39,7.45,5.88,10.97,18.09,3.14,5.12,6.28,0.8152,Pass,131.01,361.02,UB 356x171x45,UC 203x203x46,45.0,46.1,85.16,87.71,7054.7
4660,4,1,3,3.73,6.58,7.57,5.65,14.7,24.92,14.92,276.55,29.84,9.2679,Fail,1174.04,1694.22,UB 610x229x101,UC 305x305x118,101.2,118.0,148.24,228.99,43124.83
4661,1,2,3,4.2,4.36,4.49,29.0,12.68,11.51,4.2,8.39,8.4,0.9985,Pass,132.65,562.21,UB 305x165x40,UC 203x203x60,40.5,60.0,95.25,91.77,6073.25
4662,5,2,3,3.21,6.22,7.11,27.02,4.73,23.89,16.05,129.75,32.1,4.0422,Fail,644.46,2957.39,UB 610x229x101,UC 305x305x118,101.2,118.0,81.37,210.52,80284.3
4663,2,2,2,3.73,4.55,4.01,22.25,12.83,12.98,7.46,21.41,14.92,1.4353,Fail,169.43,907.12,UB 305x165x40,UC 254x254x89,40.5,89.0,98.58,88.83,10135.62
4664,3,2,1,3.64,6.76,6.8,28.95,5.4,4.74,10.92,17.22,21.84,0.7883,Pass,232.53,1477.3,UB 457x191x67,UC 305x305x97,67.1,96.9,84.59,84.3,15898.56
4665,2,2,3,4.06,4.75,4.81,21.26,5.02,12.25,8.12,27.89,16.24,1.7172,Fail,174.5,727.36,UB 356x171x45,UC 254x254x89,45.0,89.0,81.88,88.55,15988.26
4666,3,1,1,4.01,5.24,4.6,20.23,4.41,10.98,12.03,83.5,24.06,3.4707,Fail,440.09,637.2,UB 533x210x82,UC 305x305x118,82.2,118.0,77.69,86.95,10531.25
4667,2,2,2,3.17,6.6,5.82,20.44,10.01,3.59,6.34,4.02,12.68,0.3172,Pass,176.97,1129.47,UB 457x191x67,UC 254x254x73,67.1,73.1,69.79,97.64,14171.67
4668,1,3,2,4.49,4.54,7.84,24.84,4.94,21.75,4.49,14.89,8.98,1.6576,Fail,271.73,563.06,UB 406x178x54,UC 254x254x73,54.3,73.1,90.65,72.25,9563.02
4669,1,3,2,3.54,7.39,6.74,17.29,9.9,24.19,3.54,8.05,7.08,1.1367,Fail,217.69,587.92,UB 457x191x67,UC 254x254x73,67.1,73.1,87.48,80.99,11186.14
4670,5,1,2,3.44,7.13,5.95,16.51,6.53,3.72,17.2,49.39,34.4,1.4357,Fail,272.72,1639.05,UB 457x191x67,UC 305x305x118,67.1,118.0,68.39,81.7,27338.84
4671,5,3,3,3.15,7.84,7.14,6.79,9.58,2.13,15.75,8.83,31.5,0.2803,Pass,144.45,1792.58,UB 406x178x54,UC 254x254x89,54.3,89.0,98.87,99.38,71232.84
4672,3,1,1,3.99,6.55,4.96,10.19,3.39,11.89,11.97,99.62,23.94,4.1612,Fail,452.82,442.34,UB 533x210x82,UC 305x305x118,82.2,118.0,79.93,85.18,11326.57
4673,2,2,3,3.07,7.47,5.62,19.42,14.41,20.81,6.14,21.58,12.28,1.7573,Fail,298.62,1305.06,UB 533x210x82,UC 305x305x97,82.2,96.9,69.58,88.32,25279.49
4674,3,3,3,4.32,4.68,4.56,23.23,4.36,21.4,12.96,84.75,25.92,3.2697,Fail,397.83,1094.13,UB 457x191x67,UC 305x305x118,67.1,118.0,99.77,115.41,46788.62
4675,1,3,2,4.18,6.09,5.29,22.6,12.47,1.48,4.18,0.9,8.36,0.1071,Pass,176.2,617.71,UB 406x178x54,UC 203x203x60,54.3,60.0,99.28,98.5,8283.76
4676,5,2,1,3.88,7.34,4.99,5.3,8.85,8.83,19.4,100.53,38.8,2.591,Fail,356.28,1021.09,UB 457x191x67,UC 305x305x118,67.1,118.0,89.35,99.36,28607.92
4677,4,3,1,3.72,4.68,4.9,29.69,7.52,23.66,14.88,88.57,29.76,2.976,Fail,476.25,1489.93,UB 533x210x82,UC 305x305x118,82.2,118.0,84.07,136.53,29723.9
4678,5,1,1,3.56,4.22,4.03,29.89,9.75,11.16,17.8,126.82,35.6,3.5623,Fail,670.99,1510.94,UB 610x229x101,UC 305x305x118,101.2,118.0,84.72,138.28,16750.6
4679,3,1,3,3.35,7.7,7.37,12.54,11.29,13.61,10.05,69.25,20.1,3.445,Fail,425.5,1243.54,UB 533x210x82,UC 305x305x118,82.2,118.0,75.11,98.76,27987.13
4680,2,3,1,3.3,6.55,7.94,15.94,11.63,5.78,6.6,5.25,13.2,0.398,Pass,176.74,832.65,UB 406x178x54,UC 254x254x73,54.3,73.1,97.1,97.26,11576.8
4681,1,1,1,4.19,5.78,6.68,19.37,7.14,7.65,4.19,9.59,8.38,1.1448,Fail,131.0,240.09,UB 356x171x45,UC 203x203x60,45.0,60.0,99.16,77.74,2127.0
4682,3,2,2,3.05,7.43,7.53,5.38,6.17,5.82,9.15,12.08,18.3,0.6603,Pass,113.9,778.48,UB 356x171x45,UC 203x203x60,45.0,60.0,91.76,96.73,17058.6
4683,3,2,3,4.41,6.08,7.42,27.93,9.17,2.53,13.23,17.05,26.46,0.6442,Pass,266.16,2168.28,UB 457x191x67,UC 305x305x118,67.1,118.0,66.75,94.06,41967.73
4684,1,3,1,4.0,7.24,6.26,23.65,8.73,8.05,4.0,4.18,8.0,0.5229,Pass,232.86,481.25,UB 457x191x67,UC 254x254x73,67.1,73.1,97.96,74.19,6934.21
4685,2,3,3,3.42,5.92,7.9,24.09,14.5,12.89,6.84,12.46,13.68,0.9108,Pass,319.65,1548.24,UB 457x191x67,UC 305x305x97,67.1,96.9,80.16,94.59,32860.46
4686,3,1,2,3.11,5.48,7.08,7.51,13.5,20.17,9.33,65.3,18.66,3.4993,Fail,466.79,1082.6,UB 533x210x82,UC 305x305x118,82.2,118.0,82.4,104.38,17643.46
4687,2,1,3,3.05,7.09,5.53,15.4,13.59,1.52,6.1,2.65,12.2,0.2173,Pass,169.12,768.72,UB 457x191x67,UC 254x254x73,67.1,73.1,82.37,91.42,11825.95
4688,4,1,1,3.14,6.29,7.95,22.97,11.06,24.97,12.56,151.07,25.12,6.0141,Fail,877.42,1637.45,UB 610x229x101,UC 305x305x118,101.2,118.0,110.78,176.4,17457.02
4689,5,2,2,4.12,4.1,4.98,10.14,3.48,4.76,20.6,50.75,41.2,1.2319,Fail,213.98,861.55,UB 406x178x54,UC 305x305x97,54.3,96.9,71.39,83.23,32756.58
4690,1,1,2,3.74,4.31,5.87,24.35,4.79,14.31,3.74,10.75,7.48,1.4373,Fail,149.74,378.61,UB 305x165x40,UC 203x203x60,40.5,60.0,87.12,89.34,2821.01
4691,2,1,2,3.15,6.15,4.55,6.27,2.19,24.62,6.3,42.69,12.6,3.3883,Fail,300.67,260.58,UB 457x191x67,UC 254x254x89,67.1,89.0,75.4,99.89,8282.63
4692,3,3,1,3.07,4.58,4.39,9.56,5.51,24.34,9.21,28.21,18.42,1.5313,Fail,217.09,441.58,UB 406x178x54,UC 254x254x89,54.3,89.0,72.42,91.66,13894.54
4693,3,1,2,3.65,5.08,5.91,8.69,13.43,23.02,10.95,124.35,21.9,5.678,Fail,718.7,1095.67,UB 610x229x101,UC 305x305x118,101.2,118.0,90.74,146.48,19556.57
4694,1,2,2,4.25,6.3,6.42,13.38,13.58,9.61,4.25,8.11,8.5,0.9546,Pass,172.65,553.3,UB 406x178x54,UC 203x203x60,54.3,60.0,84.49,97.58,6439.18
4695,4,3,3,3.18,4.1,5.8,8.97,13.67,18.21,12.72,36.96,25.44,1.4529,Fail,262.58,1322.44,UB 406x178x54,UC 305x305x118,54.3,118.0,87.6,89.18,49818.72
4696,5,2,2,3.82,6.65,6.42,26.18,6.08,24.38,19.1,248.99,38.2,6.518,Fail,915.49,3003.86,UB 610x229x101,UC 305x305x118,101.2,118.0,115.59,273.3,59964.72
4697,3,1,3,3.15,6.42,7.21,29.18,7.39,21.49,9.45,79.55,18.9,4.2092,Fail,562.7,1745.69,UB 533x210x82,UC 305x305x118,82.2,118.0,99.33,134.4,25921.4
4698,3,2,2,3.65,7.81,5.79,29.92,11.06,13.47,10.95,53.16,21.9,2.4275,Fail,421.43,2453.13,UB 533x210x82,UC 305x305x118,82.2,118.0,96.33,124.18,31751.46
4699,1,3,2,3.4,7.98,4.13,12.86,2.72,23.94,3.4,7.09,6.8,1.0426,Fail,147.4,280.44,UB 406x178x54,UC 203x203x46,54.3,46.1,99.23,99.35,7574.78
4700,3,1,2,4.38,6.66,5.68,24.94,5.65,14.1,13.14,164.29,26.28,6.2517,Fail,689.19,1363.6,UB 610x229x101,UC 305x305x118,101.2,118.0,87.02,148.7,22266.84
4701,2,1,1,4.09,6.58,7.2,20.04,9.76,6.07,8.18,27.1,16.36,1.6564,Fail,215.56,602.32,UB 457x191x67,UC 254x254x73,67.1,73.1,67.68,88.57,6090.38
4702,1,1,1,4.33,7.46,4.31,26.83,6.54,15.73,4.33,24.45,8.66,2.8239,Fail,230.81,288.68,UB 533x210x82,UC 254x254x89,82.2,89.0,68.36,81.76,3476.47
4703,1,2,3,3.72,6.28,7.37,24.59,5.53,10.83,3.72,5.63,7.44,0.7571,Pass,219.19,610.79,UB 406x178x54,UC 203x203x60,54.3,60.0,93.5,99.6,9008.15
4704,3,3,2,3.01,4.2,4.16,12.34,2.29,17.83,9.03,18.56,18.06,1.0277,Fail,156.62,528.79,UB 305x165x40,UC 254x254x73,40.5,73.1,91.13,89.93,16557.34
4705,3,2,2,3.93,5.54,7.17,12.39,14.58,20.24,11.79,86.61,23.58,3.6728,Fail,433.97,1558.9,UB 533x210x82,UC 305x305x118,82.2,118.0,76.61,136.94,31326.7
4706,3,1,2,3.61,5.13,7.58,19.52,3.85,7.05,10.83,36.85,21.66,1.7012,Fail,246.3,1102.37,UB 406x178x54,UC 305x305x97,54.3,96.9,82.17,84.58,13742.72
4707,4,1,2,3.67,4.24,7.86,18.26,11.06,15.06,14.68,126.78,29.36,4.3182,Fail,710.98,2070.28,UB 610x229x101,UC 305x305x118,101.2,118.0,89.77,165.65,28269.41
4708,1,1,3,3.17,6.67,4.43,25.36,6.59,17.03,3.17,8.34,6.34,1.3151,Fail,164.79,366.96,UB 457x191x67,UC 254x254x73,67.1,73.1,75.58,78.17,5427.56
4709,3,1,3,4.01,5.47,5.32,5.56,5.12,8.45,12.03,65.6,24.06,2.7267,Fail,323.64,476.36,UB 457x191x67,UC 305x305x97,67.1,96.9,81.16,80.64,20155.6
4710,1,2,1,4.16,5.03,6.53,22.09,8.25,20.1,4.16,14.65,8.32,1.7603,Fail,143.89,370.6,UB 356x171x45,UC 203x203x60,45.0,60.0,74.79,96.92,3284.55
4711,4,1,1,3.94,6.76,7.57,24.42,4.03,6.19,15.76,84.04,31.52,2.6663,Fail,403.45,1220.43,UB 533x210x82,UC 305x305x118,82.2,118.0,71.22,91.85,16862.13
4712,5,2,2,3.71,4.65,5.23,14.39,7.37,6.35,18.55,49.13,37.1,1.3243,Fail,241.51,1527.92,UB 406x178x54,UC 305x305x118,54.3,118.0,80.57,90.04,35794.62
4713,3,2,2,3.89,5.13,7.04,21.09,9.89,18.98,11.67,75.7,23.34,3.2435,Fail,404.91,1674.33,UB 533x210x82,UC 305x305x118,82.2,118.0,71.48,132.85,30400.27
4714,3,3,2,3.13,6.66,4.91,17.71,12.04,21.67,9.39,32.41,18.78,1.7257,Fail,272.57,1519.03,UB 457x191x67,UC 305x305x118,67.1,118.0,70.06,86.43,33269.23
4715,2,2,3,3.19,7.77,6.73,11.98,8.41,17.81,6.38,21.44,12.76,1.6806,Fail,211.76,868.91,UB 457x191x67,UC 254x254x89,67.1,89.0,76.25,85.03,23284.21
4716,2,3,2,4.12,5.3,6.3,22.94,5.46,20.86,8.24,37.25,16.48,2.26,Fail,220.71,971.87,UB 406x178x54,UC 305x305x97,54.3,96.9,73.63,91.37,20235.13
4717,5,3,2,3.03,4.02,6.64,14.61,13.06,21.6,15.15,53.73,30.3,1.7732,Fail,365.48,2158.81,UB 457x191x67,UC 305x305x118,67.1,118.0,91.66,131.62,51412.55
4718,3,2,1,4.32,7.18,4.62,23.72,9.28,21.08,12.96,142.27,25.92,5.4887,Fail,579.03,1350.52,UB 610x229x101,UC 305x305x118,101.2,118.0,73.11,155.89,22102.97
4719,5,2,3,3.03,7.83,7.01,16.96,10.66,16.84,15.15,86.68,30.3,2.8607,Fail,461.56,2946.68,UB 533x210x82,UC 305x305x118,82.2,118.0,81.48,161.93,73127.43
4720,4,2,2,4.28,5.88,4.82,18.28,6.18,6.85,17.12,66.28,34.24,1.9358,Fail,280.92,1511.22,UB 406x178x54,UC 305x305x118,54.3,118.0,93.72,97.91,32125.68
4721,2,2,1,3.84,7.42,5.82,15.59,13.01,14.29,7.68,32.14,15.36,2.0923,Fail,268.0,868.58,UB 457x191x67,UC 254x254x89,67.1,89.0,93.14,96.44,10427.31
4722,3,2,2,4.21,5.73,6.78,15.01,2.75,15.27,12.63,84.59,25.26,3.3488,Fail,367.3,971.13,UB 457x191x67,UC 305x305x118,67.1,118.0,92.11,107.91,28522.64
4723,5,1,3,3.28,5.46,5.52,11.33,6.45,16.45,16.4,158.95,32.8,4.8459,Fail,795.35,1408.56,UB 610x229x101,UC 305x305x118,101.2,118.0,100.42,156.21,43291.36
4724,5,1,1,3.67,7.46,5.98,28.21,2.2,19.84,18.35,335.83,36.7,9.1506,Fail,1246.11,1793.47,UB 610x229x101,UC 305x305x118,101.2,118.0,157.34,232.98,22262.48
4725,4,2,2,3.86,4.1,5.5,21.32,11.54,5.31,15.44,30.55,30.88,0.9892,Pass,183.91,1828.65,UB 356x171x45,UC 305x305x118,45.0,118.0,86.29,86.59,26765.28
4726,5,3,3,4.24,5.66,4.19,12.58,5.61,11.13,21.2,105.11,42.4,2.4791,Fail,376.32,1274.67,UB 457x191x67,UC 305x305x118,67.1,118.0,94.37,112.4,79681.7
4727,4,1,2,3.05,7.22,7.38,16.7,14.03,3.37,12.2,20.28,24.4,0.8311,Pass,229.98,2018.96,UB 457x191x67,UC 305x305x118,67.1,118.0,92.2,86.99,22374.31
4728,3,3,1,4.05,5.44,7.85,11.4,5.67,16.0,12.15,53.4,24.3,2.1975,Fail,261.43,686.85,UB 406x178x54,UC 305x305x97,54.3,96.9,87.22,91.62,19850.8
4729,5,3,3,4.32,5.28,7.25,8.3,7.06,15.75,21.6,153.95,43.2,3.5637,Fail,529.7,1410.51,UB 533x210x82,UC 305x305x118,82.2,118.0,93.5,150.63,102578.76
4730,4,2,2,4.4,6.2,5.43,23.31,11.22,16.36,17.6,178.79,35.2,5.0792,Fail,653.33,2348.21,UB 610x229x101,UC 305x305x118,101.2,118.0,82.49,201.81,46938.14
4731,4,3,2,3.32,7.31,6.76,29.29,2.04,22.62,13.28,71.44,26.56,2.6897,Fail,414.95,2490.61,UB 533x210x82,UC 305x305x118,82.2,118.0,73.25,142.44,58217.74
4732,3,1,3,4.35,7.81,7.12,22.15,4.09,23.21,13.05,288.33,26.1,11.0473,Fail,1059.31,1447.44,UB 610x229x101,UC 305x305x118,101.2,118.0,133.75,213.76,34773.46
4733,4,1,3,3.94,6.78,4.57,14.73,6.25,12.69,15.76,172.5,31.52,5.4728,Fail,702.18,1154.4,UB 610x229x101,UC 305x305x118,101.2,118.0,88.66,138.86,36955.23
4734,5,2,1,4.42,6.22,7.96,26.04,13.22,18.38,22.1,300.06,44.2,6.7886,Fail,948.71,2829.91,UB 610x229x101,UC 305x305x118,101.2,118.0,119.79,274.86,40319.36
4735,4,2,1,3.35,7.7,7.24,18.51,12.24,4.69,13.4,22.75,26.8,0.8488,Pass,275.74,2002.38,UB 533x210x82,UC 305x305x118,82.2,118.0,69.27,88.66,26755.78
4736,4,2,3,4.31,5.06,4.69,27.61,9.8,20.6,17.24,190.82,34.48,5.5343,Fail,761.27,2069.58,UB 610x229x101,UC 305x305x118,101.2,118.0,96.12,217.72,57884.75
4737,3,1,3,3.54,4.23,5.93,25.78,12.43,10.81,10.62,48.26,21.24,2.2721,Fail,351.74,1451.96,UB 457x191x67,UC 305x305x118,67.1,118.0,88.21,94.92,20593.53
4738,2,2,2,4.31,5.87,6.1,8.49,8.38,10.5,8.62,32.11,17.24,1.8627,Fail,167.09,620.5,UB 305x165x40,UC 254x254x89,40.5,89.0,97.21,83.12,12722.04
4739,3,3,1,3.88,5.56,7.78,15.71,6.34,21.36,11.64,61.8,23.28,2.6547,Fail,321.82,889.87,UB 457x191x67,UC 305x305x118,67.1,118.0,80.71,92.34,23967.98
4740,4,1,2,3.91,5.38,4.4,20.16,6.53,15.33,15.64,179.13,31.28,5.7267,Fail,822.16,1393.72,UB 610x229x101,UC 305x305x118,101.2,118.0,103.81,163.72,24731.07
4741,5,1,2,3.94,4.57,4.21,21.75,2.27,1.58,19.7,26.34,39.4,0.6685,Pass,142.67,1134.1,UB 305x165x40,UC 254x254x73,40.5,73.1,83.01,96.84,14826.8
4742,2,3,2,4.24,6.32,4.57,28.67,8.24,5.79,8.48,12.4,16.96,0.7309,Pass,206.99,1180.12,UB 457x191x67,UC 254x254x89,67.1,89.0,74.28,91.13,21596.29
4743,4,3,3,3.26,7.12,6.49,7.44,2.05,17.42,13.04,50.8,26.08,1.9477,Fail,252.79,734.14,UB 406x178x54,UC 305x305x97,54.3,96.9,84.33,90.49,55690.32
4744,5,3,2,4.36,6.45,4.47,22.36,9.44,7.51,21.8,83.34,43.6,1.9114,Fail,327.26,2466.35,UB 457x191x67,UC 305x305x118,67.1,118.0,82.07,130.79,62342.05
4745,3,1,1,3.1,4.43,4.62,16.55,9.79,2.36,9.3,6.79,18.6,0.365,Pass,87.24,523.38,UB 305x165x40,UC 203x203x46,40.5,46.1,63.14,87.37,3914.07
4746,4,2,3,3.52,7.91,6.61,5.69,4.45,5.76,14.08,33.32,28.16,1.1833,Fail,165.3,858.15,UB 356x171x45,UC 254x254x89,45.0,89.0,97.21,81.37,37136.04
4747,1,2,3,4.43,7.94,6.72,21.16,5.3,5.42,4.43,5.8,8.86,0.6542,Pass,241.63,580.76,UB 533x210x82,UC 254x254x73,82.2,73.1,65.35,79.99,14078.8
4748,3,1,3,4.01,6.88,5.43,26.54,11.7,24.94,12.03,218.43,24.06,9.0785,Fail,997.99,1688.02,UB 610x229x101,UC 305x305x118,101.2,118.0,126.01,206.67,29602.68
4749,2,3,3,3.45,4.97,6.88,11.03,10.16,15.75,6.9,14.48,13.8,1.0495,Fail,134.82,739.63,UB 305x165x40,UC 254x254x73,40.5,73.1,78.44,83.39,19588.44
4750,3,1,3,3.37,7.27,6.92,26.86,8.17,3.42,10.11,17.23,20.22,0.8521,Pass,239.86,1590.07,UB 533x210x82,UC 305x305x97,82.2,96.9,66.41,98.14,25247.23
4751,1,2,3,3.31,4.3,4.63,6.16,12.94,8.81,3.31,2.64,6.62,0.3989,Pass,61.06,268.35,UB 254x146x31,UC 203x203x46,31.1,46.1,80.71,52.62,4196.87
4752,2,2,2,3.93,4.58,7.45,21.37,5.97,19.35,7.86,38.62,15.72,2.4569,Fail,238.22,976.44,UB 406x178x54,UC 305x305x118,54.3,118.0,79.47,81.64,16186.07
4753,5,1,3,3.7,5.58,6.23,16.53,11.2,14.73,18.5,216.67,37.0,5.8558,Fail,931.9,2199.2,UB 610x229x101,UC 305x305x118,101.2,118.0,117.66,198.9,47672.2
4754,2,3,3,4.32,6.11,7.33,26.52,3.03,4.29,8.64,9.68,17.28,0.5604,Pass,205.78,1123.62,UB 406x178x54,UC 254x254x89,54.3,89.0,84.48,82.52,29818.37
4755,5,2,2,3.25,5.95,5.03,24.71,6.99,15.41,16.25,85.2,32.5,2.6215,Fail,450.65,2459.35,UB 533x210x82,UC 305x305x118,82.2,118.0,79.55,153.65,44334.18
4756,1,2,1,3.66,6.82,7.43,9.13,6.9,15.51,3.66,7.79,7.32,1.0649,Fail,125.22,252.65,UB 356x171x45,UC 203x203x46,45.0,46.1,98.49,87.27,3243.01
4757,4,2,1,4.25,5.13,6.97,17.15,2.97,12.84,17.0,113.85,34.0,3.3486,Fail,456.42,960.5,UB 533x210x82,UC 305x305x118,82.2,118.0,80.57,122.47,25658.18
4758,2,1,2,3.03,4.31,7.58,16.5,3.33,1.73,6.06,2.22,12.12,0.1833,Pass,154.16,568.84,UB 305x165x40,UC 203x203x60,40.5,60.0,89.69,81.37,5684.85
4759,5,2,1,4.18,4.99,4.22,28.15,7.49,10.95,20.9,132.82,41.8,3.1774,Fail,519.62,1741.74,UB 533x210x82,UC 305x305x118,82.2,118.0,91.72,151.99,28204.02
4760,1,2,3,3.59,7.2,5.27,6.97,4.72,5.23,3.59,2.52,7.18,0.3511,Pass,91.46,222.35,UB 356x171x45,UC 203x203x46,45.0,46.1,84.52,59.29,6712.34
4761,1,3,1,3.05,4.46,5.29,12.55,7.14,21.08,3.05,3.43,6.1,0.5618,Pass,65.48,201.68,UB 254x146x31,UC 203x203x46,31.1,46.1,92.84,55.25,2615.15
4762,1,1,2,3.09,4.19,6.79,6.64,10.63,11.53,3.09,4.27,6.18,0.6906,Pass,121.32,256.06,UB 305x165x40,UC 203x203x46,40.5,46.1,70.59,67.16,2463.76
4763,5,1,1,4.36,5.8,5.66,5.69,8.5,5.83,21.8,153.18,43.6,3.5133,Fail,516.72,800.33,UB 533x210x82,UC 305x305x118,82.2,118.0,91.21,98.99,19709.72
4764,2,1,3,4.4,7.99,7.4,16.13,7.89,5.9,8.8,37.45,17.6,2.1276,Fail,248.17,812.31,UB 457x191x67,UC 254x254x89,67.1,89.0,97.67,89.26,16513.11
4765,5,2,3,3.99,4.33,7.54,5.14,10.59,23.6,19.95,229.08,39.9,5.7413,Fail,933.2,1625.83,UB 610x229x101,UC 305x305x118,101.2,118.0,117.83,240.6,80114.2
4766,5,1,2,3.23,7.31,7.92,20.41,4.05,21.63,16.15,236.49,32.3,7.3217,Fail,1034.56,2358.64,UB 610x229x101,UC 305x305x118,101.2,118.0,130.63,218.23,38560.86
4767,3,1,1,3.62,4.83,5.53,11.75,11.0,10.66,10.86,54.62,21.72,2.5149,Fail,347.95,620.05,UB 457x191x67,UC 305x305x97,67.1,96.9,87.26,88.09,8380.27
4768,4,1,1,4.37,5.25,4.34,28.75,5.24,13.56,17.48,229.99,34.96,6.5786,Fail,922.49,1250.32,UB 610x229x101,UC 305x305x118,101.2,118.0,116.48,174.44,16014.62
4769,1,2,2,3.13,7.32,6.84,5.77,12.22,23.92,3.13,7.08,6.26,1.1304,Fail,160.08,409.47,UB 406x178x54,UC 203x203x60,54.3,60.0,88.44,85.89,6303.53
4770,3,1,1,4.34,6.99,7.69,22.69,9.44,8.2,13.02,95.05,26.04,3.65,Fail,450.13,1075.8,UB 533x210x82,UC 305x305x118,82.2,118.0,79.46,98.45,13385.62
4771,4,1,1,3.72,6.4,4.76,27.22,13.21,19.92,14.88,215.63,29.76,7.2456,Fail,1005.63,1572.58,UB 610x229x101,UC 305x305x118,101.2,118.0,126.97,193.43,16058.5
4772,4,2,3,3.66,4.2,5.31,27.82,12.95,8.31,14.64,39.94,29.28,1.3641,Fail,253.07,2200.74,UB 406x178x54,UC 305x305x118,54.3,118.0,84.43,109.3,38408.15
4773,2,2,2,3.52,7.35,4.68,12.74,13.24,18.93,7.04,31.2,14.08,2.2159,Fail,255.03,951.33,UB 457x191x67,UC 305x305x97,67.1,96.9,82.24,84.49,15826.14
4774,4,3,2,3.99,6.77,5.66,7.74,11.48,12.3,15.96,70.08,31.92,2.1954,Fail,302.53,1433.76,UB 457x191x67,UC 305x305x118,67.1,118.0,75.87,99.56,51106.12
4775,3,1,3,3.78,5.99,6.0,24.83,5.9,13.95,11.34,92.53,22.68,4.0798,Fail,513.77,1304.81,UB 533x210x82,UC 305x305x118,82.2,118.0,90.69,117.01,25491.1
4776,1,2,1,3.55,6.23,7.79,19.19,10.73,21.57,3.55,9.41,7.1,1.3248,Fail,189.4,449.78,UB 406x178x54,UC 254x254x73,54.3,73.1,90.68,71.29,4179.18
4777,3,2,1,3.83,5.61,6.95,14.54,14.45,22.19,11.49,87.2,22.98,3.7948,Fail,453.33,1151.59,UB 533x210x82,UC 305x305x118,82.2,118.0,80.02,127.92,18810.23
4778,3,2,3,3.43,7.61,7.62,11.97,3.79,24.32,10.29,76.11,20.58,3.6984,Fail,387.4,1031.36,UB 457x191x67,UC 305x305x118,67.1,118.0,97.15,112.19,40630.94
4779,3,1,3,3.61,7.16,4.08,18.47,11.1,21.2,10.83,132.81,21.66,6.1314,Fail,699.01,1128.46,UB 610x229x101,UC 305x305x118,101.2,118.0,88.26,141.43,26350.75
4780,1,2,1,3.34,6.68,6.63,29.49,13.47,10.27,3.34,3.76,6.68,0.5631,Pass,277.18,638.14,UB 533x210x82,UC 254x254x73,82.2,73.1,63.18,86.86,5296.27
4781,3,3,2,3.06,4.57,4.25,23.14,10.65,2.91,9.18,3.41,18.36,0.1856,Pass,97.79,1300.01,UB 305x165x40,UC 254x254x73,40.5,73.1,88.93,84.52,17180.99
4782,2,1,2,4.46,6.64,4.31,21.33,2.57,13.37,8.92,81.11,17.84,4.5466,Fail,389.45,600.47,UB 457x191x67,UC 305x305x118,67.1,118.0,97.67,83.45,11302.23
4783,3,1,2,3.54,5.89,6.69,10.64,11.73,19.67,10.62,103.19,21.24,4.8583,Fail,591.04,1140.31,UB 610x229x101,UC 305x305x118,101.2,118.0,74.63,126.73,21007.91
4784,4,2,3,3.16,4.19,5.01,26.64,12.18,8.06,12.64,23.06,25.28,0.9121,Pass,192.46,2023.9,UB 356x171x45,UC 305x305x118,45.0,118.0,90.3,89.08,32048.04
4785,1,2,2,3.02,6.75,7.48,13.7,14.5,17.76,3.02,4.51,6.04,0.7469,Pass,235.48,635.03,UB 457x191x67,UC 254x254x73,67.1,73.1,69.14,73.57,7715.86
4786,5,1,1,4.35,7.65,6.21,9.48,5.69,9.19,21.75,278.93,43.5,6.4122,Fail,804.79,994.92,UB 610x229x101,UC 305x305x118,101.2,118.0,101.62,147.74,24292.32
4787,4,2,1,3.79,5.71,5.93,24.98,7.64,12.2,15.16,76.12,30.32,2.5104,Fail,382.07,1592.85,UB 457x191x67,UC 305x305x118,67.1,118.0,95.82,117.81,21638.37
4788,1,3,3,3.24,7.31,6.21,10.81,9.62,2.93,3.24,0.79,6.48,0.1221,Pass,148.15,411.66,UB 457x191x67,UC 203x203x46,67.1,46.1,63.62,99.33,13276.13
4789,2,1,3,3.89,4.6,5.45,16.31,4.3,9.09,7.78,28.94,15.56,1.8599,Fail,196.84,508.59,UB 356x171x45,UC 254x254x73,45.0,73.1,92.36,91.73,9148.74
4790,4,3,1,3.29,7.81,5.86,29.32,12.21,1.36,13.16,4.78,26.32,0.1818,Pass,320.07,2513.69,UB 533x210x82,UC 305x305x118,82.2,118.0,97.62,113.63,35537.68
4791,5,3,3,3.15,6.75,4.18,19.83,12.51,20.2,15.75,75.05,31.5,2.3825,Fail,421.12,2521.32,UB 533x210x82,UC 305x305x118,82.2,118.0,74.34,144.2,83642.76
4792,4,3,2,3.89,7.39,7.96,18.49,3.18,16.78,15.56,91.69,31.12,2.9463,Fail,388.92,1907.45,UB 457x191x67,UC 305x305x118,67.1,118.0,97.53,130.09,56975.96
4793,2,2,2,4.2,4.24,4.86,7.4,2.19,13.98,8.4,34.6,16.8,2.0598,Fail,179.79,258.36,UB 356x171x45,UC 254x254x73,45.0,73.1,84.36,98.82,10440.36
4794,1,1,2,3.74,6.63,7.17,26.25,13.37,4.21,3.74,3.73,7.48,0.4985,Pass,305.24,643.02,UB 457x191x67,UC 254x254x73,67.1,73.1,92.05,92.93,4899.41
4795,1,3,3,3.6,4.96,4.25,27.54,14.05,15.48,3.6,4.79,7.2,0.6653,Pass,150.19,567.23,UB 356x171x45,UC 203x203x60,45.0,60.0,98.3,88.28,8429.4
4796,5,1,2,3.18,5.75,5.52,6.92,11.17,3.79,15.9,33.97,31.8,1.0684,Fail,207.8,1199.24,UB 356x171x45,UC 254x254x89,45.0,89.0,97.5,91.72,17339.85
4797,5,2,2,3.81,5.59,7.49,9.82,13.13,1.36,19.05,12.63,38.1,0.3315,Pass,175.52,2228.91,UB 356x171x45,UC 305x305x118,45.0,118.0,82.35,84.38,37889.1
4798,3,1,2,3.77,4.75,4.58,6.52,3.93,8.16,11.31,47.79,22.62,2.1127,Fail,275.44,420.56,UB 406x178x54,UC 254x254x89,54.3,89.0,91.89,86.97,11345.19
4799,3,2,1,4.21,7.98,7.65,14.68,5.49,15.31,12.63,99.7,25.26,3.947,Fail,402.16,1021.39,UB 533x210x82,UC 305x305x118,82.2,118.0,70.99,110.11,22472.98
4800,5,2,1,4.23,7.62,7.45,17.45,3.26,21.0,21.15,327.87,42.3,7.751,Fail,941.64,1638.85,UB 610x229x101,UC 305x305x118,101.2,118.0,118.89,244.87,41706.18
4801,2,3,2,4.34,7.02,7.93,20.99,7.68,8.07,8.68,19.5,17.36,1.1235,Fail,252.51,1265.24,UB 457x191x67,UC 254x254x89,67.1,89.0,79.07,96.31,26262.64
4802,3,3,2,4.49,7.87,4.96,22.79,12.52,14.09,13.47,80.34,26.94,2.9822,Fail,408.09,1997.96,UB 533x210x82,UC 305x305x118,82.2,118.0,84.93,123.53,46325.29
4803,1,1,2,3.65,4.9,7.25,25.91,11.29,0.03,3.65,0.04,7.3,0.0052,Pass,291.08,556.92,UB 406x178x54,UC 203x203x60,54.3,60.0,97.11,94.61,3686.91
4804,5,3,3,4.28,6.51,7.55,14.6,9.35,21.23,21.4,221.58,42.8,5.177,Fail,712.22,2440.46,UB 610x229x101,UC 305x305x118,101.2,118.0,89.93,218.06,125775.52
4805,2,2,2,3.94,4.02,5.13,27.09,14.71,15.89,7.88,30.63,15.76,1.9434,Fail,213.62,1157.27,UB 406x178x54,UC 305x305x97,54.3,96.9,71.27,95.83,12834.29
4806,3,3,3,4.23,4.23,5.88,8.16,10.51,14.42,12.69,51.01,25.38,2.01,Fail,256.61,845.49,UB 406x178x54,UC 305x305x97,54.3,96.9,85.61,96.65,39437.6
4807,2,2,2,3.39,4.45,4.75,22.14,11.98,8.02,6.78,9.32,13.56,0.6871,Pass,114.26,946.54,UB 305x165x40,UC 254x254x73,40.5,73.1,82.91,78.86,8931.76
4808,1,1,3,3.82,7.8,7.66,13.21,8.27,22.57,3.82,22.86,7.64,2.9926,Fail,214.56,382.21,UB 457x191x67,UC 254x254x73,67.1,73.1,81.26,98.89,7411.37
4809,5,1,3,3.42,5.94,4.1,9.0,4.14,8.14,17.1,94.89,34.2,2.7746,Fail,439.54,832.66,UB 533x210x82,UC 305x305x118,82.2,118.0,77.59,87.41,36018.36
4810,1,2,1,3.52,4.89,4.05,22.34,14.51,9.02,3.52,3.54,7.04,0.5022,Pass,136.83,386.88,UB 356x171x45,UC 203x203x46,45.0,46.1,83.46,87.47,2400.58
4811,3,2,1,3.18,5.32,5.01,7.02,12.41,13.82,9.54,27.6,19.08,1.4467,Fail,203.34,674.59,UB 356x171x45,UC 254x254x89,45.0,89.0,95.41,90.75,9996.21
4812,4,3,2,3.02,5.45,4.83,26.64,11.7,3.01,12.08,5.99,24.16,0.248,Pass,156.16,2265.23,UB 406x178x54,UC 305x305x118,54.3,118.0,77.79,82.04,36151.55
4813,5,3,2,3.13,4.1,6.99,25.54,3.32,0.55,15.65,1.61,31.3,0.0514,Pass,180.8,2244.95,UB 356x171x45,UC 305x305x118,45.0,118.0,84.83,82.01,43044.9
4814,1,2,2,3.95,4.17,5.1,29.44,2.88,10.7,3.95,6.13,7.9,0.7759,Pass,125.69,465.3,UB 305x165x40,UC 203x203x46,40.5,46.1,73.13,94.32,3891.47
4815,5,1,1,4.2,4.62,5.63,20.62,12.2,9.57,21.0,199.99,42.0,4.7617,Fail,793.9,1593.34,UB 610x229x101,UC 305x305x118,101.2,118.0,100.24,161.55,20285.0
4816,5,3,2,3.67,6.04,7.35,10.08,9.38,3.77,18.35,22.29,36.7,0.6074,Pass,141.53,1915.67,UB 356x171x45,UC 305x305x97,45.0,96.9,83.06,92.31,46798.38
4817,3,1,1,3.9,5.5,4.2,15.32,7.35,1.13,11.7,8.01,23.4,0.3424,Pass,90.52,473.99,UB 356x171x45,UC 203x203x46,45.0,46.1,73.06,94.42,4776.48
4818,1,1,2,4.24,7.39,4.81,10.13,12.99,15.39,4.24,22.09,8.48,2.6055,Fail,189.02,325.83,UB 457x191x67,UC 254x254x73,67.1,73.1,74.38,87.7,4638.27
4819,2,3,2,3.8,7.26,6.27,27.34,7.06,7.18,7.6,11.14,15.2,0.7327,Pass,246.65,1358.74,UB 533x210x82,UC 305x305x97,82.2,96.9,64.95,86.15,27825.48
4820,2,2,2,3.31,5.71,6.71,9.87,10.55,22.53,6.62,26.54,13.24,2.0043,Fail,202.59,772.79,UB 356x171x45,UC 254x254x89,45.0,89.0,95.06,99.92,12009.42
4821,3,3,3,4.46,5.12,7.81,18.8,3.53,0.79,13.38,3.68,26.76,0.1375,Pass,176.0,1225.64,UB 356x171x45,UC 254x254x89,45.0,89.0,82.58,84.48,39999.72
4822,5,3,2,4.49,7.66,5.53,10.82,10.49,24.47,22.45,327.92,44.9,7.3034,Fail,888.72,2080.12,UB 610x229x101,UC 305x305x118,101.2,118.0,112.21,246.5,89058.28
4823,5,2,3,3.83,5.92,5.64,10.71,14.68,18.99,19.15,184.01,38.3,4.8043,Fail,711.17,2142.54,UB 610x229x101,UC 305x305x118,101.2,118.0,89.79,207.4,76765.12
4824,2,1,1,3.42,7.24,4.84,25.32,10.99,13.13,6.84,33.1,13.68,2.4199,Fail,319.69,650.24,UB 533x210x82,UC 254x254x89,82.2,89.0,67.99,94.13,6406.94
4825,2,1,3,3.85,4.02,4.58,5.68,11.44,16.47,7.7,47.96,15.4,3.1146,Fail,317.23,446.76,UB 457x191x67,UC 305x305x97,67.1,96.9,79.56,85.58,11814.79
4826,4,1,2,3.01,7.11,4.98,25.88,13.92,23.22,12.04,131.81,24.08,5.4738,Fail,804.87,2174.85,UB 610x229x101,UC 305x305x118,101.2,118.0,101.62,176.43,25222.32
4827,4,3,2,3.7,7.25,6.61,14.72,11.6,11.6,14.8,52.89,29.6,1.787,Fail,296.51,2149.6,UB 457x191x67,UC 305x305x118,67.1,118.0,79.96,109.26,52662.89
4828,4,3,3,3.91,7.81,4.81,17.59,6.64,24.27,15.64,139.06,31.28,4.4457,Fail,548.49,1746.47,UB 533x210x82,UC 305x305x118,82.2,118.0,96.82,158.65,79321.79
4829,4,1,3,3.09,6.22,6.1,29.03,4.62,22.07,12.36,125.68,24.72,5.0841,Fail,761.11,1972.63,UB 610x229x101,UC 305x305x118,101.2,118.0,96.1,167.49,36554.94
4830,1,3,2,3.04,6.43,7.97,18.55,5.83,12.5,3.04,2.34,6.08,0.3843,Pass,223.34,529.09,UB 406x178x54,UC 203x203x60,54.3,60.0,81.23,83.24,8793.31
4831,4,2,1,3.79,7.69,4.55,5.08,8.59,15.63,15.16,114.24,30.32,3.7677,Fail,438.74,805.27,UB 533x210x82,UC 305x305x118,82.2,118.0,77.45,114.3,25335.29
4832,4,1,2,3.69,7.74,6.74,17.64,10.45,21.98,14.76,259.68,29.52,8.7966,Fail,1065.85,2020.96,UB 610x229x101,UC 305x305x118,101.2,118.0,134.58,218.78,30762.94
4833,5,3,2,3.02,5.51,7.54,14.97,12.31,17.02,15.1,48.84,30.2,1.6173,Fail,309.15,2605.46,UB 457x191x67,UC 305x305x118,67.1,118.0,77.53,128.93,58256.4
4834,5,1,1,3.73,4.19,6.91,9.09,4.23,16.8,18.65,223.95,37.3,6.004,Fail,1047.23,1421.46,UB 610x229x101,UC 305x305x118,101.2,118.0,132.23,193.35,20036.0
4835,4,2,3,4.39,5.69,7.1,21.94,9.76,3.92,17.56,40.87,35.12,1.1637,Fail,208.38,2330.68,UB 406x178x54,UC 305x305x118,54.3,118.0,73.19,104.89,48630.98
4836,3,1,3,3.92,7.14,7.97,16.07,4.82,1.03,11.76,8.57,23.52,0.3646,Pass,172.45,1033.1,UB 406x178x54,UC 254x254x73,54.3,73.1,95.3,92.81,19319.55
4837,1,3,1,3.4,6.9,6.47,27.85,6.49,18.14,3.4,5.14,6.8,0.756,Pass,227.34,493.14,UB 457x191x67,UC 254x254x73,67.1,73.1,89.93,75.18,6502.81
4838,3,3,2,3.83,4.18,7.28,28.64,13.67,13.35,11.49,32.88,22.98,1.4307,Fail,311.38,2149.6,UB 457x191x67,UC 305x305x118,67.1,118.0,78.09,104.4,35566.46
4839,2,2,2,4.35,5.27,5.51,22.3,13.91,15.86,8.7,48.14,17.4,2.7669,Fail,266.99,1188.2,UB 406x178x54,UC 305x305x118,54.3,118.0,89.07,90.13,16263.65
4840,4,1,1,3.15,4.28,7.98,22.19,7.49,10.56,12.6,52.54,25.2,2.0849,Fail,382.47,1186.28,UB 457x191x67,UC 305x305x118,67.1,118.0,95.92,88.59,12528.37
4841,4,2,1,3.48,6.56,7.54,16.91,10.89,5.56,13.92,27.85,27.84,1.0004,Fail,211.13,1647.39,UB 406x178x54,UC 305x305x97,54.3,96.9,98.36,91.86,18705.48
4842,1,3,2,4.09,4.03,6.81,16.13,4.25,24.39,4.09,11.45,8.18,1.3995,Fail,141.3,338.17,UB 305x165x40,UC 203x203x60,40.5,60.0,82.21,82.14,6620.17
4843,3,3,1,3.66,4.51,6.94,26.86,8.86,0.58,10.98,1.31,21.96,0.0599,Pass,177.54,1197.82,UB 356x171x45,UC 254x254x89,45.0,89.0,83.3,91.18,15218.46
4844,1,2,2,3.73,7.8,4.39,20.79,7.71,17.86,3.73,10.15,7.46,1.3612,Fail,262.91,539.71,UB 533x210x82,UC 254x254x73,82.2,73.1,66.73,86.07,8466.07
4845,3,1,1,4.26,6.67,5.55,8.44,8.25,15.06,12.78,159.57,25.56,6.243,Fail,650.11,601.63,UB 610x229x101,UC 305x305x118,101.2,118.0,82.08,121.94,13452.14
4846,3,1,1,4.25,5.99,6.18,16.24,11.39,0.98,12.75,9.77,25.5,0.3833,Pass,122.31,724.08,UB 406x178x54,UC 254x254x73,54.3,73.1,74.43,74.68,7693.09
4847,5,2,2,3.65,4.13,5.24,5.35,13.84,13.02,18.25,90.53,36.5,2.4804,Fail,442.76,1320.96,UB 533x210x82,UC 305x305x118,82.2,118.0,78.16,127.25,42487.92
4848,4,2,1,4.15,5.33,5.8,15.16,7.02,2.92,16.6,24.25,33.2,0.7304,Pass,133.53,1035.09,UB 305x165x40,UC 254x254x73,40.5,73.1,92.61,97.2,13553.4
4849,5,3,2,3.77,5.27,5.71,20.78,6.11,8.59,18.85,52.03,37.7,1.38,Fail,255.6,2102.34,UB 406x178x54,UC 305x305x118,54.3,118.0,85.27,107.12,51970.96
4850,3,1,2,3.5,7.15,5.61,9.36,4.32,15.18,10.5,85.54,21.0,4.0731,Fail,444.84,656.17,UB 533x210x82,UC 305x305x118,82.2,118.0,78.52,90.2,18257.27
4851,4,1,1,4.47,5.68,6.46,6.09,10.66,2.47,17.88,47.04,35.76,1.3155,Fail,201.65,650.42,UB 356x171x45,UC 254x254x73,45.0,73.1,94.62,92.27,9598.51
4852,3,1,1,3.78,5.75,7.7,10.83,7.29,13.44,11.34,87.23,22.68,3.8462,Fail,463.55,650.84,UB 533x210x82,UC 305x305x118,82.2,118.0,81.83,92.19,11986.02
4853,2,1,3,3.2,4.81,6.15,23.77,8.82,3.45,6.4,5.64,12.8,0.4403,Pass,161.87,810.08,UB 305x165x40,UC 254x254x73,40.5,73.1,100.0,70.02,8290.06
4854,3,3,2,3.63,6.0,5.69,19.07,13.61,24.57,10.89,58.25,21.78,2.6743,Fail,352.22,1702.69,UB 457x191x67,UC 305x305x118,67.1,118.0,88.33,116.43,35453.62
4855,1,1,2,3.6,5.99,6.57,6.3,13.88,5.02,3.6,3.69,7.2,0.5131,Pass,135.88,313.56,UB 356x171x45,UC 203x203x46,45.0,46.1,84.01,86.75,2987.01
4856,1,3,2,4.25,6.32,5.64,17.03,10.15,0.1,4.25,0.11,8.5,0.0133,Pass,145.99,504.02,UB 406x178x54,UC 203x203x60,54.3,60.0,85.99,81.18,8598.6
4857,4,1,1,4.09,4.59,5.71,26.54,13.12,15.92,16.36,202.12,32.72,6.1774,Fail,944.77,1561.23,UB 610x229x101,UC 305x305x118,101.2,118.0,119.29,186.02,16060.8
4858,1,3,2,3.11,6.42,4.15,27.68,3.09,1.17,3.11,0.33,6.22,0.0525,Pass,164.27,483.04,UB 457x191x67,UC 203x203x60,67.1,60.0,64.91,82.32,8343.96
4859,1,2,2,3.53,6.66,7.49,12.72,14.26,23.39,3.53,10.24,7.06,1.4498,Fail,229.48,608.62,UB 406x178x54,UC 254x254x73,54.3,73.1,99.89,78.24,6932.46
4860,2,1,1,3.14,7.54,7.48,26.36,3.69,18.38,6.28,35.33,12.56,2.813,Fail,331.97,660.9,UB 533x210x82,UC 305x305x97,82.2,96.9,63.56,81.61,7372.7
4861,4,3,2,4.29,6.6,4.63,25.56,13.85,7.87,17.16,57.13,34.32,1.6645,Fail,313.68,2566.14,UB 457x191x67,UC 305x305x118,67.1,118.0,90.32,122.78,50183.06
4862,2,2,3,4.01,6.28,7.74,16.44,14.1,4.94,8.02,12.07,16.04,0.7527,Pass,245.96,1272.6,UB 406x178x54,UC 254x254x89,54.3,89.0,94.8,94.19,21586.5
4863,4,1,1,3.16,7.97,5.49,24.35,7.2,22.17,12.64,159.42,25.28,6.3063,Fail,832.63,1375.66,UB 610x229x101,UC 305x305x118,101.2,118.0,105.13,160.24,16863.3
4864,1,3,2,3.09,6.13,6.67,23.78,2.85,2.95,3.09,0.63,6.18,0.1015,Pass,171.22,508.26,UB 406x178x54,UC 203x203x46,54.3,46.1,76.88,96.9,7602.57
4865,4,1,1,4.0,5.01,6.56,13.94,14.36,10.18,16.0,124.34,32.0,3.8856,Fail,588.2,1167.99,UB 610x229x101,UC 305x305x118,101.2,118.0,74.27,121.03,16919.07
4866,2,1,2,4.49,7.63,5.03,12.75,9.48,7.67,8.98,50.98,17.96,2.8388,Fail,277.19,626.33,UB 457x191x67,UC 254x254x89,67.1,89.0,78.72,93.87,10567.26
4867,4,2,1,4.38,6.69,7.66,6.52,6.16,4.81,17.52,53.73,35.04,1.5333,Fail,201.39,774.67,UB 356x171x45,UC 254x254x89,45.0,89.0,94.49,95.34,18308.88
4868,4,2,3,4.27,4.32,7.98,5.37,8.61,17.53,17.08,147.37,34.16,4.3141,Fail,611.14,1105.21,UB 610x229x101,UC 305x305x118,101.2,118.0,77.16,161.26,67247.9
4869,3,1,3,4.26,7.61,6.2,23.03,6.46,14.99,12.78,170.88,25.56,6.6856,Fail,709.51,1396.73,UB 610x229x101,UC 305x305x118,101.2,118.0,89.58,151.69,32599.82
4870,5,2,2,3.85,6.96,4.24,23.09,10.75,22.04,19.25,237.12,38.5,6.1591,Fail,860.99,2696.44,UB 610x229x101,UC 305x305x118,101.2,118.0,108.71,249.47,54446.7
4871,2,3,3,4.18,7.67,7.05,6.24,13.21,9.98,8.36,21.87,16.72,1.3077,Fail,188.9,859.84,UB 457x191x67,UC 254x254x73,67.1,73.1,69.96,91.71,33482.94
4872,3,3,1,3.03,6.64,6.51,29.91,9.84,12.38,9.09,16.71,18.18,0.919,Pass,263.22,1658.33,UB 457x191x67,UC 305x305x97,67.1,96.9,92.77,92.74,20308.21
4873,3,2,3,4.16,4.91,7.1,29.38,9.71,7.73,12.48,38.46,24.96,1.5408,Fail,256.26,2024.71,UB 406x178x54,UC 305x305x118,54.3,118.0,85.49,101.4,34479.7
4874,4,3,2,4.42,7.66,6.77,23.29,13.42,1.34,17.68,11.88,35.36,0.3359,Pass,285.67,3100.88,UB 533x210x82,UC 305x305x118,82.2,118.0,81.41,134.21,65510.16
4875,4,2,1,3.39,6.55,5.57,11.85,10.06,3.76,13.56,17.22,27.12,0.6351,Pass,157.73,1183.61,UB 406x178x54,UC 254x254x73,54.3,73.1,77.17,93.59,15267.47
4876,5,1,3,4.16,4.41,7.18,15.25,10.16,19.81,20.8,393.59,41.6,9.4613,Fail,1551.53,2698.1,UB 610x229x101,UC 305x305x118,101.2,118.0,195.9,306.47,50359.52
4877,1,1,1,3.89,5.77,5.17,29.61,9.98,4.13,3.89,3.97,7.78,0.5106,Pass,122.72,305.41,UB 406x178x54,UC 203x203x60,54.3,60.0,95.32,89.98,2121.68
4878,5,1,1,3.57,5.04,4.48,17.57,7.51,12.65,17.85,156.56,35.7,4.3854,Fail,744.51,1205.63,UB 610x229x101,UC 305x305x118,101.2,118.0,94.0,141.81,18059.44
4879,5,2,1,4.45,7.47,4.72,17.89,2.93,8.56,22.25,157.33,44.5,3.5356,Fail,469.91,1429.21,UB 533x210x82,UC 305x305x118,82.2,118.0,82.95,133.27,33853.44
4880,3,2,3,3.86,4.35,7.07,25.73,11.66,5.71,11.58,20.72,23.16,0.8946,Pass,244.43,1847.66,UB 406x178x54,UC 305x305x97,54.3,96.9,81.54,98.21,29499.47
4881,3,2,2,4.44,6.6,7.98,10.57,4.66,6.63,13.32,47.3,26.64,1.7756,Fail,200.85,988.72,UB 356x171x45,UC 305x305x97,45.0,96.9,94.24,85.27,23426.17
4882,1,3,2,4.04,6.06,4.08,26.33,4.81,23.5,4.04,11.72,8.08,1.4509,Fail,175.61,475.0,UB 406x178x54,UC 254x254x73,54.3,73.1,86.86,69.95,8277.76
4883,2,3,2,3.92,5.17,5.29,16.24,11.74,16.4,7.84,24.25,15.68,1.5468,Fail,169.57,882.79,UB 356x171x45,UC 254x254x89,45.0,89.0,79.56,88.88,16369.62
4884,3,2,3,3.03,5.89,7.99,23.21,3.61,13.08,9.09,23.3,18.18,1.2819,Fail,219.13,1578.45,UB 406x178x54,UC 305x305x97,54.3,96.9,73.1,96.28,29959.84
4885,1,3,1,4.19,4.73,5.23,8.8,14.64,12.77,4.19,6.81,8.38,0.8132,Pass,87.37,256.19,UB 305x165x40,UC 203x203x46,40.5,46.1,68.4,73.53,3541.92
4886,3,2,2,4.15,7.9,6.02,10.44,8.04,24.29,12.45,149.63,24.9,6.0093,Fail,563.9,1155.11,UB 533x210x82,UC 305x305x118,82.2,118.0,99.54,156.32,33817.93
4887,1,2,1,3.55,4.11,4.1,14.28,10.39,0.5,3.55,0.2,7.1,0.0283,Pass,60.99,232.4,UB 254x146x31,UC 152x152x30,31.1,30.0,91.03,80.64,1532.81
4888,4,1,2,4.0,4.74,5.62,28.29,11.28,21.84,16.0,260.15,32.0,8.1296,Fail,1220.52,2369.32,UB 610x229x101,UC 305x305x118,101.2,118.0,154.11,252.35,26184.16
4889,2,1,2,3.5,4.61,7.83,17.4,8.83,6.38,7.0,13.98,14.0,0.9983,Pass,223.44,821.56,UB 406x178x54,UC 254x254x73,54.3,73.1,74.54,82.77,7973.49
4890,4,1,2,3.77,7.99,6.97,21.02,7.73,23.12,15.08,299.42,30.16,9.9276,Fail,1167.52,2119.86,UB 610x229x101,UC 305x305x118,101.2,118.0,147.41,237.7,31665.52
4891,4,2,3,3.49,6.8,6.61,20.51,10.08,20.9,13.96,107.53,27.92,3.8515,Fail,534.0,2360.61,UB 533x210x82,UC 305x305x118,82.2,118.0,94.26,170.83,57214.39
4892,2,2,3,4.21,7.24,5.2,11.93,3.4,16.97,8.42,52.08,16.84,3.0926,Fail,245.08,553.05,UB 406x178x54,UC 305x305x97,54.3,96.9,81.76,86.06,21163.37
4893,5,3,3,3.34,6.03,5.45,29.33,13.57,3.84,16.7,16.55,33.4,0.4955,Pass,226.44,3489.26,UB 457x191x67,UC 305x305x118,67.1,118.0,74.98,126.87,77748.08
4894,2,2,1,4.11,4.07,5.68,27.95,3.36,15.08,8.22,34.05,16.44,2.0709,Fail,208.65,608.02,UB 356x171x45,UC 254x254x89,45.0,89.0,97.9,97.72,7388.28
4895,5,2,1,3.72,5.14,7.41,18.58,11.63,12.35,18.6,100.93,37.2,2.7131,Fail,459.01,1879.89,UB 533x210x82,UC 305x305x118,82.2,118.0,81.03,143.39,30755.49
4896,1,2,3,3.5,4.9,7.84,6.77,10.42,14.35,3.5,5.48,7.0,0.7832,Pass,147.6,337.83,UB 305x165x40,UC 203x203x46,40.5,46.1,85.88,76.24,6381.48
4897,2,1,3,3.32,5.2,5.98,27.42,13.44,15.41,6.64,29.58,13.28,2.2272,Fail,281.02,1066.96,UB 406x178x54,UC 305x305x97,54.3,96.9,93.75,89.89,11302.78
4898,4,3,1,4.29,5.52,6.52,8.56,12.43,20.04,17.16,133.49,34.32,3.8895,Fail,516.42,1088.31,UB 533x210x82,UC 305x305x118,82.2,118.0,91.16,138.33,35664.0
4899,1,1,2,3.79,5.23,6.44,19.08,13.54,20.54,3.79,17.25,7.58,2.2758,Fail,206.27,487.1,UB 356x171x45,UC 254x254x73,45.0,73.1,96.78,88.24,3527.54
4900,4,1,1,3.53,6.55,7.77,10.68,13.67,1.34,14.12,12.37,28.24,0.4379,Pass,157.61,1018.55,UB 406x178x54,UC 254x254x73,54.3,73.1,85.76,98.12,10349.3
4901,4,1,1,3.92,4.01,7.6,27.18,12.85,9.58,15.68,99.46,31.36,3.1716,Fail,537.93,1563.89,UB 533x210x82,UC 305x305x118,82.2,118.0,94.96,124.45,15035.7
4902,5,1,1,4.1,5.87,6.3,25.7,4.18,21.77,20.5,466.29,41.0,11.3729,Fail,1656.56,2084.39,UB 610x229x101,UC 305x305x118,101.2,118.0,209.16,304.3,21992.04
4903,4,2,3,4.26,5.54,4.75,14.88,8.7,15.28,17.04,141.38,34.08,4.1486,Fail,547.65,1397.14,UB 533x210x82,UC 305x305x118,82.2,118.0,96.67,154.56,52757.26
4904,3,1,1,3.12,7.53,4.65,11.5,12.31,13.48,9.36,53.27,18.72,2.8458,Fail,374.86,691.57,UB 457x191x67,UC 305x305x97,67.1,96.9,94.01,91.52,8531.6
4905,2,3,1,3.67,5.78,4.77,7.43,13.19,7.49,7.34,9.17,14.68,0.6249,Pass,112.55,496.89,UB 356x171x45,UC 203x203x46,45.0,46.1,77.13,98.25,7545.39
4906,5,2,1,3.89,6.26,6.64,12.89,10.82,24.28,19.45,255.49,38.9,6.5678,Fail,916.28,1625.25,UB 610x229x101,UC 305x305x118,101.2,118.0,115.69,237.85,36520.36
4907,4,1,3,3.39,4.81,5.11,29.15,14.32,17.91,13.56,121.24,27.12,4.4705,Fail,744.62,2169.18,UB 610x229x101,UC 305x305x118,101.2,118.0,94.02,170.66,33000.16
4908,2,2,2,4.41,4.3,5.42,26.34,4.97,15.9,8.82,47.28,17.64,2.6804,Fail,250.08,903.86,UB 406x178x54,UC 305x305x118,54.3,118.0,83.43,82.55,15700.39
4909,5,2,1,3.97,4.24,6.7,27.39,4.03,2.22,19.85,21.03,39.7,0.5298,Pass,139.72,1608.75,UB 305x165x40,UC 305x305x97,40.5,96.9,81.29,84.82,19045.44
4910,1,1,1,3.13,6.13,5.81,29.93,8.2,14.48,3.13,6.53,6.26,1.0439,Fail,156.83,325.07,UB 457x191x67,UC 254x254x73,67.1,73.1,70.02,73.15,2517.56
4911,3,2,3,3.56,5.72,7.65,20.48,12.48,18.2,10.68,55.88,21.36,2.616,Fail,347.28,1923.57,UB 457x191x67,UC 305x305x118,67.1,118.0,87.09,122.52,38193.87
4912,4,1,1,4.08,4.22,5.08,11.8,2.02,2.03,16.32,24.72,32.64,0.7574,Pass,130.01,410.31,UB 305x165x40,UC 203x203x60,40.5,60.0,75.64,86.77,6930.0
4913,2,2,3,3.56,5.81,6.78,16.54,7.45,16.06,7.12,24.71,14.24,1.7349,Fail,185.78,881.24,UB 356x171x45,UC 254x254x89,45.0,89.0,91.13,93.44,17279.16
4914,4,2,3,3.69,4.77,4.56,21.07,8.24,7.52,14.76,39.27,29.52,1.3302,Fail,230.02,1551.04,UB 406x178x54,UC 305x305x118,54.3,118.0,76.74,86.81,38102.4
4915,1,2,1,3.65,5.3,4.08,23.81,11.45,6.03,3.65,2.78,7.3,0.3806,Pass,148.48,390.89,UB 406x178x54,UC 203x203x46,54.3,46.1,65.79,90.75,2825.38
4916,1,3,2,4.34,5.7,6.81,7.93,11.14,15.91,4.34,10.14,8.68,1.1685,Fail,138.28,378.9,UB 305x165x40,UC 203x203x60,40.5,60.0,97.38,76.98,7408.89
4917,4,1,2,4.43,5.34,7.4,27.43,4.86,20.88,17.72,374.21,35.44,10.559,Fail,1419.95,2428.31,UB 610x229x101,UC 305x305x118,101.2,118.0,179.29,288.38,31012.74
4918,1,2,1,4.16,7.49,4.66,19.91,14.36,17.73,4.16,14.68,8.32,1.7644,Fail,301.91,510.57,UB 533x210x82,UC 254x254x73,82.2,73.1,71.05,92.5,5436.44
4919,1,3,2,3.22,4.81,7.74,25.08,6.91,8.79,3.22,1.81,6.44,0.2809,Pass,277.89,609.63,UB 406x178x54,UC 203x203x60,54.3,60.0,92.71,98.75,8031.3
4920,1,2,1,4.29,4.2,5.59,14.93,2.71,10.84,4.29,8.47,8.58,0.987,Pass,63.45,178.53,UB 254x146x31,UC 203x203x46,31.1,46.1,69.46,69.77,2230.64
4921,4,1,2,3.86,5.08,4.48,21.42,9.46,21.37,15.44,232.26,30.88,7.5213,Fail,1102.82,1698.96,UB 610x229x101,UC 305x305x118,101.2,118.0,139.25,215.01,24354.69
4922,4,2,3,3.65,4.81,6.38,29.47,7.36,0.81,14.6,4.14,29.2,0.1419,Pass,189.19,2326.44,UB 356x171x45,UC 305x305x118,45.0,118.0,88.77,87.64,37935.6
4923,5,2,3,3.07,5.84,6.46,25.68,13.22,3.74,15.35,16.97,30.7,0.5527,Pass,205.77,3407.14,UB 406x178x54,UC 305x305x118,54.3,118.0,97.11,118.72,50205.09
4924,5,1,1,3.77,7.0,6.16,12.77,8.1,21.24,18.85,378.09,37.7,10.029,Fail,1352.87,1508.56,UB 610x229x101,UC 305x305x118,101.2,118.0,170.82,243.85,22215.12
4925,5,3,3,3.23,7.11,5.82,20.54,14.82,18.52,16.15,77.3,32.3,2.3931,Fail,434.46,3286.7,UB 533x210x82,UC 305x305x118,82.2,118.0,76.69,163.92,94261.96
4926,5,3,2,4.49,5.79,5.01,17.56,14.2,5.86,22.45,68.48,44.9,1.5251,Fail,272.37,2488.78,UB 406x178x54,UC 305x305x118,54.3,118.0,90.86,123.64,56818.79
4927,1,3,3,3.66,7.6,5.03,25.36,9.68,8.87,3.66,3.47,7.32,0.4739,Pass,274.19,647.39,UB 533x210x82,UC 254x254x73,82.2,73.1,75.9,91.92,16738.97
4928,1,1,1,3.58,7.43,6.91,7.2,12.86,9.55,3.58,7.54,7.16,1.0536,Fail,130.07,215.41,UB 457x191x67,UC 203x203x60,67.1,60.0,65.59,87.5,2783.63
4929,5,1,2,3.03,4.64,6.14,28.69,11.78,10.14,15.15,68.92,30.3,2.2747,Fail,464.51,2687.15,UB 533x210x82,UC 305x305x118,82.2,118.0,82.0,138.76,26541.48
4930,5,3,1,3.96,5.8,5.68,13.15,9.38,16.75,19.8,125.98,39.6,3.1814,Fail,488.56,1398.04,UB 533x210x82,UC 305x305x118,82.2,118.0,86.24,137.72,42331.92
4931,2,3,1,3.99,5.49,6.28,20.97,8.1,13.47,7.98,21.74,15.96,1.3622,Fail,165.3,712.81,UB 356x171x45,UC 254x254x73,45.0,73.1,93.17,91.65,9892.1
4932,2,1,3,4.24,4.25,4.42,23.18,11.22,9.53,8.48,40.09,16.96,2.3637,Fail,253.51,722.38,UB 406x178x54,UC 254x254x89,54.3,89.0,84.57,98.61,10764.03
4933,5,1,1,3.41,5.76,4.19,15.81,5.97,14.96,17.05,169.73,34.1,4.9774,Fail,795.46,1115.47,UB 610x229x101,UC 305x305x118,101.2,118.0,100.44,147.3,18117.0
4934,1,2,3,4.21,4.26,4.39,24.01,10.01,22.69,4.21,16.57,8.42,1.9681,Fail,126.24,442.96,UB 305x165x40,UC 254x254x73,40.5,73.1,73.45,75.58,6673.41
4935,4,3,3,4.33,8.0,6.81,29.43,10.09,17.14,17.32,141.59,34.64,4.0876,Fail,576.38,3336.62,UB 610x229x101,UC 305x305x118,101.2,118.0,72.78,198.06,104641.22
4936,4,3,3,3.08,6.49,7.38,15.65,10.82,16.01,12.32,36.61,24.64,1.4857,Fail,263.05,2118.85,UB 406x178x54,UC 305x305x118,54.3,118.0,90.69,102.61,59410.93
4937,5,1,2,3.46,4.32,7.59,15.67,11.39,2.4,17.3,24.94,34.6,0.7209,Pass,208.93,2012.86,UB 356x171x45,UC 305x305x97,45.0,96.9,98.03,97.64,19805.22
4938,4,2,3,3.23,6.44,4.65,5.05,13.55,11.72,12.92,44.89,25.84,1.7374,Fail,263.76,1234.28,UB 406x178x54,UC 305x305x118,54.3,118.0,87.99,84.1,38574.68
4939,5,1,2,4.11,6.98,5.38,8.84,14.99,0.29,20.55,6.94,41.1,0.1689,Pass,135.75,1573.55,UB 457x191x67,UC 305x305x97,67.1,96.9,64.6,85.46,26193.1
4940,5,3,2,3.73,6.74,7.9,13.06,8.29,7.12,18.65,47.12,37.3,1.2632,Fail,229.39,2279.56,UB 406x178x54,UC 305x305x118,54.3,118.0,81.93,104.13,60036.39
4941,1,1,1,3.09,4.33,4.26,24.66,13.24,2.31,3.09,0.88,6.18,0.142,Pass,79.75,230.58,UB 305x165x40,UC 203x203x46,40.5,46.1,84.84,64.62,1265.59
4942,3,3,3,3.91,4.71,4.61,12.75,5.95,23.25,11.73,64.48,23.46,2.7484,Fail,341.36,762.24,UB 457x191x67,UC 305x305x118,67.1,118.0,85.61,95.04,44659.63
4943,4,2,3,4.44,6.44,6.36,26.07,13.23,23.31,17.76,267.8,35.52,7.5394,Fail,925.19,2904.85,UB 610x229x101,UC 305x305x118,101.2,118.0,116.82,277.22,69174.21
4944,2,2,1,3.9,4.15,4.04,26.52,12.53,5.81,7.8,10.93,15.6,0.7004,Pass,112.21,699.1,UB 305x165x40,UC 203x203x60,40.5,60.0,76.96,99.31,5134.32
4945,3,3,1,4.47,5.77,7.01,22.43,8.16,13.29,13.41,64.68,26.82,2.4116,Fail,298.82,1206.82,UB 406x178x54,UC 305x305x118,54.3,118.0,99.69,93.15,22866.35
4946,5,2,3,3.25,6.02,4.94,21.47,6.69,9.27,16.25,51.62,32.5,1.5884,Fail,295.28,2169.31,UB 406x178x54,UC 305x305x118,54.3,118.0,98.51,112.04,48156.33
4947,2,3,2,3.38,7.15,4.37,18.06,2.05,3.02,6.76,3.17,13.52,0.2346,Pass,132.26,665.14,UB 406x178x54,UC 203x203x60,54.3,60.0,92.13,94.72,15652.27
4948,3,2,2,3.9,7.11,6.69,14.27,14.66,5.27,11.7,24.89,23.4,1.0636,Fail,237.49,1809.28,UB 457x191x67,UC 305x305x97,67.1,96.9,82.89,97.52,26871.21
4949,5,2,2,4.21,4.99,7.62,10.12,6.7,12.61,21.05,156.81,42.1,3.7246,Fail,565.79,1542.19,UB 533x210x82,UC 305x305x118,82.2,118.0,99.87,162.26,53451.36
4950,2,3,2,3.36,5.85,7.59,25.4,3.95,24.52,6.72,21.95,13.44,1.6335,Fail,229.55,1143.84,UB 406x178x54,UC 305x305x97,54.3,96.9,76.58,82.89,20126.0
4951,2,1,2,3.35,6.79,4.38,10.11,6.54,18.55,6.7,41.96,13.4,3.1315,Fail,293.77,439.59,UB 406x178x54,UC 254x254x89,54.3,89.0,98.01,97.47,7692.65
4952,5,2,2,4.41,4.66,4.03,9.93,4.89,0.48,22.05,6.86,44.1,0.1555,Pass,49.78,897.03,UB 254x146x31,UC 203x203x60,31.1,60.0,79.7,94.54,20014.77
4953,4,3,2,4.29,5.3,5.3,18.08,14.99,7.62,17.16,49.94,34.32,1.455,Fail,243.72,2069.05,UB 406x178x54,UC 305x305x118,54.3,118.0,81.31,105.24,43868.28
4954,5,1,3,4.34,4.17,7.43,18.53,8.75,4.68,21.7,105.94,43.4,2.441,Fail,424.88,2090.4,UB 533x210x82,UC 305x305x118,82.2,118.0,75.0,125.4,45662.66
4955,3,3,2,4.12,6.31,7.47,23.73,2.3,10.69,12.36,40.55,24.72,1.6404,Fail,227.75,1546.95,UB 406x178x54,UC 305x305x118,54.3,118.0,81.97,85.32,36487.75
4956,2,3,3,3.54,6.03,5.85,10.44,2.25,1.51,7.08,1.7,14.16,0.12,Pass,60.86,429.03,UB 305x165x40,UC 203x203x46,40.5,46.1,76.72,68.28,16769.57
4957,3,3,1,4.24,4.54,4.57,10.07,11.19,2.07,12.72,7.61,25.44,0.299,Pass,71.48,630.89,UB 305x165x40,UC 203x203x60,40.5,60.0,54.86,76.02,11636.28
4958,4,2,2,4.27,4.25,5.48,26.25,10.27,11.23,17.08,93.86,34.16,2.7477,Fail,425.14,2047.79,UB 533x210x82,UC 305x305x118,82.2,118.0,75.05,145.67,37334.3
4959,1,1,2,4.15,7.32,7.5,28.43,7.77,23.12,4.15,30.62,8.3,3.6893,Fail,302.85,638.16,UB 533x210x82,UC 305x305x97,82.2,96.9,70.06,87.95,6683.92
4960,4,3,3,3.76,6.7,4.85,17.19,5.07,10.99,15.04,50.73,30.08,1.6866,Fail,258.94,1457.18,UB 406x178x54,UC 305x305x118,54.3,118.0,86.39,87.81,58499.44
4961,5,3,3,3.71,6.1,7.45,22.26,13.04,6.2,18.55,38.27,37.1,1.0316,Fail,251.12,3423.66,UB 457x191x67,UC 305x305x118,67.1,118.0,63.87,133.06,89574.7
4962,2,3,3,3.83,7.99,7.19,22.61,10.51,19.42,7.66,31.9,15.32,2.0825,Fail,328.19,1450.57,UB 533x210x82,UC 305x305x97,82.2,96.9,83.36,99.84,41823.17
4963,5,2,2,3.68,6.99,7.38,23.99,8.33,18.99,18.4,175.58,36.8,4.7711,Fail,694.86,3342.73,UB 610x229x101,UC 305x305x118,101.2,118.0,87.73,231.55,63168.12
4964,3,2,2,3.17,6.51,7.71,8.87,4.2,0.3,9.51,0.72,19.02,0.0376,Pass,106.56,820.84,UB 305x165x40,UC 203x203x60,40.5,60.0,99.43,84.65,15501.78
4965,2,2,2,4.25,6.71,7.2,8.29,9.36,18.34,8.5,56.32,17.0,3.3129,Fail,266.7,753.44,UB 406x178x54,UC 305x305x118,54.3,118.0,88.97,81.61,18090.76
4966,1,1,3,3.09,4.3,6.71,28.57,2.58,18.22,3.09,6.81,6.18,1.1013,Fail,185.3,410.49,UB 356x171x45,UC 203x203x60,45.0,60.0,86.95,83.71,4068.9
4967,5,3,3,3.3,6.4,5.36,5.92,7.0,21.22,16.5,89.44,33.0,2.7102,Fail,406.24,1113.91,UB 533x210x82,UC 305x305x118,82.2,118.0,71.71,115.85,89152.32
4968,2,3,3,3.23,4.56,5.52,29.36,8.71,18.27,6.46,12.86,12.92,0.9951,Pass,151.46,1100.22,UB 305x165x40,UC 254x254x89,40.5,89.0,99.53,81.92,18996.8
4969,1,2,3,3.28,6.03,6.8,24.87,3.38,1.43,3.28,0.51,6.56,0.0772,Pass,173.52,534.81,UB 406x178x54,UC 203x203x46,54.3,46.1,77.63,98.88,7757.09
4970,4,3,1,3.95,5.44,6.39,21.28,10.46,10.38,15.8,51.39,31.6,1.6262,Fail,269.58,1553.99,UB 406x178x54,UC 305x305x118,54.3,118.0,89.94,93.26,27556.24
4971,2,2,3,3.05,6.33,6.45,6.83,4.79,4.2,6.1,3.93,12.2,0.322,Pass,70.89,437.18,UB 305x165x40,UC 203x203x46,40.5,46.1,81.27,69.5,12178.41
4972,5,3,3,3.87,7.17,4.01,29.16,9.13,12.86,19.35,99.9,38.7,2.5814,Fail,452.22,3004.92,UB 533x210x82,UC 305x305x118,82.2,118.0,79.83,161.32,91672.56
4973,5,2,1,3.79,4.37,7.58,16.51,5.67,18.61,18.95,151.16,37.9,3.9883,Fail,674.07,1272.31,UB 610x229x101,UC 305x305x118,101.2,118.0,85.11,174.17,33767.92
4974,2,3,2,3.04,7.12,5.66,5.73,10.45,24.54,6.08,16.92,12.16,1.3916,Fail,161.45,629.83,UB 406x178x54,UC 254x254x73,54.3,73.1,73.2,86.18,17209.87
4975,5,2,2,4.17,5.09,7.21,17.2,12.13,21.01,20.85,254.82,41.7,6.1109,Fail,927.09,2625.8,UB 610x229x101,UC 305x305x118,101.2,118.0,117.06,268.33,59485.5
4976,2,2,3,4.07,7.97,7.41,10.31,9.27,23.82,8.14,67.78,16.28,4.1634,Fail,332.2,893.55,UB 457x191x67,UC 305x305x118,67.1,118.0,83.31,96.61,29032.63
4977,1,3,3,3.11,7.69,4.22,12.61,8.66,7.43,3.11,1.68,6.22,0.2706,Pass,171.5,374.57,UB 457x191x67,UC 203x203x60,67.1,60.0,77.11,82.72,12575.53
4978,2,1,3,4.48,6.28,5.95,28.96,6.89,17.9,8.96,107.52,17.92,5.9999,Fail,528.09,1028.15,UB 533x210x82,UC 305x305x118,82.2,118.0,93.22,119.79,18457.05
4979,3,1,1,3.83,6.22,7.84,6.64,8.83,18.67,11.49,132.16,22.98,5.7509,Fail,638.7,646.71,UB 610x229x101,UC 305x305x118,101.2,118.0,80.64,121.87,13960.51
4980,3,2,1,3.9,6.85,6.77,10.71,3.6,24.11,11.7,111.17,23.4,4.7509,Fail,475.32,624.7,UB 533x210x82,UC 305x305x118,82.2,118.0,83.9,124.29,20048.89
4981,3,3,3,3.66,5.55,4.87,8.28,4.76,3.32,10.98,7.84,21.96,0.3571,Pass,69.66,588.98,UB 305x165x40,UC 203x203x46,40.5,46.1,61.47,92.33,23291.21
4982,4,3,1,3.67,7.0,5.23,22.58,13.29,12.35,14.68,53.77,29.36,1.8315,Fail,338.1,1965.8,UB 457x191x67,UC 305x305x118,67.1,118.0,98.08,105.83,30745.65
4983,3,3,3,3.83,7.49,6.13,20.28,4.17,10.36,11.49,33.16,22.98,1.443,Fail,234.01,1413.51,UB 457x191x67,UC 305x305x97,67.1,96.9,81.9,90.91,50714.57
4984,1,2,1,3.57,4.52,5.81,26.92,3.16,22.2,3.57,8.91,7.14,1.248,Fail,111.58,322.29,UB 305x165x40,UC 203x203x60,40.5,60.0,76.59,77.43,2723.35
4985,1,1,3,3.52,4.39,4.17,29.34,12.73,11.49,3.52,6.96,7.04,0.9882,Pass,102.62,405.0,UB 305x165x40,UC 203x203x60,40.5,60.0,98.14,85.48,3414.09
4986,2,2,1,3.34,7.47,4.68,9.87,10.48,1.88,6.68,2.73,13.36,0.204,Pass,153.44,590.76,UB 457x191x67,UC 203x203x60,67.1,60.0,67.62,96.98,8298.86
4987,4,1,1,3.04,6.26,7.55,27.19,3.18,14.92,12.16,80.77,24.32,3.3213,Fail,522.33,1304.17,UB 533x210x82,UC 305x305x118,82.2,118.0,92.2,111.53,14820.98
4988,1,1,2,3.58,5.55,7.46,10.91,7.24,23.39,3.58,16.32,7.16,2.2788,Fail,153.93,312.73,UB 305x165x40,UC 254x254x73,40.5,73.1,89.56,72.42,3453.03
4989,4,1,2,3.24,6.53,5.13,6.21,11.27,23.9,12.96,164.31,25.92,6.339,Fail,847.1,1153.56,UB 610x229x101,UC 305x305x118,101.2,118.0,106.96,162.45,25412.21
4990,1,2,3,4.26,4.82,6.74,27.13,4.97,24.01,4.26,18.89,8.52,2.2175,Fail,195.7,547.77,UB 356x171x45,UC 254x254x73,45.0,73.1,91.82,86.23,8201.77
4991,3,1,1,4.43,6.84,5.68,13.14,2.89,7.81,13.29,95.98,26.58,3.611,Fail,388.67,505.3,UB 457x191x67,UC 305x305x97,67.1,96.9,97.47,93.18,10191.76
4992,5,2,2,4.41,5.94,4.14,27.36,10.65,20.25,22.05,320.72,44.1,7.2727,Fail,1022.9,2695.6,UB 610x229x101,UC 305x305x118,101.2,118.0,129.15,287.97,54019.98
4993,3,1,1,3.33,4.5,6.37,16.08,2.72,21.62,9.99,80.12,19.98,4.0102,Fail,558.1,668.36,UB 533x210x82,UC 305x305x118,82.2,118.0,98.52,107.92,10076.36
4994,5,1,2,4.46,5.91,4.37,26.06,6.39,15.79,22.3,452.57,44.6,10.1474,Fail,1447.11,2255.78,UB 610x229x101,UC 305x305x118,101.2,118.0,182.72,279.84,33604.66
4995,4,2,2,3.36,6.25,4.89,14.6,10.59,12.94,13.44,55.81,26.88,2.0763,Fail,320.38,1645.39,UB 457x191x67,UC 305x305x118,67.1,118.0,80.35,105.85,32213.14
4996,3,2,2,3.3,6.42,6.35,26.84,2.25,0.29,9.9,0.84,19.8,0.0426,Pass,156.94,1601.11,UB 406x178x54,UC 254x254x89,54.3,89.0,96.48,93.97,20411.3
4997,5,2,1,3.59,6.73,5.95,6.09,11.27,10.76,17.95,89.48,35.9,2.4925,Fail,371.75,1234.48,UB 457x191x67,UC 305x305x118,67.1,118.0,93.23,107.66,27728.93
4998,2,3,1,3.4,5.45,7.86,24.54,4.93,6.39,6.8,5.87,13.6,0.4314,Pass,179.09,772.4,UB 356x171x45,UC 254x254x73,45.0,73.1,92.41,95.36,9749.24
4999,3,2,3,4.07,6.91,7.8,14.71,11.66,16.07,12.21,86.43,24.42,3.5391,Fail,399.22,1710.14,UB 533x210x82,UC 305x305x118,82.2,118.0,70.47,129.32,48232.73
5000,1,1,3,3.16,6.58,6.39,8.51,4.2,2.37,3.16,1.15,6.32,0.1823,Pass,70.55,180.48,UB 305x165x40,UC 203x203x46,40.5,46.1,99.84,55.18,3784.14
